--
-- PostgreSQL database dump
--

\restrict pGzdkr14ATgIoIb6KnVoTw5TbO6LUsj6d8onf1CyWqAuLYJdgboPHk78yQOYYtp

-- Dumped from database version 18.1
-- Dumped by pg_dump version 18.1

SET statement_timeout = 0;
SET lock_timeout = 0;
SET idle_in_transaction_session_timeout = 0;
SET transaction_timeout = 0;
SET client_encoding = 'UTF8';
SET standard_conforming_strings = on;
SELECT pg_catalog.set_config('search_path', '', false);
SET check_function_bodies = false;
SET xmloption = content;
SET client_min_messages = warning;
SET row_security = off;

--
-- Name: public; Type: SCHEMA; Schema: -; Owner: spaco_jhusena_user
--

-- *not* creating schema, since initdb creates it


ALTER SCHEMA public OWNER TO spaco_jhusena_user;

SET default_tablespace = '';

SET default_table_access_method = heap;

--
-- Name: agendamentos_agendamento; Type: TABLE; Schema: public; Owner: spaco_jhusena_user
--

CREATE TABLE public.agendamentos_agendamento (
    id bigint NOT NULL,
    nome character varying(100) NOT NULL,
    email character varying(254) NOT NULL,
    data date NOT NULL,
    hora time without time zone NOT NULL,
    telefone character varying(20),
    criado_em timestamp with time zone NOT NULL,
    servico_id bigint NOT NULL,
    cliente character varying(100),
    status character varying(20) NOT NULL,
    pet_nome character varying(100) NOT NULL
);


ALTER TABLE public.agendamentos_agendamento OWNER TO spaco_jhusena_user;

--
-- Name: agendamentos_agendamento_id_seq; Type: SEQUENCE; Schema: public; Owner: spaco_jhusena_user
--

ALTER TABLE public.agendamentos_agendamento ALTER COLUMN id ADD GENERATED BY DEFAULT AS IDENTITY (
    SEQUENCE NAME public.agendamentos_agendamento_id_seq
    START WITH 1
    INCREMENT BY 1
    NO MINVALUE
    NO MAXVALUE
    CACHE 1
);


--
-- Name: auth_group; Type: TABLE; Schema: public; Owner: spaco_jhusena_user
--

CREATE TABLE public.auth_group (
    id integer NOT NULL,
    name character varying(150) NOT NULL
);


ALTER TABLE public.auth_group OWNER TO spaco_jhusena_user;

--
-- Name: auth_group_id_seq; Type: SEQUENCE; Schema: public; Owner: spaco_jhusena_user
--

ALTER TABLE public.auth_group ALTER COLUMN id ADD GENERATED BY DEFAULT AS IDENTITY (
    SEQUENCE NAME public.auth_group_id_seq
    START WITH 1
    INCREMENT BY 1
    NO MINVALUE
    NO MAXVALUE
    CACHE 1
);


--
-- Name: auth_group_permissions; Type: TABLE; Schema: public; Owner: spaco_jhusena_user
--

CREATE TABLE public.auth_group_permissions (
    id integer NOT NULL,
    group_id integer NOT NULL,
    permission_id integer NOT NULL
);


ALTER TABLE public.auth_group_permissions OWNER TO spaco_jhusena_user;

--
-- Name: auth_group_permissions_id_seq; Type: SEQUENCE; Schema: public; Owner: spaco_jhusena_user
--

ALTER TABLE public.auth_group_permissions ALTER COLUMN id ADD GENERATED BY DEFAULT AS IDENTITY (
    SEQUENCE NAME public.auth_group_permissions_id_seq
    START WITH 1
    INCREMENT BY 1
    NO MINVALUE
    NO MAXVALUE
    CACHE 1
);


--
-- Name: auth_permission; Type: TABLE; Schema: public; Owner: spaco_jhusena_user
--

CREATE TABLE public.auth_permission (
    id integer NOT NULL,
    name character varying(255) NOT NULL,
    content_type_id integer NOT NULL,
    codename character varying(100) NOT NULL
);


ALTER TABLE public.auth_permission OWNER TO spaco_jhusena_user;

--
-- Name: auth_permission_id_seq; Type: SEQUENCE; Schema: public; Owner: spaco_jhusena_user
--

ALTER TABLE public.auth_permission ALTER COLUMN id ADD GENERATED BY DEFAULT AS IDENTITY (
    SEQUENCE NAME public.auth_permission_id_seq
    START WITH 1
    INCREMENT BY 1
    NO MINVALUE
    NO MAXVALUE
    CACHE 1
);


--
-- Name: auth_user; Type: TABLE; Schema: public; Owner: spaco_jhusena_user
--

CREATE TABLE public.auth_user (
    id integer NOT NULL,
    password character varying(128) NOT NULL,
    last_login timestamp with time zone,
    is_superuser boolean NOT NULL,
    username character varying(150) NOT NULL,
    first_name character varying(150) NOT NULL,
    last_name character varying(150) NOT NULL,
    email character varying(254) NOT NULL,
    is_staff boolean NOT NULL,
    is_active boolean NOT NULL,
    date_joined timestamp with time zone NOT NULL
);


ALTER TABLE public.auth_user OWNER TO spaco_jhusena_user;

--
-- Name: auth_user_groups; Type: TABLE; Schema: public; Owner: spaco_jhusena_user
--

CREATE TABLE public.auth_user_groups (
    id integer NOT NULL,
    user_id integer NOT NULL,
    group_id integer NOT NULL
);


ALTER TABLE public.auth_user_groups OWNER TO spaco_jhusena_user;

--
-- Name: auth_user_groups_id_seq; Type: SEQUENCE; Schema: public; Owner: spaco_jhusena_user
--

ALTER TABLE public.auth_user_groups ALTER COLUMN id ADD GENERATED BY DEFAULT AS IDENTITY (
    SEQUENCE NAME public.auth_user_groups_id_seq
    START WITH 1
    INCREMENT BY 1
    NO MINVALUE
    NO MAXVALUE
    CACHE 1
);


--
-- Name: auth_user_id_seq; Type: SEQUENCE; Schema: public; Owner: spaco_jhusena_user
--

ALTER TABLE public.auth_user ALTER COLUMN id ADD GENERATED BY DEFAULT AS IDENTITY (
    SEQUENCE NAME public.auth_user_id_seq
    START WITH 1
    INCREMENT BY 1
    NO MINVALUE
    NO MAXVALUE
    CACHE 1
);


--
-- Name: auth_user_user_permissions; Type: TABLE; Schema: public; Owner: spaco_jhusena_user
--

CREATE TABLE public.auth_user_user_permissions (
    id integer NOT NULL,
    user_id integer NOT NULL,
    permission_id integer NOT NULL
);


ALTER TABLE public.auth_user_user_permissions OWNER TO spaco_jhusena_user;

--
-- Name: auth_user_user_permissions_id_seq; Type: SEQUENCE; Schema: public; Owner: spaco_jhusena_user
--

ALTER TABLE public.auth_user_user_permissions ALTER COLUMN id ADD GENERATED BY DEFAULT AS IDENTITY (
    SEQUENCE NAME public.auth_user_user_permissions_id_seq
    START WITH 1
    INCREMENT BY 1
    NO MINVALUE
    NO MAXVALUE
    CACHE 1
);


--
-- Name: django_admin_log; Type: TABLE; Schema: public; Owner: spaco_jhusena_user
--

CREATE TABLE public.django_admin_log (
    id integer NOT NULL,
    action_time timestamp with time zone NOT NULL,
    object_id text,
    object_repr character varying(200) NOT NULL,
    action_flag smallint NOT NULL,
    change_message text NOT NULL,
    content_type_id integer,
    user_id integer NOT NULL,
    CONSTRAINT django_admin_log_action_flag_check CHECK ((action_flag >= 0))
);


ALTER TABLE public.django_admin_log OWNER TO spaco_jhusena_user;

--
-- Name: django_admin_log_id_seq; Type: SEQUENCE; Schema: public; Owner: spaco_jhusena_user
--

ALTER TABLE public.django_admin_log ALTER COLUMN id ADD GENERATED BY DEFAULT AS IDENTITY (
    SEQUENCE NAME public.django_admin_log_id_seq
    START WITH 1
    INCREMENT BY 1
    NO MINVALUE
    NO MAXVALUE
    CACHE 1
);


--
-- Name: django_content_type; Type: TABLE; Schema: public; Owner: spaco_jhusena_user
--

CREATE TABLE public.django_content_type (
    id integer NOT NULL,
    app_label character varying(100) NOT NULL,
    model character varying(100) NOT NULL
);


ALTER TABLE public.django_content_type OWNER TO spaco_jhusena_user;

--
-- Name: django_content_type_id_seq; Type: SEQUENCE; Schema: public; Owner: spaco_jhusena_user
--

ALTER TABLE public.django_content_type ALTER COLUMN id ADD GENERATED BY DEFAULT AS IDENTITY (
    SEQUENCE NAME public.django_content_type_id_seq
    START WITH 1
    INCREMENT BY 1
    NO MINVALUE
    NO MAXVALUE
    CACHE 1
);


--
-- Name: django_migrations; Type: TABLE; Schema: public; Owner: spaco_jhusena_user
--

CREATE TABLE public.django_migrations (
    id integer NOT NULL,
    app character varying(255) NOT NULL,
    name character varying(255) NOT NULL,
    applied timestamp with time zone NOT NULL
);


ALTER TABLE public.django_migrations OWNER TO spaco_jhusena_user;

--
-- Name: django_migrations_id_seq; Type: SEQUENCE; Schema: public; Owner: spaco_jhusena_user
--

ALTER TABLE public.django_migrations ALTER COLUMN id ADD GENERATED BY DEFAULT AS IDENTITY (
    SEQUENCE NAME public.django_migrations_id_seq
    START WITH 1
    INCREMENT BY 1
    NO MINVALUE
    NO MAXVALUE
    CACHE 1
);


--
-- Name: django_session; Type: TABLE; Schema: public; Owner: spaco_jhusena_user
--

CREATE TABLE public.django_session (
    session_key character varying(40) NOT NULL,
    session_data text NOT NULL,
    expire_date timestamp with time zone NOT NULL
);


ALTER TABLE public.django_session OWNER TO spaco_jhusena_user;

--
-- Name: estoque_itemestoque; Type: TABLE; Schema: public; Owner: spaco_jhusena_user
--

CREATE TABLE public.estoque_itemestoque (
    id bigint NOT NULL,
    nome character varying(100) NOT NULL
);


ALTER TABLE public.estoque_itemestoque OWNER TO spaco_jhusena_user;

--
-- Name: estoque_itemestoque_id_seq; Type: SEQUENCE; Schema: public; Owner: spaco_jhusena_user
--

ALTER TABLE public.estoque_itemestoque ALTER COLUMN id ADD GENERATED BY DEFAULT AS IDENTITY (
    SEQUENCE NAME public.estoque_itemestoque_id_seq
    START WITH 1
    INCREMENT BY 1
    NO MINVALUE
    NO MAXVALUE
    CACHE 1
);


--
-- Name: estoque_loteproduto; Type: TABLE; Schema: public; Owner: spaco_jhusena_user
--

CREATE TABLE public.estoque_loteproduto (
    id bigint NOT NULL,
    codigo character varying(50) NOT NULL,
    validade date,
    criado_em timestamp with time zone NOT NULL,
    produto_id bigint NOT NULL
);


ALTER TABLE public.estoque_loteproduto OWNER TO spaco_jhusena_user;

--
-- Name: estoque_loteproduto_id_seq; Type: SEQUENCE; Schema: public; Owner: spaco_jhusena_user
--

ALTER TABLE public.estoque_loteproduto ALTER COLUMN id ADD GENERATED BY DEFAULT AS IDENTITY (
    SEQUENCE NAME public.estoque_loteproduto_id_seq
    START WITH 1
    INCREMENT BY 1
    NO MINVALUE
    NO MAXVALUE
    CACHE 1
);


--
-- Name: estoque_movimentoestoque; Type: TABLE; Schema: public; Owner: spaco_jhusena_user
--

CREATE TABLE public.estoque_movimentoestoque (
    id bigint NOT NULL,
    tipo character varying(1) NOT NULL,
    quantidade numeric(10,3) NOT NULL,
    data timestamp with time zone NOT NULL,
    observacao character varying(255) NOT NULL,
    produto_id bigint NOT NULL,
    lote_id bigint
);


ALTER TABLE public.estoque_movimentoestoque OWNER TO spaco_jhusena_user;

--
-- Name: estoque_movimentoestoque_id_seq; Type: SEQUENCE; Schema: public; Owner: spaco_jhusena_user
--

ALTER TABLE public.estoque_movimentoestoque ALTER COLUMN id ADD GENERATED BY DEFAULT AS IDENTITY (
    SEQUENCE NAME public.estoque_movimentoestoque_id_seq
    START WITH 1
    INCREMENT BY 1
    NO MINVALUE
    NO MAXVALUE
    CACHE 1
);


--
-- Name: estoque_produto; Type: TABLE; Schema: public; Owner: spaco_jhusena_user
--

CREATE TABLE public.estoque_produto (
    id bigint NOT NULL,
    nome character varying(120) NOT NULL,
    tipo character varying(8) NOT NULL,
    preco_venda numeric(10,2) NOT NULL,
    controla_estoque boolean NOT NULL,
    ativo boolean NOT NULL
);


ALTER TABLE public.estoque_produto OWNER TO spaco_jhusena_user;

--
-- Name: estoque_produto_id_seq; Type: SEQUENCE; Schema: public; Owner: spaco_jhusena_user
--

ALTER TABLE public.estoque_produto ALTER COLUMN id ADD GENERATED BY DEFAULT AS IDENTITY (
    SEQUENCE NAME public.estoque_produto_id_seq
    START WITH 1
    INCREMENT BY 1
    NO MINVALUE
    NO MAXVALUE
    CACHE 1
);


--
-- Name: financeiro_historicoia; Type: TABLE; Schema: public; Owner: spaco_jhusena_user
--

CREATE TABLE public.financeiro_historicoia (
    id bigint NOT NULL,
    texto text NOT NULL,
    tipo character varying(20) NOT NULL,
    criado_em timestamp with time zone NOT NULL,
    origem character varying(20) NOT NULL,
    usuario_id integer
);


ALTER TABLE public.financeiro_historicoia OWNER TO spaco_jhusena_user;

--
-- Name: financeiro_historicoia_id_seq; Type: SEQUENCE; Schema: public; Owner: spaco_jhusena_user
--

ALTER TABLE public.financeiro_historicoia ALTER COLUMN id ADD GENERATED BY DEFAULT AS IDENTITY (
    SEQUENCE NAME public.financeiro_historicoia_id_seq
    START WITH 1
    INCREMENT BY 1
    NO MINVALUE
    NO MAXVALUE
    CACHE 1
);


--
-- Name: financeiro_insight; Type: TABLE; Schema: public; Owner: spaco_jhusena_user
--

CREATE TABLE public.financeiro_insight (
    id bigint NOT NULL,
    created_at timestamp with time zone NOT NULL,
    title character varying(120) NOT NULL,
    text text NOT NULL,
    kind character varying(30) NOT NULL,
    categoria_dominante character varying(50) NOT NULL,
    score numeric(5,2) NOT NULL,
    generated_by character varying(16) NOT NULL
);


ALTER TABLE public.financeiro_insight OWNER TO spaco_jhusena_user;

--
-- Name: financeiro_insight_id_seq; Type: SEQUENCE; Schema: public; Owner: spaco_jhusena_user
--

ALTER TABLE public.financeiro_insight ALTER COLUMN id ADD GENERATED BY DEFAULT AS IDENTITY (
    SEQUENCE NAME public.financeiro_insight_id_seq
    START WITH 1
    INCREMENT BY 1
    NO MINVALUE
    NO MAXVALUE
    CACHE 1
);


--
-- Name: financeiro_recomendacaoia; Type: TABLE; Schema: public; Owner: spaco_jhusena_user
--

CREATE TABLE public.financeiro_recomendacaoia (
    id bigint NOT NULL,
    texto text NOT NULL,
    tipo character varying(20) NOT NULL,
    criado_em timestamp with time zone NOT NULL,
    usuario_id integer NOT NULL
);


ALTER TABLE public.financeiro_recomendacaoia OWNER TO spaco_jhusena_user;

--
-- Name: financeiro_recomendacaoia_id_seq; Type: SEQUENCE; Schema: public; Owner: spaco_jhusena_user
--

ALTER TABLE public.financeiro_recomendacaoia ALTER COLUMN id ADD GENERATED BY DEFAULT AS IDENTITY (
    SEQUENCE NAME public.financeiro_recomendacaoia_id_seq
    START WITH 1
    INCREMENT BY 1
    NO MINVALUE
    NO MAXVALUE
    CACHE 1
);


--
-- Name: financeiro_transacao; Type: TABLE; Schema: public; Owner: spaco_jhusena_user
--

CREATE TABLE public.financeiro_transacao (
    id bigint NOT NULL,
    tipo character varying(10) NOT NULL,
    descricao character varying(100) NOT NULL,
    valor numeric(10,2) NOT NULL,
    data date NOT NULL,
    categoria character varying(100),
    venda_id bigint
);


ALTER TABLE public.financeiro_transacao OWNER TO spaco_jhusena_user;

--
-- Name: financeiro_transacao_id_seq; Type: SEQUENCE; Schema: public; Owner: spaco_jhusena_user
--

ALTER TABLE public.financeiro_transacao ALTER COLUMN id ADD GENERATED BY DEFAULT AS IDENTITY (
    SEQUENCE NAME public.financeiro_transacao_id_seq
    START WITH 1
    INCREMENT BY 1
    NO MINVALUE
    NO MAXVALUE
    CACHE 1
);


--
-- Name: notificacoes_canalnotificacaousuario; Type: TABLE; Schema: public; Owner: spaco_jhusena_user
--

CREATE TABLE public.notificacoes_canalnotificacaousuario (
    id bigint NOT NULL,
    canal character varying(20) NOT NULL,
    destino character varying(100) NOT NULL,
    ativo boolean NOT NULL,
    criado_em timestamp with time zone NOT NULL,
    usuario_id integer NOT NULL
);


ALTER TABLE public.notificacoes_canalnotificacaousuario OWNER TO spaco_jhusena_user;

--
-- Name: notificacoes_canalnotificacaousuario_id_seq; Type: SEQUENCE; Schema: public; Owner: spaco_jhusena_user
--

ALTER TABLE public.notificacoes_canalnotificacaousuario ALTER COLUMN id ADD GENERATED BY DEFAULT AS IDENTITY (
    SEQUENCE NAME public.notificacoes_canalnotificacaousuario_id_seq
    START WITH 1
    INCREMENT BY 1
    NO MINVALUE
    NO MAXVALUE
    CACHE 1
);


--
-- Name: notificacoes_execucaoiaauto; Type: TABLE; Schema: public; Owner: spaco_jhusena_user
--

CREATE TABLE public.notificacoes_execucaoiaauto (
    id bigint NOT NULL,
    criado_em timestamp with time zone NOT NULL,
    origem character varying(32) NOT NULL,
    tipo character varying(20) NOT NULL,
    texto text NOT NULL,
    canal character varying(20) NOT NULL,
    sucesso_envio boolean NOT NULL,
    erro_envio text NOT NULL,
    meta jsonb,
    usuario_id integer
);


ALTER TABLE public.notificacoes_execucaoiaauto OWNER TO spaco_jhusena_user;

--
-- Name: notificacoes_execucaoiaauto_id_seq; Type: SEQUENCE; Schema: public; Owner: spaco_jhusena_user
--

ALTER TABLE public.notificacoes_execucaoiaauto ALTER COLUMN id ADD GENERATED BY DEFAULT AS IDENTITY (
    SEQUENCE NAME public.notificacoes_execucaoiaauto_id_seq
    START WITH 1
    INCREMENT BY 1
    NO MINVALUE
    NO MAXVALUE
    CACHE 1
);


--
-- Name: notificacoes_notificacao; Type: TABLE; Schema: public; Owner: spaco_jhusena_user
--

CREATE TABLE public.notificacoes_notificacao (
    id bigint NOT NULL,
    canal character varying(20) NOT NULL,
    destino character varying(100) NOT NULL,
    titulo character varying(200) NOT NULL,
    mensagem text NOT NULL,
    status character varying(20) NOT NULL,
    erro_msg text NOT NULL,
    criado_em timestamp with time zone NOT NULL,
    enviado_em timestamp with time zone,
    usuario_id integer
);


ALTER TABLE public.notificacoes_notificacao OWNER TO spaco_jhusena_user;

--
-- Name: notificacoes_notificacao_id_seq; Type: SEQUENCE; Schema: public; Owner: spaco_jhusena_user
--

ALTER TABLE public.notificacoes_notificacao ALTER COLUMN id ADD GENERATED BY DEFAULT AS IDENTITY (
    SEQUENCE NAME public.notificacoes_notificacao_id_seq
    START WITH 1
    INCREMENT BY 1
    NO MINVALUE
    NO MAXVALUE
    CACHE 1
);


--
-- Name: produtos_produto; Type: TABLE; Schema: public; Owner: spaco_jhusena_user
--

CREATE TABLE public.produtos_produto (
    id bigint NOT NULL,
    nome character varying(100) NOT NULL,
    codigo_barras character varying(13) NOT NULL,
    preco_venda numeric(10,2) NOT NULL,
    custo numeric(10,2) NOT NULL,
    estoque integer NOT NULL,
    categoria character varying(50) NOT NULL,
    unidade character varying(10) NOT NULL
);


ALTER TABLE public.produtos_produto OWNER TO spaco_jhusena_user;

--
-- Name: produtos_produto_id_seq; Type: SEQUENCE; Schema: public; Owner: spaco_jhusena_user
--

ALTER TABLE public.produtos_produto ALTER COLUMN id ADD GENERATED BY DEFAULT AS IDENTITY (
    SEQUENCE NAME public.produtos_produto_id_seq
    START WITH 1
    INCREMENT BY 1
    NO MINVALUE
    NO MAXVALUE
    CACHE 1
);


--
-- Name: servicos_servico; Type: TABLE; Schema: public; Owner: spaco_jhusena_user
--

CREATE TABLE public.servicos_servico (
    id bigint NOT NULL,
    nome character varying(100) NOT NULL,
    preco numeric(8,2) NOT NULL,
    duracao interval
);


ALTER TABLE public.servicos_servico OWNER TO spaco_jhusena_user;

--
-- Name: servicos_servico_id_seq; Type: SEQUENCE; Schema: public; Owner: spaco_jhusena_user
--

ALTER TABLE public.servicos_servico ALTER COLUMN id ADD GENERATED BY DEFAULT AS IDENTITY (
    SEQUENCE NAME public.servicos_servico_id_seq
    START WITH 1
    INCREMENT BY 1
    NO MINVALUE
    NO MAXVALUE
    CACHE 1
);


--
-- Name: usuarios_usuario; Type: TABLE; Schema: public; Owner: spaco_jhusena_user
--

CREATE TABLE public.usuarios_usuario (
    id bigint NOT NULL,
    nome character varying(100) NOT NULL
);


ALTER TABLE public.usuarios_usuario OWNER TO spaco_jhusena_user;

--
-- Name: usuarios_usuario_id_seq; Type: SEQUENCE; Schema: public; Owner: spaco_jhusena_user
--

ALTER TABLE public.usuarios_usuario ALTER COLUMN id ADD GENERATED BY DEFAULT AS IDENTITY (
    SEQUENCE NAME public.usuarios_usuario_id_seq
    START WITH 1
    INCREMENT BY 1
    NO MINVALUE
    NO MAXVALUE
    CACHE 1
);


--
-- Name: vendas_itemvenda; Type: TABLE; Schema: public; Owner: spaco_jhusena_user
--

CREATE TABLE public.vendas_itemvenda (
    id bigint NOT NULL,
    quantidade numeric(10,3) NOT NULL,
    preco_unitario numeric(10,2) NOT NULL,
    produto_id bigint NOT NULL,
    venda_id bigint NOT NULL
);


ALTER TABLE public.vendas_itemvenda OWNER TO spaco_jhusena_user;

--
-- Name: vendas_itemvenda_id_seq; Type: SEQUENCE; Schema: public; Owner: spaco_jhusena_user
--

ALTER TABLE public.vendas_itemvenda ALTER COLUMN id ADD GENERATED BY DEFAULT AS IDENTITY (
    SEQUENCE NAME public.vendas_itemvenda_id_seq
    START WITH 1
    INCREMENT BY 1
    NO MINVALUE
    NO MAXVALUE
    CACHE 1
);


--
-- Name: vendas_venda; Type: TABLE; Schema: public; Owner: spaco_jhusena_user
--

CREATE TABLE public.vendas_venda (
    id bigint NOT NULL,
    data timestamp with time zone NOT NULL,
    total numeric(10,2) NOT NULL,
    observacao character varying(255) NOT NULL
);


ALTER TABLE public.vendas_venda OWNER TO spaco_jhusena_user;

--
-- Name: vendas_venda_id_seq; Type: SEQUENCE; Schema: public; Owner: spaco_jhusena_user
--

ALTER TABLE public.vendas_venda ALTER COLUMN id ADD GENERATED BY DEFAULT AS IDENTITY (
    SEQUENCE NAME public.vendas_venda_id_seq
    START WITH 1
    INCREMENT BY 1
    NO MINVALUE
    NO MAXVALUE
    CACHE 1
);


--
-- Data for Name: agendamentos_agendamento; Type: TABLE DATA; Schema: public; Owner: spaco_jhusena_user
--

COPY public.agendamentos_agendamento (id, nome, email, data, hora, telefone, criado_em, servico_id, cliente, status, pet_nome) FROM stdin;
4	apalo	gm.sena@hotmail.com	2025-07-30	22:55:00	31994898165	2025-07-27 21:55:53.027-03	4	\N	pendente	Não informado
5	peter	gm.sena@hotmail.com	2025-08-07	23:40:00	997898165	2025-07-27 22:40:32.727-03	4	\N	agendado	Não informado
6	pretinha	gm.sena@hotmail.com	2025-07-30	21:06:00	31994898165	2025-07-28 19:06:22.237-03	3	\N	agendado	Não informado
7	pretinha	gm.sena@hotmail.com	2025-07-30	21:06:00	31994898165	2025-07-28 19:18:56.096-03	3	\N	agendado	Não informado
8	pretinha	gm.sena@hotmail.com	2025-07-30	21:06:00	31994898165	2025-07-28 19:19:53.703-03	3	\N	agendado	Não informado
9	pretinha	gm.sena@hotmail.com	2025-07-30	21:06:00	31994898165	2025-07-28 19:47:20.505-03	3	\N	agendado	Não informado
10	pretinha	gm.sena@hotmail.com	2025-07-30	21:06:00	31994898165	2025-07-28 20:16:07.458-03	3	\N	agendado	Não informado
11	apolo	gm.sena@hotmail.com	2025-09-09	06:00:00	\N	2025-09-07 15:10:50.948-03	2	\N	concluido	Não informado
12	Apolo	julioviana07@gmail.com	2025-12-16	15:00:00	994898165	2025-12-14 22:09:57.388-03	4	\N	concluido	Não informado
13	Apolo	julioviana07@gmail.com	2025-12-15	15:00:00	994898165	2025-12-14 22:18:09.118-03	4	\N	concluido	Não informado
14	Apolo	julioviana07@gmail.com	2025-12-15	15:00:00	994898165	2025-12-14 22:19:02.795-03	4	\N	concluido	Não informado
15	Apolo	julioviana07@gmail.com	2025-12-15	15:00:00	994898165	2025-12-14 22:19:10.62-03	4	\N	concluido	Não informado
16	Apolo	julioviana07@gmail.com	2025-12-15	15:00:00	994898165	2025-12-14 22:29:34.775-03	4	\N	concluido	Não informado
17	Apolo	gm.sena@htomail.com	2025-12-15	22:30:00	994898165	2025-12-14 22:30:59.173-03	4	\N	concluido	Não informado
18	Pet	gm.sena@htomail.com	2025-12-16	17:58:00	994898165	2025-12-14 22:58:29.341-03	4	\N	agendado	Não informado
19	julio	gm.sena@hotmail.com	2025-12-30	10:12:00	994898165	2025-12-14 23:07:24.559-03	4	pet	agendado	Não informado
20	Julio	gm.sena@hotmail.com	2025-12-30	14:00:00	994898165	2025-12-15 10:03:16.558-03	4	Simba	agendado	Não informado
21	carlos	gm.sena@hotmail.com	2025-12-23	10:00:00	994898165	2025-12-15 10:12:21.942-03	3	k9	agendado	Não informado
22	Aplo	gm.sena@hotmail.com	2025-12-17	12:25:00	994898165	2025-12-17 12:22:14.45-03	4	\N	agendado	Não informado
23	Aplo	gm.sena@hotmail.com	2025-12-17	12:25:00	994898165	2025-12-17 12:22:14.453-03	4	\N	agendado	Não informado
24	julio	gm.sena@hotmail.com	2026-01-04	16:09:00	994898165	2026-01-04 15:10:01.695182-03	4	\N	agendado	peter
\.


--
-- Data for Name: auth_group; Type: TABLE DATA; Schema: public; Owner: spaco_jhusena_user
--

COPY public.auth_group (id, name) FROM stdin;
\.


--
-- Data for Name: auth_group_permissions; Type: TABLE DATA; Schema: public; Owner: spaco_jhusena_user
--

COPY public.auth_group_permissions (id, group_id, permission_id) FROM stdin;
\.


--
-- Data for Name: auth_permission; Type: TABLE DATA; Schema: public; Owner: spaco_jhusena_user
--

COPY public.auth_permission (id, name, content_type_id, codename) FROM stdin;
1	Can add log entry	1	add_logentry
2	Can change log entry	1	change_logentry
3	Can delete log entry	1	delete_logentry
4	Can view log entry	1	view_logentry
5	Can add permission	2	add_permission
6	Can change permission	2	change_permission
7	Can delete permission	2	delete_permission
8	Can view permission	2	view_permission
9	Can add group	3	add_group
10	Can change group	3	change_group
11	Can delete group	3	delete_group
12	Can view group	3	view_group
13	Can add user	4	add_user
14	Can change user	4	change_user
15	Can delete user	4	delete_user
16	Can view user	4	view_user
17	Can add content type	5	add_contenttype
18	Can change content type	5	change_contenttype
19	Can delete content type	5	delete_contenttype
20	Can view content type	5	view_contenttype
21	Can add session	6	add_session
22	Can change session	6	change_session
23	Can delete session	6	delete_session
24	Can view session	6	view_session
25	Can add produto	7	add_produto
26	Can change produto	7	change_produto
27	Can delete produto	7	delete_produto
28	Can view produto	7	view_produto
29	Can add servico	8	add_servico
30	Can change servico	8	change_servico
31	Can delete servico	8	delete_servico
32	Can view servico	8	view_servico
33	Can add agendamento	9	add_agendamento
34	Can change agendamento	9	change_agendamento
35	Can delete agendamento	9	delete_agendamento
36	Can view agendamento	9	view_agendamento
37	Can add Venda	10	add_venda
38	Can change Venda	10	change_venda
39	Can delete Venda	10	delete_venda
40	Can view Venda	10	view_venda
41	Can add Item da venda	11	add_itemvenda
42	Can change Item da venda	11	change_itemvenda
43	Can delete Item da venda	11	delete_itemvenda
44	Can view Item da venda	11	view_itemvenda
45	Can add usuario	12	add_usuario
46	Can change usuario	12	change_usuario
47	Can delete usuario	12	delete_usuario
48	Can view usuario	12	view_usuario
49	Can add item estoque	13	add_itemestoque
50	Can change item estoque	13	change_itemestoque
51	Can delete item estoque	13	delete_itemestoque
52	Can view item estoque	13	view_itemestoque
53	Can add Produto	14	add_produto
54	Can change Produto	14	change_produto
55	Can delete Produto	14	delete_produto
56	Can view Produto	14	view_produto
57	Can add Lote de produto	15	add_loteproduto
58	Can change Lote de produto	15	change_loteproduto
59	Can delete Lote de produto	15	delete_loteproduto
60	Can view Lote de produto	15	view_loteproduto
61	Can add Movimento de estoque	16	add_movimentoestoque
62	Can change Movimento de estoque	16	change_movimentoestoque
63	Can delete Movimento de estoque	16	delete_movimentoestoque
64	Can view Movimento de estoque	16	view_movimentoestoque
65	Can add transacao	17	add_transacao
66	Can change transacao	17	change_transacao
67	Can delete transacao	17	delete_transacao
68	Can view transacao	17	view_transacao
69	Can add insight	18	add_insight
70	Can change insight	18	change_insight
71	Can delete insight	18	delete_insight
72	Can view insight	18	view_insight
73	Can add recomendacao ia	19	add_recomendacaoia
74	Can change recomendacao ia	19	change_recomendacaoia
75	Can delete recomendacao ia	19	delete_recomendacaoia
76	Can view recomendacao ia	19	view_recomendacaoia
77	Can add historico ia	20	add_historicoia
78	Can change historico ia	20	change_historicoia
79	Can delete historico ia	20	delete_historicoia
80	Can view historico ia	20	view_historicoia
81	Can add notificacao	21	add_notificacao
82	Can change notificacao	21	change_notificacao
83	Can delete notificacao	21	delete_notificacao
84	Can view notificacao	21	view_notificacao
85	Can add Canal de notificação do usuário	22	add_canalnotificacaousuario
86	Can change Canal de notificação do usuário	22	change_canalnotificacaousuario
87	Can delete Canal de notificação do usuário	22	delete_canalnotificacaousuario
88	Can view Canal de notificação do usuário	22	view_canalnotificacaousuario
89	Can add Execução IA automática	23	add_execucaoiaauto
90	Can change Execução IA automática	23	change_execucaoiaauto
91	Can delete Execução IA automática	23	delete_execucaoiaauto
92	Can view Execução IA automática	23	view_execucaoiaauto
\.


--
-- Data for Name: auth_user; Type: TABLE DATA; Schema: public; Owner: spaco_jhusena_user
--

COPY public.auth_user (id, password, last_login, is_superuser, username, first_name, last_name, email, is_staff, is_active, date_joined) FROM stdin;
4	pbkdf2_sha256$600000$6erq9up3K0FhTRMKBjLrk4$GCr6qK6YNqP9m7KTXi1WPFvjuUhC4Doo/wE80GsbtAQ=	2026-01-04 11:21:38.112756-03	t	sena				t	t	2026-01-04 10:44:50.38773-03
\.


--
-- Data for Name: auth_user_groups; Type: TABLE DATA; Schema: public; Owner: spaco_jhusena_user
--

COPY public.auth_user_groups (id, user_id, group_id) FROM stdin;
\.


--
-- Data for Name: auth_user_user_permissions; Type: TABLE DATA; Schema: public; Owner: spaco_jhusena_user
--

COPY public.auth_user_user_permissions (id, user_id, permission_id) FROM stdin;
\.


--
-- Data for Name: django_admin_log; Type: TABLE DATA; Schema: public; Owner: spaco_jhusena_user
--

COPY public.django_admin_log (id, action_time, object_id, object_repr, action_flag, change_message, content_type_id, user_id) FROM stdin;
1	2026-01-04 20:49:45.163461-03	3	vacina (val 26/11/2026)	1	[{"added": {}}]	15	4
2	2026-01-04 20:49:49.239431-03	42	Entrada de 1000 de vacina	1	[{"added": {}}]	16	4
3	2026-01-04 20:50:19.839569-03	42	Entrada de 1000.000 de vacina	2	[{"changed": {"fields": ["Observa\\u00e7\\u00e3o"]}}]	16	4
4	2026-01-04 20:51:56.480742-03	76	compra vacina - despesa - R$ 10000	1	[{"added": {}}]	17	4
5	2026-01-04 20:51:56.501117-03	77	compra vacina - despesa - R$ 10000	1	[{"added": {}}]	17	4
6	2026-01-04 20:51:56.578089-03	78	compra vacina - despesa - R$ 10000	1	[{"added": {}}]	17	4
7	2026-01-04 21:03:06.426501-03	78	compra vacina - despesa - R$ 10000.00	2	[]	17	4
8	2026-01-04 21:03:06.478553-03	78	compra vacina - despesa - R$ 10000.00	2	[]	17	4
\.


--
-- Data for Name: django_content_type; Type: TABLE DATA; Schema: public; Owner: spaco_jhusena_user
--

COPY public.django_content_type (id, app_label, model) FROM stdin;
1	admin	logentry
2	auth	permission
3	auth	group
4	auth	user
5	contenttypes	contenttype
6	sessions	session
7	produtos	produto
8	servicos	servico
9	agendamentos	agendamento
10	vendas	venda
11	vendas	itemvenda
12	usuarios	usuario
13	estoque	itemestoque
14	estoque	produto
15	estoque	loteproduto
16	estoque	movimentoestoque
17	financeiro	transacao
18	financeiro	insight
19	financeiro	recomendacaoia
20	financeiro	historicoia
21	notificacoes	notificacao
22	notificacoes	canalnotificacaousuario
23	notificacoes	execucaoiaauto
\.


--
-- Data for Name: django_migrations; Type: TABLE DATA; Schema: public; Owner: spaco_jhusena_user
--

COPY public.django_migrations (id, app, name, applied) FROM stdin;
1	contenttypes	0001_initial	2025-12-19 23:01:01.321547-03
2	auth	0001_initial	2025-12-19 23:01:01.52038-03
3	admin	0001_initial	2025-12-19 23:01:01.617627-03
4	admin	0002_logentry_remove_auto_add	2025-12-19 23:01:01.624946-03
5	admin	0003_logentry_add_action_flag_choices	2025-12-19 23:01:01.631721-03
6	servicos	0001_initial	2025-12-19 23:01:01.639408-03
7	agendamentos	0001_initial	2025-12-19 23:01:01.716662-03
8	agendamentos	0002_agendamento_cliente	2025-12-19 23:01:01.721849-03
9	agendamentos	0003_agendamento_status	2025-12-19 23:01:01.808309-03
10	agendamentos	0004_alter_agendamento_status	2025-12-19 23:01:01.814272-03
11	agendamentos	0005_alter_agendamento_status	2025-12-19 23:01:01.819151-03
12	contenttypes	0002_remove_content_type_name	2025-12-19 23:01:01.832435-03
13	auth	0002_alter_permission_name_max_length	2025-12-19 23:01:01.840201-03
14	auth	0003_alter_user_email_max_length	2025-12-19 23:01:01.849732-03
15	auth	0004_alter_user_username_opts	2025-12-19 23:01:01.857172-03
16	auth	0005_alter_user_last_login_null	2025-12-19 23:01:01.915805-03
17	auth	0006_require_contenttypes_0002	2025-12-19 23:01:01.92028-03
18	auth	0007_alter_validators_add_error_messages	2025-12-19 23:01:01.928616-03
19	auth	0008_alter_user_username_max_length	2025-12-19 23:01:01.939757-03
20	auth	0009_alter_user_last_name_max_length	2025-12-19 23:01:01.949184-03
21	auth	0010_alter_group_name_max_length	2025-12-19 23:01:02.008849-03
22	auth	0011_update_proxy_permissions	2025-12-19 23:01:02.019259-03
23	auth	0012_alter_user_first_name_max_length	2025-12-19 23:01:02.027124-03
24	estoque	0001_initial	2025-12-19 23:01:02.032385-03
25	estoque	0002_produto_movimentoestoque	2025-12-19 23:01:02.111013-03
26	vendas	0001_initial	2025-12-19 23:01:02.127057-03
27	vendas	0002_alter_itemvenda_preco_unitario_and_more	2025-12-19 23:01:02.135398-03
28	financeiro	0001_initial	2025-12-19 23:01:02.224116-03
29	financeiro	0002_metacategoria	2025-12-19 23:01:02.316546-03
30	financeiro	0003_metacategoriamensal	2025-12-19 23:01:02.327316-03
31	financeiro	0004_insight	2025-12-19 23:01:02.41086-03
32	financeiro	0005_alter_metacategoria_options_and_more	2025-12-19 23:01:02.52445-03
33	financeiro	0006_transacao_delete_despesa_delete_insight_and_more	2025-12-19 23:01:02.625917-03
34	financeiro	0007_insight	2025-12-19 23:01:02.715389-03
35	financeiro	0008_recomendacaoia	2025-12-19 23:01:02.730203-03
36	financeiro	0009_insight_generated_by	2025-12-19 23:01:02.81471-03
37	financeiro	0010_transacao_categoria	2025-12-19 23:01:02.819804-03
38	financeiro	0011_transacao_venda	2025-12-19 23:01:02.830555-03
39	financeiro	0012_historicoia	2025-12-19 23:01:02.912064-03
40	notificacoes	0001_initial	2025-12-19 23:01:02.931972-03
41	notificacoes	0002_canalnotificacaousuario	2025-12-19 23:01:03.031668-03
42	notificacoes	0003_execucaoiaauto	2025-12-19 23:01:03.109783-03
43	produtos	0001_initial	2025-12-19 23:01:03.209319-03
44	sessions	0001_initial	2025-12-19 23:01:03.326066-03
45	usuarios	0001_initial	2025-12-19 23:01:03.508908-03
46	estoque	0003_loteproduto_movimentoestoque_lote	2025-12-19 23:11:52.110612-03
47	agendamentos	0006_remove_agendamento_cliente_agendamento_pet_nome	2026-01-04 10:43:55.887656-03
\.


--
-- Data for Name: django_session; Type: TABLE DATA; Schema: public; Owner: spaco_jhusena_user
--

COPY public.django_session (session_key, session_data, expire_date) FROM stdin;
00jzmaqh0x898n35xjmnkef8xei8f2es	.eJxVjEEOwiAQRe_C2hAKSMGl-56BzDCDVA0kpV0Z765NutDtf-_9l4iwrSVunZc4k7gILU6_G0J6cN0B3aHemkytrsuMclfkQbucGvHzerh_BwV6-daDAaKBlCGP7mxdpuADJ9A5ZGROhI7RjMp6VpxGCyEhojcIWRPbLN4fGv455g:1v9Sjr:twgkRA0Yhlev_GiBDmoPrQy551jYoVyWJeu842iwuM0	2025-10-30 15:30:11.394-03
4vmcij96n8yqvypouakr0ksjv96g2cbg	.eJxVjEEOwiAQRe_C2hCL0AGX7j0DmRkGqRpISrsy3l2bdKHb_977LxVxXUpcu8xxSuqsjDr8boT8kLqBdMd6a5pbXeaJ9KbonXZ9bUmel939OyjYy7eWMZOFzBnBGTDGBIsWEWmEgQN7B0GcJU-QHXnPfJScggBni6cBQL0_AFs4sA:1vFvMz:xWmoZBi5aNPEocqMjW7JwIJpAHEqh2iTNYZDnd5Q3mk	2025-11-17 11:17:17.136-03
68cq31w42py2uq1sfg59qebz2wgiw33m	.eJxVjDsOgzAQRO_iOrKw8Tdles5g7bLrmCQyEoYqyt0DEkVSzrw38xYJtrWkrfGSJhJXocXlt0MYn1wPQA-o91mOc12XCeWhyJM2OczEr9vp_h0UaGVfO62iyWMwOvbUx-wtIDkdKVsVLXFgZNV1e0Qir4wO7D0acAYICIP4fAHiazh0:1vGNC1:qyxVxreM263kdSh_O1D7c7DTsmwV4IUSH3g4N5DAwPA	2025-11-18 16:59:49.753-03
69yhd2nkdf6qys0qsbleljmcudkep96i	.eJxVjDsOgzAQRO_iOrKw8Tdles5g7bLrmCQyEoYqyt0DEkVSzrw38xYJtrWkrfGSJhJXocXlt0MYn1wPQA-o91mOc12XCeWhyJM2OczEr9vp_h0UaGVfO62iyWMwOvbUx-wtIDkdKVsVLXFgZNV1e0Qir4wO7D0acAYICIP4fAHiazh0:1vVu28:6lQIDoqon5pytvZYRzhjyZ2kC9pCrtDCUoDRGNfd7YQ	2025-12-31 13:05:48.183-03
97038iovlj7pma8nijfccd8e9ilwqq9q	.eJxVjMsOwiAQRf-FtSGAPF269xvIzABSNZCUdmX8d9ukC92ec-59swjrUuM68hynxC5MstMvQ6BnbrtID2j3zqm3ZZ6Q7wk_7OC3nvLrerR_BxVG3dY-UXLaEhknBQFm5YMLwZAoFoLVwQmnvURlTVFkXUaPZUNnY5VKBOzzBd1SN4o:1uyK2N:ZsTJEvQ8sl_amN7bWvW74obsuEXrwlhmgrAZlHkVpwE	2025-09-29 21:59:15.604-03
bofghd31ry18d78kw5xlydtg2rgip2gp	.eJxVjDsOgzAQRO_iOrKw8Tdles5g7bLrmCQyEoYqyt0DEkVSzrw38xYJtrWkrfGSJhJXocXlt0MYn1wPQA-o91mOc12XCeWhyJM2OczEr9vp_h0UaGVfO62iyWMwOvbUx-wtIDkdKVsVLXFgZNV1e0Qir4wO7D0acAYICIP4fAHiazh0:1vLTG6:zgCHTnGUgkzOUFLGuvbRL8m6b0uqyycWcEJQCoFy_nM	2025-12-02 18:29:06.987-03
c8kispkaw55ndzbh5z97cupo25gi28ws	.eJxVjMsOwiAQRf-FtSE8OjxcuvcbCDCDVA0kpV0Z_12bdKHbe865LxbittawDVrCjOzMFDv9binmB7Ud4D22W-e5t3WZE98VftDBrx3peTncv4MaR_3WkymofFKAgDJqkxGKJECKojiDkKSUWoBQzlrQwqIBypPyBMWDA8feH-P7N08:1vVbou:-2TCvL1LPrNXpkP5tkvdAcbdi5w5xo4RtTc5J9GrCyI	2025-12-30 17:38:56.714-03
cjq0wvcj1jdcudfvuo3rrfw06857s47a	.eJxVjDsOgzAQRO_iOrKw8Tdles5g7bLrmCQyEoYqyt0DEkVSzrw38xYJtrWkrfGSJhJXocXlt0MYn1wPQA-o91mOc12XCeWhyJM2OczEr9vp_h0UaGVfO62iyWMwOvbUx-wtIDkdKVsVLXFgZNV1e0Qir4wO7D0acAYICIP4fAHiazh0:1vNidS:nW5QvjHavY6FzyRT74KipHJ_XkcmCNkFH3j-Rt8aeRY	2025-12-08 23:18:30.87-03
cp71sflj5606dj8fb4b5de567qikisxh	.eJxVjDEOgzAMRe-SuYpwIMZ07M4ZkB0nDW0VJAJT1btXSAzt-t97_20m3rc87TWu06zmasBcfjfh8IzlAPrgcl9sWMq2zmIPxZ602nHR-Lqd7t9B5pqPuku-SyCA7EKMCfwwkHKjFKAnUoc9hYAOvQIKJvKuxVa46QkksZjPF-5qOAw:1vEBsK:hp-0y-DApBS-gefNPYzksgNtJrzyMrKCH5kknZZg8i0	2025-11-12 16:30:28.912-03
d5gkercry5wr7b5psx8i0s1s3baptsyn	.eJxVjEEOwiAQRe_C2hAKSMGl-56BzDCDVA0kpV0Z765NutDtf-_9l4iwrSVunZc4k7gILU6_G0J6cN0B3aHemkytrsuMclfkQbucGvHzerh_BwV6-daDAaKBlCGP7mxdpuADJ9A5ZGROhI7RjMp6VpxGCyEhojcIWRPbLN4fGv455g:1v966h:cUjVV_ghK5gOiesR6i5cWFF7ks6Jqv7EC6GkU1-rjac	2025-10-29 15:20:15.927-03
e3av7rm28ugh1ly3rcfs860hiy9iaoiv	.eJxVjMsOwiAQRf-FtSGAPF269xvIzABSNZCUdmX8d9ukC92ec-59swjrUuM68hynxC5MstMvQ6BnbrtID2j3zqm3ZZ6Q7wk_7OC3nvLrerR_BxVG3dY-UXLaEhknBQFm5YMLwZAoFoLVwQmnvURlTVFkXUaPZUNnY5VKBOzzBd1SN4o:1utAef:oyHbMhyfTNLjID6HTEA6qZi6Z_gvnIhlxnzmm_1k-Rk	2025-09-15 16:57:29.183-03
g18jl9eca6l1n9rucca9f9ytikmbe5s8	.eJxVjMsOwiAQRf-FtSGAPF269xvIzABSNZCUdmX8d9ukC92ec-59swjrUuM68hynxC5MstMvQ6BnbrtID2j3zqm3ZZ6Q7wk_7OC3nvLrerR_BxVG3dY-UXLaEhknBQFm5YMLwZAoFoLVwQmnvURlTVFkXUaPZUNnY5VKBOzzBd1SN4o:1ugBWd:6_2DFTVZmsL-P0Rrc_KBNDM1Bux1E5d9qyo3LDPi6jc	2025-08-10 21:15:31.992-03
gdy7ek0677e9ewq6w81izkdupwj59yy0	.eJxVjDEOgzAMRe-SuYpwIMZ07M4ZkB0nDW0VJAJT1btXSAzt-t97_20m3rc87TWu06zmasBcfjfh8IzlAPrgcl9sWMq2zmIPxZ602nHR-Lqd7t9B5pqPuku-SyCA7EKMCfwwkHKjFKAnUoc9hYAOvQIKJvKuxVa46QkksZjPF-5qOAw:1vEBpK:Quhjl1XLYzYiTPWHdAoLAnqv-Yw0E4ljgoQqLX0BtEI	2025-11-12 16:27:22.401-03
gjsxkm33ahhbqkcsh8i8stjyp1fxrywa	.eJxVjMsOwiAQRf-FtSGAPF269xvIzABSNZCUdmX8d9ukC92ec-59swjrUuM68hynxC5MstMvQ6BnbrtID2j3zqm3ZZ6Q7wk_7OC3nvLrerR_BxVG3dY-UXLaEhknBQFm5YMLwZAoFoLVwQmnvURlTVFkXUaPZUNnY5VKBOzzBd1SN4o:1unHWG:NGJcOWYCl-pJk3T9r8m0jmIWZIEGUUB_u5PFRvZ7cow	2025-08-30 11:04:28.722-03
ic30bnpvek9uc90iwactqg3gbi679kfk	.eJxVjEEOwiAQRe_C2hCL0AGX7j0DmRkGqRpISrsy3l2bdKHb_977LxVxXUpcu8xxSuqsjDr8boT8kLqBdMd6a5pbXeaJ9KbonXZ9bUmel939OyjYy7eWMZOFzBnBGTDGBIsWEWmEgQN7B0GcJU-QHXnPfJScggBni6cBQL0_AFs4sA:1v9pIG:Ll_0q-IsmK861y7BGlR3Zk929f3DEewMBXFOW6jSZME	2025-10-31 15:35:12.355-03
ixtuoxru644njzh0ruo5q6f4w507a6fw	.eJxVjDsOgzAQRO_iOrKw8Tdles5g7bLrmCQyEoYqyt0DEkVSzrw38xYJtrWkrfGSJhJXocXlt0MYn1wPQA-o91mOc12XCeWhyJM2OczEr9vp_h0UaGVfO62iyWMwOvbUx-wtIDkdKVsVLXFgZNV1e0Qir4wO7D0acAYICIP4fAHiazh0:1vGNDu:21mPrh9jQkIx56vHWj0mqz6bpnDJP1i1ojNTxWNi3oc	2025-11-18 17:01:46.432-03
leen02iap2g3ltmqbsrtzqgruxlcjj2t	.eJxVjMsOwiAQRf-FtSGAPF269xvIzABSNZCUdmX8d9ukC92ec-59swjrUuM68hynxC5MstMvQ6BnbrtID2j3zqm3ZZ6Q7wk_7OC3nvLrerR_BxVG3dY-UXLaEhknBQFm5YMLwZAoFoLVwQmnvURlTVFkXUaPZUNnY5VKBOzzBd1SN4o:1v3P9X:nl1LB2p7aCE5j23NqN1ypacZAZ4che5dI8C0loOc7Jc	2025-10-13 22:27:39.889-03
mki1xx697lcib692dq3kw88zvy8472de	.eJxVjDEOgzAMRe-SuYpwIMZ07M4ZkB0nDW0VJAJT1btXSAzt-t97_20m3rc87TWu06zmasBcfjfh8IzlAPrgcl9sWMq2zmIPxZ602nHR-Lqd7t9B5pqPuku-SyCA7EKMCfwwkHKjFKAnUoc9hYAOvQIKJvKuxVa46QkksZjPF-5qOAw:1vEBlV:uA-cE5bofneE9i8SsSnqXclgFrcQvCfUCn3X2S9fYhA	2025-11-12 16:23:25.192-03
mvnep66ngrlbspdqbvbmv3esshr32ia8	.eJxVjDsOgzAQRO_iOrKw8Tdles5g7bLrmCQyEoYqyt0DEkVSzrw38xYJtrWkrfGSJhJXocXlt0MYn1wPQA-o91mOc12XCeWhyJM2OczEr9vp_h0UaGVfO62iyWMwOvbUx-wtIDkdKVsVLXFgZNV1e0Qir4wO7D0acAYICIP4fAHiazh0:1vVtKQ:yUw0BemPUZWF40xXFWNtuJyOW4R3rzETsFEaS6c49sI	2025-12-31 12:20:38.814-03
pqoyi4k2u1derrtlmsys71cill1bpvzl	.eJxVjEEOwiAQRe_C2hCL0AGX7j0DmRkGqRpISrsy3l2bdKHb_977LxVxXUpcu8xxSuqsjDr8boT8kLqBdMd6a5pbXeaJ9KbonXZ9bUmel939OyjYy7eWMZOFzBnBGTDGBIsWEWmEgQN7B0GcJU-QHXnPfJScggBni6cBQL0_AFs4sA:1vADWB:oPDvQUHso_CL_GoJxo0rEo0UY0GDDN3qff9sy2ZB4Zg	2025-11-01 17:27:11.934-03
v6st49kecael465kz23qwzgtvysgnysj	.eJxVjMsOwiAQRf-FtSGAPF269xvIzABSNZCUdmX8d9ukC92ec-59swjrUuM68hynxC5MstMvQ6BnbrtID2j3zqm3ZZ6Q7wk_7OC3nvLrerR_BxVG3dY-UXLaEhknBQFm5YMLwZAoFoLVwQmnvURlTVFkXUaPZUNnY5VKBOzzBd1SN4o:1ufr2T:uibnSRD00MV7kpzG3JDt4IAFk0D-X4t287lwWydXTlQ	2025-08-09 23:23:01.584-03
z2xfow5w9el7mhnd3l2vzwasf1x3jwe7	.eJxVjDEOgzAMRe-SuYpwIMZ07M4ZkB0nDW0VJAJT1btXSAzt-t97_20m3rc87TWu06zmasBcfjfh8IzlAPrgcl9sWMq2zmIPxZ602nHR-Lqd7t9B5pqPuku-SyCA7EKMCfwwkHKjFKAnUoc9hYAOvQIKJvKuxVa46QkksZjPF-5qOAw:1vEBoC:F4rzjm_-_LZ7lZON5bLZfXTdiwnFDFlc1ZQAb4Y8Fnw	2025-11-12 16:26:12.194-03
16izsonect1me337b5ue47hlztzqp8s7	.eJxVjDsOwyAQBe9CHSEtLOBNmT5nQCyf4CTCkrErK3ePLblI2jczbxM-rEv1a8-zH5O4Ci0uvxuH-MrtAOkZ2mOScWrLPLI8FHnSLu9Tyu_b6f4d1NDrXpekEFlZ0FgGLMRUlKYIWiNCdEBDMYYcA1k2bKJNlIGN26OCbJL4fAHHxDdd:1vX2a1:92-Pkg1m0UnbCyyZyUS5M82trja6leZqJlHZ89E5kv0	2026-01-03 16:25:29.951342-03
7xoso682ot4d1zs7nczisstxneas7ryy	.eJxVjMsOwiAQRf-FtSGAPF267zeQGQakaiAp7cr479qkC93ec859sQjbWuM28hJnYhem2el3Q0iP3HZAd2i3zlNv6zIj3xV-0MGnTvl5Pdy_gwqjfmthnMezlYGcVcUSKqtMIVlMkqgzCudNIB1AgQGdBVhRjE5KZ-tAoGfvD9MlN6E:1vcOQX:TRtgm4e1kCkU-CatkecxofuoDEMj3YM92Xv86RUfQNw	2026-01-18 10:45:49.888766-03
jmvx819owgarbnt7migyq0gkjjdl6cbc	.eJxVjMsOwiAQRf-FtSGAPF267zeQGQakaiAp7cr479qkC93ec859sQjbWuM28hJnYhem2el3Q0iP3HZAd2i3zlNv6zIj3xV-0MGnTvl5Pdy_gwqjfmthnMezlYGcVcUSKqtMIVlMkqgzCudNIB1AgQGdBVhRjE5KZ-tAoGfvD9MlN6E:1vcOzC:VDqNP0lbMuNDuTxBd0WQ6JE953c4keGwCACj2hX8cy8	2026-01-18 11:21:38.114387-03
\.


--
-- Data for Name: estoque_itemestoque; Type: TABLE DATA; Schema: public; Owner: spaco_jhusena_user
--

COPY public.estoque_itemestoque (id, nome) FROM stdin;
1	Cama pet
\.


--
-- Data for Name: estoque_loteproduto; Type: TABLE DATA; Schema: public; Owner: spaco_jhusena_user
--

COPY public.estoque_loteproduto (id, codigo, validade, criado_em, produto_id) FROM stdin;
1		2025-12-08	2025-12-09 13:11:47.897-03	2
2		2025-12-09	2025-12-11 14:21:49.508-03	4
3		2026-11-26	2026-01-04 20:49:45.161172-03	3
\.


--
-- Data for Name: estoque_movimentoestoque; Type: TABLE DATA; Schema: public; Owner: spaco_jhusena_user
--

COPY public.estoque_movimentoestoque (id, tipo, quantidade, data, observacao, produto_id, lote_id) FROM stdin;
1	E	5.000	2025-11-17 13:13:26.6-03	Estoque inicial (5 sacos)	2	\N
2	S	1.000	2025-11-17 16:13:30.487-03	Venda #5	2	\N
3	S	1.000	2025-11-18 18:33:34.776-03	Venda #6	3	\N
4	S	2.000	2025-11-18 18:42:26.342-03	Venda #7	3	\N
5	S	3.000	2025-11-21 21:56:25.78-03	Venda #8 (ajuste item)	2	\N
6	S	3.000	2025-11-21 21:56:25.787-03	Venda #8	2	\N
7	S	0.000	2025-12-02 18:57:28.927-03	Venda #9	3	\N
8	S	0.000	2025-12-02 18:57:38.333-03	Venda #10	3	\N
9	S	1.000	2025-12-02 19:03:33.424-03	Venda #11 (ajuste item)	3	\N
10	S	1.000	2025-12-02 19:03:33.437-03	Venda #11	3	\N
11	S	1.000	2025-12-02 19:03:33.468-03	Venda #12 (ajuste item)	3	\N
12	S	1.000	2025-12-02 19:03:33.479-03	Venda #12	3	\N
13	S	2.000	2025-12-02 19:03:58.586-03	Venda #13 (ajuste item)	2	\N
14	S	2.000	2025-12-02 19:03:58.599-03	Venda #13	2	\N
15	S	2.000	2025-12-02 19:03:58.632-03	Venda #14 (ajuste item)	2	\N
16	S	2.000	2025-12-02 19:03:58.641-03	Venda #14	2	\N
17	S	1.000	2025-12-08 19:45:14.328-03	Venda #15 (ajuste item)	4	\N
19	E	1.000	2025-12-08 20:17:38.738-03	Ajuste de saldo inicial	4	\N
20	E	5.000	2025-12-08 20:34:23.43-03	Estoque inicial	4	\N
21	S	1.000	2025-12-08 20:36:15.942-03	Venda #16 (ajuste item)	4	\N
22	S	1.000	2025-12-08 20:36:15.955-03	Venda #16	4	\N
23	E	5.000	2025-12-08 20:46:57.156-03	ajuste de estoque	4	\N
24	S	1.000	2025-12-08 20:47:53.714-03	Venda #17 (ajuste item)	4	\N
25	S	1.000	2025-12-08 20:47:53.764-03	Venda #18 (ajuste item)	4	\N
26	S	1.000	2025-12-08 20:50:30.242-03	Venda #19 (ajuste item)	4	\N
27	S	1.000	2025-12-08 20:50:30.308-03	Venda #20 (ajuste item)	4	\N
28	S	1.000	2025-12-08 21:34:25.553-03	Venda #21 (ajuste item)	4	\N
29	S	1.000	2025-12-08 21:38:14.338-03	Venda #22 (ajuste item)	4	\N
30	E	5.000	2025-12-08 21:43:16.864-03	Estoque inicial	4	\N
31	S	1.000	2025-12-08 21:43:59.744-03	Venda #23 (ajuste item)	4	\N
32	S	6.000	2025-12-08 22:14:09.259-03	Venda #24 (ajuste item)	4	\N
33	E	10.000	2025-12-08 22:34:05.742-03	comprado no carrefour	4	\N
34	E	27.000	2025-12-08 22:37:07.976-03	Regularização inicial	3	\N
35	E	20.000	2025-12-08 22:37:36.745-03	Regularização inicial	2	\N
36	S	10.000	2025-12-09 12:07:24.462-03	Venda #25 (ajuste item)	4	\N
37	E	20.000	2025-12-09 13:15:05.028-03	"Estoque inicial" (opcional)	2	1
38	S	2.000	2025-12-10 17:18:18.904-03	Venda #27 (ajuste item)	2	\N
39	S	1.000	2025-12-10 17:47:05.772-03	Venda #28 (ajuste item)	2	1
40	E	4.000	2025-12-10 23:06:50.61-03		2	1
41	E	30.000	2025-12-11 14:21:51.934-03	Nova compra	4	2
42	E	1000.000	2026-01-04 20:49:49.232447-03	nova compra	3	3
\.


--
-- Data for Name: estoque_produto; Type: TABLE DATA; Schema: public; Owner: spaco_jhusena_user
--

COPY public.estoque_produto (id, nome, tipo, preco_venda, controla_estoque, ativo) FROM stdin;
1	Banho completo	SERVICO	70.00	f	t
2	Ração Premium 10kg	SERVICO	210.00	t	t
3	vacina	PRODUTO	150.00	t	t
4	Cama pet	PRODUTO	200.00	t	t
5	Cama pet	PRODUTO	200.00	t	t
\.


--
-- Data for Name: financeiro_historicoia; Type: TABLE DATA; Schema: public; Owner: spaco_jhusena_user
--

COPY public.financeiro_historicoia (id, texto, tipo, criado_em, origem, usuario_id) FROM stdin;
\.


--
-- Data for Name: financeiro_insight; Type: TABLE DATA; Schema: public; Owner: spaco_jhusena_user
--

COPY public.financeiro_insight (id, created_at, title, text, kind, categoria_dominante, score, generated_by) FROM stdin;
2	2025-10-06 15:11:37.481-03	Dica piloto	Mantenha o registro diário de receitas e despesas para ver tendências semanais	financeiro		0.00	manual
3	2025-10-06 15:44:41.921-03	Dica gerada em 06/10 15:44	Registre receitas e despesas diariamente. Em 7 dias, você já enxerga padrões claros.	financeiro	rotina	75.00	manual
4	2025-10-07 18:29:08.153-03	Dica gerada em 07/10 18:29	Registre receitas e despesas diariamente. Em 7 dias, você já enxerga padrões claros.	financeiro	rotina	75.00	manual
5	2025-10-08 10:45:30.89-03	Dica gerada em 08/10 10:45	Registre receitas e despesas diariamente. Em 7 dias, você já enxerga padrões claros.	financeiro	rotina	75.00	manual
6	2025-10-08 11:11:47.37-03	Dica gerada em 08/10 11:11	Registre receitas e despesas diariamente. Em 7 dias, você já enxerga padrões claros.	financeiro	rotina	75.00	manual
7	2025-10-08 11:11:48.345-03	Dica gerada em 08/10 11:11	Registre receitas e despesas diariamente. Em 7 dias, você já enxerga padrões claros.	financeiro	rotina	75.00	manual
8	2025-10-08 14:54:03.652-03	Dica gerada em 08/10 14:54	Registre receitas e despesas diariamente. Em 7 dias, você já enxerga padrões claros.	financeiro	rotina	75.00	manual
9	2025-10-08 14:59:27.635-03	Dica gerada em 08/10 14:59	Registre receitas e despesas diariamente. Em 7 dias, você já enxerga padrões claros.	financeiro	rotina	75.00	manual
10	2025-10-08 14:59:28.497-03	Dica gerada em 08/10 14:59	Registre receitas e despesas diariamente. Em 7 dias, você já enxerga padrões claros.	financeiro	rotina	75.00	manual
11	2025-10-09 21:37:29.678-03	Dica gerada em 09/10 21:37	Registre receitas e despesas diariamente. Em 7 dias, você já enxerga padrões claros.	financeiro	rotina	75.00	manual
12	2025-10-09 21:37:31.79-03	Dica gerada em 09/10 21:37	Registre receitas e despesas diariamente. Em 7 dias, você já enxerga padrões claros.	financeiro	rotina	75.00	manual
13	2025-10-09 21:37:31.814-03	Dica gerada em 09/10 21:37	Registre receitas e despesas diariamente. Em 7 dias, você já enxerga padrões claros.	financeiro	rotina	75.00	manual
14	2025-10-09 21:37:33.238-03	Dica gerada em 09/10 21:37	Registre receitas e despesas diariamente. Em 7 dias, você já enxerga padrões claros.	financeiro	rotina	75.00	manual
15	2025-10-09 21:38:07.781-03	Dica gerada em 09/10 21:38	Registre receitas e despesas diariamente. Em 7 dias, você já enxerga padrões claros.	financeiro	rotina	75.00	manual
16	2025-10-09 21:44:24.147-03	Dica gerada em 09/10 21:44	Registre receitas e despesas diariamente. Em 7 dias, você já enxerga padrões claros.	financeiro	rotina	75.00	manual
17	2025-10-09 22:15:22.425-03	Dica gerada em 09/10 22:15	Registre receitas e despesas diariamente. Em 7 dias, você já enxerga padrões claros.	financeiro	rotina	75.00	manual
18	2025-10-10 12:18:35.99-03	Dica gerada em 10/10 12:18	Registre receitas e despesas diariamente. Em 7 dias, você já enxerga padrões claros.	financeiro	rotina	75.00	manual
19	2025-10-10 15:56:29.839-03	Dica gerada em 10/10 15:56	Registre receitas e despesas diariamente. Em 7 dias, você já enxerga padrões claros.	financeiro	rotina	75.00	manual
20	2025-10-10 16:05:26.468-03	Dica gerada em 10/10 16:05	Registre receitas e despesas diariamente. Em 7 dias, você já enxerga padrões claros.	financeiro	rotina	75.00	manual
21	2025-10-10 16:06:51.034-03	Dica gerada em 10/10 16:06	Registre receitas e despesas diariamente. Em 7 dias, você já enxerga padrões claros.	financeiro	rotina	75.00	manual
22	2025-10-10 16:20:12.86-03	Dica gerada em 10/10 16:20	Registre receitas e despesas diariamente. Em 7 dias, você já enxerga padrões claros.	financeiro	rotina	75.00	manual
23	2025-10-10 16:20:45.387-03	Dica gerada em 10/10 16:20	Registre receitas e despesas diariamente. Em 7 dias, você já enxerga padrões claros.	financeiro	rotina	75.00	manual
24	2025-10-10 16:24:09.13-03	Dica gerada em 10/10 16:24	Registre receitas e despesas diariamente. Em 7 dias, você já enxerga padrões claros.	financeiro	rotina	75.00	manual
25	2025-10-10 16:34:16.325-03	Dica gerada em 10/10 16:34	Registre receitas e despesas diariamente. Em 7 dias, você já enxerga padrões claros.	financeiro	rotina	75.00	manual
26	2025-10-10 16:34:16.346-03	Dica gerada em 10/10 16:34	Registre receitas e despesas diariamente. Em 7 dias, você já enxerga padrões claros.	financeiro	rotina	75.00	manual
27	2025-10-10 16:44:34.215-03	Dica gerada em 10/10 16:44	Registre receitas e despesas diariamente. Em 7 dias, você já enxerga padrões claros.	financeiro	rotina	75.00	manual
28	2025-10-10 20:42:10.699-03	Dica gerada em 10/10 20:42	Registre receitas e despesas diariamente. Em 7 dias, você já enxerga padrões claros.	financeiro	rotina	75.00	manual
29	2025-10-10 20:54:04.275-03	Dica gerada em 10/10 20:54	Registre receitas e despesas diariamente. Em 7 dias, você já enxerga padrões claros.	financeiro	rotina	75.00	manual
30	2025-10-10 21:30:25.243-03	Dica gerada em 10/10 21:30	Registre receitas e despesas diariamente. Em 7 dias, você já enxerga padrões claros.	financeiro	rotina	75.00	manual
31	2025-10-10 21:35:00.647-03	Dica gerada em 10/10 21:35	Registre receitas e despesas diariamente. Em 7 dias, você já enxerga padrões claros.	financeiro	rotina	75.00	manual
32	2025-10-10 21:43:23.145-03	Dica gerada em 10/10 21:43	Registre receitas e despesas diariamente. Em 7 dias, você já enxerga padrões claros.	financeiro	rotina	75.00	manual
33	2025-10-10 21:43:23.168-03	Dica gerada em 10/10 21:43	Registre receitas e despesas diariamente. Em 7 dias, você já enxerga padrões claros.	financeiro	rotina	75.00	manual
34	2025-10-10 22:28:57.436-03	Dica gerada em 10/10 22:28	Registre receitas e despesas diariamente. Em 7 dias, você já enxerga padrões claros.	financeiro	rotina	75.00	manual
35	2025-10-10 22:31:51.761-03	Dica gerada em 10/10 22:31	Registre receitas e despesas diariamente. Em 7 dias, você já enxerga padrões claros.	financeiro	rotina	75.00	manual
36	2025-10-10 22:46:42.375-03	Dica gerada em 10/10 22:46	Registre receitas e despesas diariamente. Em 7 dias, você já enxerga padrões claros.	financeiro	rotina	75.00	manual
37	2025-10-11 11:36:00.218-03	Dica gerada em 11/10 11:36	Registre receitas e despesas diariamente. Em 7 dias, você já enxerga padrões claros.	financeiro	rotina	75.00	manual
38	2025-10-11 12:36:15.479-03	Dica gerada em 11/10 12:36	Registre receitas e despesas diariamente. Em 7 dias, você já enxerga padrões claros.	financeiro	rotina	75.00	manual
39	2025-10-11 12:36:24.839-03	Dica gerada em 11/10 12:36	Registre receitas e despesas diariamente. Em 7 dias, você já enxerga padrões claros.	financeiro	rotina	75.00	manual
40	2025-10-11 12:37:02.526-03	Dica gerada em 11/10 12:37	Registre receitas e despesas diariamente. Em 7 dias, você já enxerga padrões claros.	financeiro	rotina	75.00	manual
41	2025-10-11 12:44:04.203-03	Dica gerada em 11/10 12:44	Registre receitas e despesas diariamente. Em 7 dias, você já enxerga padrões claros.	financeiro	rotina	75.00	manual
42	2025-10-11 12:44:04.232-03	Dica gerada em 11/10 12:44	Registre receitas e despesas diariamente. Em 7 dias, você já enxerga padrões claros.	financeiro	rotina	75.00	manual
43	2025-10-11 12:47:53.008-03	Dica gerada em 11/10 12:47	Registre receitas e despesas diariamente. Em 7 dias, você já enxerga padrões claros.	financeiro	rotina	75.00	manual
44	2025-10-11 13:28:30.508-03	Dica gerada em 11/10 13:28	Registre receitas e despesas diariamente. Em 7 dias, você já enxerga padrões claros.	financeiro	rotina	75.00	manual
45	2025-10-11 13:28:30.531-03	Dica gerada em 11/10 13:28	Registre receitas e despesas diariamente. Em 7 dias, você já enxerga padrões claros.	financeiro	rotina	75.00	manual
46	2025-10-11 15:33:44.318-03	Dica gerada em 11/10 15:33	Registre receitas e despesas diariamente. Em 7 dias, você já enxerga padrões claros.	financeiro	rotina	75.00	manual
47	2025-10-11 15:34:23.43-03	Dica gerada em 11/10 15:34	Registre receitas e despesas diariamente. Em 7 dias, você já enxerga padrões claros.	financeiro	rotina	75.00	manual
48	2025-10-11 15:37:40.963-03	Dica gerada em 11/10 15:37	Registre receitas e despesas diariamente. Em 7 dias, você já enxerga padrões claros.	financeiro	rotina	75.00	manual
49	2025-10-11 15:57:27.062-03	Dica gerada em 11/10 15:57	Registre receitas e despesas diariamente. Em 7 dias, você já enxerga padrões claros.	financeiro	rotina	75.00	manual
50	2025-10-11 15:58:45.692-03	Dica gerada em 11/10 15:58	Registre receitas e despesas diariamente. Em 7 dias, você já enxerga padrões claros.	financeiro	rotina	75.00	manual
51	2025-10-12 19:03:32.705-03	Dica gerada em 12/10 19:03	Registre receitas e despesas diariamente. Em 7 dias, você já enxerga padrões claros.	financeiro	rotina	75.00	manual
52	2025-10-12 19:46:48.748-03	Dica gerada em 12/10 19:46	Registre receitas e despesas diariamente. Em 7 dias, você já enxerga padrões claros.	financeiro	rotina	75.00	manual
53	2025-10-12 19:46:48.778-03	Dica gerada em 12/10 19:46	Registre receitas e despesas diariamente. Em 7 dias, você já enxerga padrões claros.	financeiro	rotina	75.00	manual
54	2025-10-12 20:02:15.69-03	Dica gerada em 12/10 20:02	Registre receitas e despesas diariamente. Em 7 dias, você já enxerga padrões claros.	financeiro	rotina	75.00	manual
55	2025-10-12 20:03:51.272-03	Dica gerada em 12/10 20:03	Registre receitas e despesas diariamente. Em 7 dias, você já enxerga padrões claros.	financeiro	rotina	75.00	manual
56	2025-10-12 20:03:53.281-03	Dica gerada em 12/10 20:03	Registre receitas e despesas diariamente. Em 7 dias, você já enxerga padrões claros.	financeiro	rotina	75.00	manual
57	2025-10-12 20:25:21.378-03	Dica gerada em 12/10 20:25	Registre receitas e despesas diariamente. Em 7 dias, você já enxerga padrões claros.	financeiro	rotina	75.00	manual
58	2025-10-12 20:25:26.801-03	Dica gerada em 12/10 20:25	Registre receitas e despesas diariamente. Em 7 dias, você já enxerga padrões claros.	financeiro	rotina	75.00	manual
59	2025-10-12 20:50:23.788-03	Dica gerada em 12/10 20:50	Registre receitas e despesas diariamente. Em 7 dias, você já enxerga padrões claros.	financeiro	rotina	75.00	manual
60	2025-10-12 20:56:37.247-03	Dica gerada em 12/10 20:56	Registre receitas e despesas diariamente. Em 7 dias, você já enxerga padrões claros.	financeiro	rotina	75.00	manual
61	2025-10-12 20:56:37.27-03	Dica gerada em 12/10 20:56	Registre receitas e despesas diariamente. Em 7 dias, você já enxerga padrões claros.	financeiro	rotina	75.00	manual
62	2025-10-12 20:59:13.445-03	Dica gerada em 12/10 20:59	Registre receitas e despesas diariamente. Em 7 dias, você já enxerga padrões claros.	financeiro	rotina	75.00	manual
63	2025-10-12 20:59:14.279-03	Dica gerada em 12/10 20:59	Registre receitas e despesas diariamente. Em 7 dias, você já enxerga padrões claros.	financeiro	rotina	75.00	manual
64	2025-10-12 20:59:14.308-03	Dica gerada em 12/10 20:59	Registre receitas e despesas diariamente. Em 7 dias, você já enxerga padrões claros.	financeiro	rotina	75.00	manual
65	2025-10-12 20:59:14.87-03	Dica gerada em 12/10 20:59	Registre receitas e despesas diariamente. Em 7 dias, você já enxerga padrões claros.	financeiro	rotina	75.00	manual
66	2025-10-12 21:07:06.593-03	Dica gerada em 12/10 21:07	Registre receitas e despesas diariamente. Em 7 dias, você já enxerga padrões claros.	financeiro	rotina	75.00	manual
67	2025-10-12 21:11:45.398-03	Dica gerada em 12/10 21:11	Registre receitas e despesas diariamente. Em 7 dias, você já enxerga padrões claros.	financeiro	rotina	75.00	manual
68	2025-10-12 21:11:46.349-03	Dica gerada em 12/10 21:11	Registre receitas e despesas diariamente. Em 7 dias, você já enxerga padrões claros.	financeiro	rotina	75.00	manual
69	2025-10-12 21:11:46.381-03	Dica gerada em 12/10 21:11	Registre receitas e despesas diariamente. Em 7 dias, você já enxerga padrões claros.	financeiro	rotina	75.00	manual
70	2025-10-13 15:14:59.619-03	Dica gerada em 13/10 15:14	Registre receitas e despesas diariamente. Em 7 dias, você já enxerga padrões claros.	financeiro	rotina	75.00	manual
71	2025-10-13 18:35:44.822-03	Dica gerada em 13/10 18:35	Registre receitas e despesas diariamente. Em 7 dias, você já enxerga padrões claros.	financeiro	rotina	75.00	manual
72	2025-10-13 18:52:21.651-03	Dica gerada em 13/10 18:52	Registre receitas e despesas diariamente. Em 7 dias, você já enxerga padrões claros.	financeiro	rotina	75.00	manual
73	2025-10-13 19:00:53.005-03	Dica gerada em 13/10 19:00	Registre receitas e despesas diariamente. Em 7 dias, você já enxerga padrões claros.	financeiro	rotina	75.00	manual
74	2025-10-13 19:00:53.03-03	Dica gerada em 13/10 19:00	Registre receitas e despesas diariamente. Em 7 dias, você já enxerga padrões claros.	financeiro	rotina	75.00	manual
75	2025-10-13 19:14:41.381-03	Dica gerada em 13/10 19:14	Registre receitas e despesas diariamente. Em 7 dias, você já enxerga padrões claros.	financeiro	rotina	75.00	manual
76	2025-10-13 19:16:36.562-03	Dica gerada em 13/10 19:16	Registre receitas e despesas diariamente. Em 7 dias, você já enxerga padrões claros.	financeiro	rotina	75.00	manual
77	2025-10-13 19:25:43.348-03	Dica gerada em 13/10 19:25	Registre receitas e despesas diariamente. Em 7 dias, você já enxerga padrões claros.	financeiro	rotina	75.00	manual
78	2025-10-14 10:59:10.945-03	Dica gerada em 14/10 10:59	Registre receitas e despesas diariamente. Em 7 dias, você já enxerga padrões claros.	financeiro	rotina	75.00	manual
79	2025-10-14 11:00:13.048-03	Dica gerada em 14/10 11:00	Registre receitas e despesas diariamente. Em 7 dias, você já enxerga padrões claros.	financeiro	rotina	75.00	manual
80	2025-10-14 11:29:37.652-03	Dica gerada em 14/10 11:29	Registre receitas e despesas diariamente. Em 7 dias, você já enxerga padrões claros.	financeiro	rotina	75.00	manual
81	2025-10-14 11:33:42.658-03	Dica gerada em 14/10 11:33	Registre receitas e despesas diariamente. Em 7 dias, você já enxerga padrões claros.	financeiro	rotina	75.00	manual
82	2025-10-14 11:33:42.696-03	Dica gerada em 14/10 11:33	Registre receitas e despesas diariamente. Em 7 dias, você já enxerga padrões claros.	financeiro	rotina	75.00	manual
83	2025-10-14 11:45:37.226-03	Dica gerada em 14/10 11:45	Registre receitas e despesas diariamente. Em 7 dias, você já enxerga padrões claros.	financeiro	rotina	75.00	manual
84	2025-10-14 11:56:58.292-03	Dica gerada em 14/10 11:56	Registre receitas e despesas diariamente. Em 7 dias, você já enxerga padrões claros.	financeiro	rotina	75.00	manual
85	2025-10-14 12:06:53.906-03	Dica gerada em 14/10 12:06	Registre receitas e despesas diariamente. Em 7 dias, você já enxerga padrões claros.	financeiro	rotina	75.00	manual
86	2025-10-14 13:05:24.739-03	Dica gerada em 14/10 13:05	Registre receitas e despesas diariamente. Em 7 dias, você já enxerga padrões claros.	financeiro	rotina	75.00	manual
87	2025-10-14 13:34:25.128-03	Dica gerada em 14/10 13:34	Registre receitas e despesas diariamente. Em 7 dias, você já enxerga padrões claros.	financeiro	rotina	75.00	manual
88	2025-10-14 13:35:19.822-03	Dica gerada em 14/10 13:35	Registre receitas e despesas diariamente. Em 7 dias, você já enxerga padrões claros.	financeiro	rotina	75.00	manual
89	2025-10-14 13:35:48.814-03	Dica gerada em 14/10 13:35	Registre receitas e despesas diariamente. Em 7 dias, você já enxerga padrões claros.	financeiro	rotina	75.00	manual
90	2025-10-14 13:38:53.932-03	Dica gerada em 14/10 13:38	Registre receitas e despesas diariamente. Em 7 dias, você já enxerga padrões claros.	financeiro	rotina	75.00	manual
91	2025-10-14 13:56:17.264-03	Dica gerada em 14/10 13:56	Registre receitas e despesas diariamente. Em 7 dias, você já enxerga padrões claros.	financeiro	rotina	75.00	manual
92	2025-10-14 14:11:14.032-03	Dica gerada em 14/10 14:11	Registre receitas e despesas diariamente. Em 7 dias, você já enxerga padrões claros.	financeiro	rotina	75.00	manual
93	2025-10-14 14:11:16.717-03	Dica gerada em 14/10 14:11	Registre receitas e despesas diariamente. Em 7 dias, você já enxerga padrões claros.	financeiro	rotina	75.00	manual
94	2025-10-14 14:11:16.741-03	Dica gerada em 14/10 14:11	Registre receitas e despesas diariamente. Em 7 dias, você já enxerga padrões claros.	financeiro	rotina	75.00	manual
95	2025-10-14 14:55:10.89-03	Dica gerada em 14/10 14:55	Registre receitas e despesas diariamente. Em 7 dias, você já enxerga padrões claros.	financeiro	rotina	75.00	manual
96	2025-10-14 15:05:34.296-03	Dica gerada em 14/10 15:05	Registre receitas e despesas diariamente. Em 7 dias, você já enxerga padrões claros.	financeiro	rotina	75.00	manual
97	2025-10-14 15:05:34.32-03	Dica gerada em 14/10 15:05	Registre receitas e despesas diariamente. Em 7 dias, você já enxerga padrões claros.	financeiro	rotina	75.00	manual
98	2025-10-14 15:28:47.201-03	Dica gerada em 14/10 15:28	Registre receitas e despesas diariamente. Em 7 dias, você já enxerga padrões claros.	financeiro	rotina	75.00	manual
99	2025-10-15 11:31:53.91-03	Dica gerada em 15/10 11:31	Registre receitas e despesas diariamente. Em 7 dias, você já enxerga padrões claros.	financeiro	rotina	75.00	manual
100	2025-10-15 12:25:51.624-03	Dica gerada em 15/10 12:25	Registre receitas e despesas diariamente. Em 7 dias, você já enxerga padrões claros.	financeiro	rotina	75.00	manual
101	2025-10-15 12:46:57.953-03	Dica gerada em 15/10 12:46	Registre receitas e despesas diariamente. Em 7 dias, você já enxerga padrões claros.	financeiro	rotina	75.00	manual
102	2025-10-15 13:05:36.66-03	Dica gerada em 15/10 13:05	Registre receitas e despesas diariamente. Em 7 dias, você já enxerga padrões claros.	financeiro	rotina	75.00	manual
103	2025-10-15 14:00:06.785-03	Dica gerada em 15/10 14:00	Registre receitas e despesas diariamente. Em 7 dias, você já enxerga padrões claros.	financeiro	rotina	75.00	manual
104	2025-10-15 23:37:54.284-03	Dica gerada em 15/10 23:37	Registre receitas e despesas diariamente. Em 7 dias, você já enxerga padrões claros.	financeiro	rotina	75.00	manual
105	2025-10-15 23:41:16.513-03	Dica gerada em 15/10 23:41	Registre receitas e despesas diariamente. Em 7 dias, você já enxerga padrões claros.	financeiro	rotina	75.00	manual
106	2025-10-16 00:18:36.752-03	Dica gerada em 16/10 00:18	Registre receitas e despesas diariamente. Em 7 dias, você já enxerga padrões claros.	financeiro	rotina	75.00	manual
107	2025-10-16 11:22:09.986-03	Dica gerada em 16/10 11:22	Registre receitas e despesas diariamente. Em 7 dias, você já enxerga padrões claros.	financeiro	rotina	75.00	manual
108	2025-10-17 15:49:42.712-03	Dica gerada em 17/10 15:49	Registre receitas e despesas diariamente. Em 7 dias, você já enxerga padrões claros.	financeiro	rotina	75.00	manual
109	2025-10-17 15:49:49.687-03	Dica gerada em 17/10 15:49	Registre receitas e despesas diariamente. Em 7 dias, você já enxerga padrões claros.	financeiro	rotina	75.00	manual
110	2025-10-17 15:49:57.886-03	Dica gerada em 17/10 15:49	Registre receitas e despesas diariamente. Em 7 dias, você já enxerga padrões claros.	financeiro	rotina	75.00	manual
111	2025-10-17 15:50:18.335-03	Dica gerada em 17/10 15:50	Registre receitas e despesas diariamente. Em 7 dias, você já enxerga padrões claros.	financeiro	rotina	75.00	manual
112	2025-10-17 15:50:25.15-03	Dica gerada em 17/10 15:50	Registre receitas e despesas diariamente. Em 7 dias, você já enxerga padrões claros.	financeiro	rotina	75.00	manual
113	2025-10-17 15:50:46.566-03	Dica gerada em 17/10 15:50	Registre receitas e despesas diariamente. Em 7 dias, você já enxerga padrões claros.	financeiro	rotina	75.00	manual
114	2025-10-17 15:50:52.461-03	Dica gerada em 17/10 15:50	Registre receitas e despesas diariamente. Em 7 dias, você já enxerga padrões claros.	financeiro	rotina	75.00	manual
115	2025-10-18 13:17:39.189-03	Dica gerada em 18/10 13:17	Registre receitas e despesas diariamente. Em 7 dias, você já enxerga padrões claros.	financeiro	rotina	75.00	manual
116	2025-10-18 17:27:45.942-03	Dica gerada em 18/10 17:27	Registre receitas e despesas diariamente. Em 7 dias, você já enxerga padrões claros.	financeiro	rotina	75.00	manual
117	2025-10-18 17:53:36.681-03	Dica gerada em 18/10 17:53	Registre receitas e despesas diariamente. Em 7 dias, você já enxerga padrões claros.	financeiro	rotina	75.00	manual
118	2025-10-18 17:53:38.424-03	Dica gerada em 18/10 17:53	Registre receitas e despesas diariamente. Em 7 dias, você já enxerga padrões claros.	financeiro	rotina	75.00	manual
119	2025-10-18 17:53:40.944-03	Dica gerada em 18/10 17:53	Registre receitas e despesas diariamente. Em 7 dias, você já enxerga padrões claros.	financeiro	rotina	75.00	manual
120	2025-10-18 17:53:41.897-03	Dica gerada em 18/10 17:53	Registre receitas e despesas diariamente. Em 7 dias, você já enxerga padrões claros.	financeiro	rotina	75.00	manual
121	2025-10-18 17:53:42.362-03	Dica gerada em 18/10 17:53	Registre receitas e despesas diariamente. Em 7 dias, você já enxerga padrões claros.	financeiro	rotina	75.00	manual
122	2025-10-18 17:53:43.096-03	Dica gerada em 18/10 17:53	Registre receitas e despesas diariamente. Em 7 dias, você já enxerga padrões claros.	financeiro	rotina	75.00	manual
123	2025-10-18 17:53:48.392-03	Dica gerada em 18/10 17:53	Registre receitas e despesas diariamente. Em 7 dias, você já enxerga padrões claros.	financeiro	rotina	75.00	manual
124	2025-10-18 17:53:49.271-03	Dica gerada em 18/10 17:53	Registre receitas e despesas diariamente. Em 7 dias, você já enxerga padrões claros.	financeiro	rotina	75.00	manual
125	2025-10-18 17:53:52.847-03	Dica gerada em 18/10 17:53	Registre receitas e despesas diariamente. Em 7 dias, você já enxerga padrões claros.	financeiro	rotina	75.00	manual
126	2025-10-18 18:03:23.002-03	Dica gerada em 18/10 18:03	Registre receitas e despesas diariamente. Em 7 dias, você já enxerga padrões claros.	financeiro	rotina	75.00	manual
127	2025-10-18 18:03:24.33-03	Dica gerada em 18/10 18:03	Registre receitas e despesas diariamente. Em 7 dias, você já enxerga padrões claros.	financeiro	rotina	75.00	manual
128	2025-10-18 18:03:24.867-03	Dica gerada em 18/10 18:03	Registre receitas e despesas diariamente. Em 7 dias, você já enxerga padrões claros.	financeiro	rotina	75.00	manual
129	2025-10-18 18:03:46.762-03	Dica gerada em 18/10 18:03	Registre receitas e despesas diariamente. Em 7 dias, você já enxerga padrões claros.	financeiro	rotina	75.00	manual
130	2025-10-18 18:04:17.17-03	Dica gerada em 18/10 18:04	Registre receitas e despesas diariamente. Em 7 dias, você já enxerga padrões claros.	financeiro	rotina	75.00	manual
131	2025-10-18 18:04:23.906-03	Dica gerada em 18/10 18:04	Registre receitas e despesas diariamente. Em 7 dias, você já enxerga padrões claros.	financeiro	rotina	75.00	manual
132	2025-10-18 18:04:32.978-03	Dica gerada em 18/10 18:04	Registre receitas e despesas diariamente. Em 7 dias, você já enxerga padrões claros.	financeiro	rotina	75.00	manual
133	2025-10-18 18:04:54.346-03	Dica gerada em 18/10 18:04	Registre receitas e despesas diariamente. Em 7 dias, você já enxerga padrões claros.	financeiro	rotina	75.00	manual
134	2025-10-18 18:04:56.561-03	Dica gerada em 18/10 18:04	Registre receitas e despesas diariamente. Em 7 dias, você já enxerga padrões claros.	financeiro	rotina	75.00	manual
135	2025-10-18 18:04:56.609-03	Dica gerada em 18/10 18:04	Registre receitas e despesas diariamente. Em 7 dias, você já enxerga padrões claros.	financeiro	rotina	75.00	manual
136	2025-10-18 18:14:09.165-03	Dica gerada em 18/10 18:14	Registre receitas e despesas diariamente. Em 7 dias, você já enxerga padrões claros.	financeiro	rotina	75.00	manual
137	2025-10-18 18:14:15.892-03	Dica gerada em 18/10 18:14	Registre receitas e despesas diariamente. Em 7 dias, você já enxerga padrões claros.	financeiro	rotina	75.00	manual
138	2025-10-18 18:14:56.516-03	Dica gerada em 18/10 18:14	Registre receitas e despesas diariamente. Em 7 dias, você já enxerga padrões claros.	financeiro	rotina	75.00	manual
139	2025-10-18 18:14:57.853-03	Dica gerada em 18/10 18:14	Registre receitas e despesas diariamente. Em 7 dias, você já enxerga padrões claros.	financeiro	rotina	75.00	manual
140	2025-10-18 18:14:58.755-03	Dica gerada em 18/10 18:14	Registre receitas e despesas diariamente. Em 7 dias, você já enxerga padrões claros.	financeiro	rotina	75.00	manual
141	2025-10-18 18:15:01.237-03	Dica gerada em 18/10 18:15	Registre receitas e despesas diariamente. Em 7 dias, você já enxerga padrões claros.	financeiro	rotina	75.00	manual
142	2025-10-18 18:15:06.756-03	Dica gerada em 18/10 18:15	Registre receitas e despesas diariamente. Em 7 dias, você já enxerga padrões claros.	financeiro	rotina	75.00	manual
143	2025-10-18 18:15:06.821-03	Dica gerada em 18/10 18:15	Registre receitas e despesas diariamente. Em 7 dias, você já enxerga padrões claros.	financeiro	rotina	75.00	manual
144	2025-10-18 18:15:07.836-03	Dica gerada em 18/10 18:15	Registre receitas e despesas diariamente. Em 7 dias, você já enxerga padrões claros.	financeiro	rotina	75.00	manual
145	2025-10-18 18:15:07.868-03	Dica gerada em 18/10 18:15	Registre receitas e despesas diariamente. Em 7 dias, você já enxerga padrões claros.	financeiro	rotina	75.00	manual
146	2025-10-18 18:15:36.528-03	Dica gerada em 18/10 18:15	Registre receitas e despesas diariamente. Em 7 dias, você já enxerga padrões claros.	financeiro	rotina	75.00	manual
147	2025-10-18 18:16:34.356-03	Dica gerada em 18/10 18:16	Registre receitas e despesas diariamente. Em 7 dias, você já enxerga padrões claros.	financeiro	rotina	75.00	manual
148	2025-10-18 18:18:48.057-03	Dica gerada em 18/10 18:18	Registre receitas e despesas diariamente. Em 7 dias, você já enxerga padrões claros.	financeiro	rotina	75.00	manual
149	2025-10-18 18:30:27.531-03	Dica gerada em 18/10 18:30	Registre receitas e despesas diariamente. Em 7 dias, você já enxerga padrões claros.	financeiro	rotina	75.00	manual
150	2025-10-18 18:31:15.123-03	Dica gerada em 18/10 18:31	Registre receitas e despesas diariamente. Em 7 dias, você já enxerga padrões claros.	financeiro	rotina	75.00	manual
151	2025-10-18 18:31:26.123-03	Dica gerada em 18/10 18:31	Registre receitas e despesas diariamente. Em 7 dias, você já enxerga padrões claros.	financeiro	rotina	75.00	manual
152	2025-10-18 18:32:03.123-03	Dica gerada em 18/10 18:32	Registre receitas e despesas diariamente. Em 7 dias, você já enxerga padrões claros.	financeiro	rotina	75.00	manual
153	2025-10-18 18:51:37.656-03	Dica gerada em 18/10 18:51	Registre receitas e despesas diariamente. Em 7 dias, você já enxerga padrões claros.	financeiro	rotina	75.00	manual
154	2025-10-18 18:53:23.722-03	Dica gerada em 18/10 18:53	Registre receitas e despesas diariamente. Em 7 dias, você já enxerga padrões claros.	financeiro	rotina	75.00	manual
155	2025-10-18 18:58:34.092-03	Dica gerada em 18/10 18:58	Registre receitas e despesas diariamente. Em 7 dias, você já enxerga padrões claros.	financeiro	rotina	75.00	manual
156	2025-10-18 19:01:59.1-03	Dica gerada em 18/10 19:01	Registre receitas e despesas diariamente. Em 7 dias, você já enxerga padrões claros.	financeiro	rotina	75.00	manual
157	2025-10-18 19:04:09.874-03	Dica gerada em 18/10 19:04	Registre receitas e despesas diariamente. Em 7 dias, você já enxerga padrões claros.	financeiro	rotina	75.00	manual
158	2025-10-18 19:11:49.024-03	Dica gerada em 18/10 19:11	Registre receitas e despesas diariamente. Em 7 dias, você já enxerga padrões claros.	financeiro	rotina	75.00	manual
159	2025-10-18 19:12:04.088-03	Dica gerada em 18/10 19:12	Registre receitas e despesas diariamente. Em 7 dias, você já enxerga padrões claros.	financeiro	rotina	75.00	manual
160	2025-10-18 19:18:10.759-03	Dica gerada em 18/10 19:18	Registre receitas e despesas diariamente. Em 7 dias, você já enxerga padrões claros.	financeiro	rotina	75.00	manual
161	2025-10-18 19:24:18.897-03	Dica gerada em 18/10 19:24	Registre receitas e despesas diariamente. Em 7 dias, você já enxerga padrões claros.	financeiro	rotina	75.00	manual
162	2025-10-18 19:28:09.863-03	Dica gerada em 18/10 19:28	Registre receitas e despesas diariamente. Em 7 dias, você já enxerga padrões claros.	financeiro	rotina	75.00	manual
163	2025-10-18 19:46:30.54-03	Dica gerada em 18/10 19:46	Registre receitas e despesas diariamente. Em 7 dias, você já enxerga padrões claros.	financeiro	rotina	75.00	manual
164	2025-10-18 19:51:39.29-03	Dica gerada em 18/10 19:51	Registre receitas e despesas diariamente. Em 7 dias, você já enxerga padrões claros.	financeiro	rotina	75.00	manual
165	2025-10-18 19:51:39.328-03	Dica gerada em 18/10 19:51	Registre receitas e despesas diariamente. Em 7 dias, você já enxerga padrões claros.	financeiro	rotina	75.00	manual
166	2025-10-18 19:51:51.522-03	Dica gerada em 18/10 19:51	Registre receitas e despesas diariamente. Em 7 dias, você já enxerga padrões claros.	financeiro	rotina	75.00	manual
167	2025-10-18 19:51:51.552-03	Dica gerada em 18/10 19:51	Registre receitas e despesas diariamente. Em 7 dias, você já enxerga padrões claros.	financeiro	rotina	75.00	manual
168	2025-10-18 19:51:52.633-03	Dica gerada em 18/10 19:51	Registre receitas e despesas diariamente. Em 7 dias, você já enxerga padrões claros.	financeiro	rotina	75.00	manual
169	2025-10-18 20:02:08.127-03	Dica gerada em 18/10 20:02	Registre receitas e despesas diariamente. Em 7 dias, você já enxerga padrões claros.	financeiro	rotina	75.00	manual
170	2025-10-18 20:21:15.514-03	Dica gerada em 18/10 20:21	Registre receitas e despesas diariamente. Em 7 dias, você já enxerga padrões claros.	financeiro	rotina	75.00	manual
171	2025-10-18 20:28:24.775-03	Dica gerada em 18/10 20:28	Registre receitas e despesas diariamente. Em 7 dias, você já enxerga padrões claros.	financeiro	rotina	75.00	manual
172	2025-10-18 20:54:00.186-03	Dica gerada em 18/10 20:54	Registre receitas e despesas diariamente. Em 7 dias, você já enxerga padrões claros.	financeiro	rotina	75.00	manual
173	2025-10-19 13:04:15.954-03	Dica gerada em 19/10 13:04	Registre receitas e despesas diariamente. Em 7 dias, você já enxerga padrões claros.	financeiro	rotina	75.00	manual
174	2025-10-19 13:04:19.913-03	Dica gerada em 19/10 13:04	Registre receitas e despesas diariamente. Em 7 dias, você já enxerga padrões claros.	financeiro	rotina	75.00	manual
175	2025-10-19 13:04:37.649-03	Dica gerada em 19/10 13:04	Registre receitas e despesas diariamente. Em 7 dias, você já enxerga padrões claros.	financeiro	rotina	75.00	manual
176	2025-10-19 13:19:28.586-03	Dica gerada em 19/10 13:19	Registre receitas e despesas diariamente. Em 7 dias, você já enxerga padrões claros.	financeiro	rotina	75.00	manual
177	2025-10-19 13:19:36.626-03	Dica gerada em 19/10 13:19	Registre receitas e despesas diariamente. Em 7 dias, você já enxerga padrões claros.	financeiro	rotina	75.00	manual
178	2025-10-19 13:20:17.465-03	Dica gerada em 19/10 13:20	Registre receitas e despesas diariamente. Em 7 dias, você já enxerga padrões claros.	financeiro	rotina	75.00	manual
179	2025-10-19 13:20:23.257-03	Dica gerada em 19/10 13:20	Registre receitas e despesas diariamente. Em 7 dias, você já enxerga padrões claros.	financeiro	rotina	75.00	manual
180	2025-10-19 13:20:28.386-03	Dica gerada em 19/10 13:20	Registre receitas e despesas diariamente. Em 7 dias, você já enxerga padrões claros.	financeiro	rotina	75.00	manual
181	2025-10-19 13:20:28.409-03	Dica gerada em 19/10 13:20	Registre receitas e despesas diariamente. Em 7 dias, você já enxerga padrões claros.	financeiro	rotina	75.00	manual
182	2025-10-19 13:22:24.778-03	Dica gerada em 19/10 13:22	Registre receitas e despesas diariamente. Em 7 dias, você já enxerga padrões claros.	financeiro	rotina	75.00	manual
183	2025-10-19 13:24:28.928-03	Dica gerada em 19/10 13:24	Registre receitas e despesas diariamente. Em 7 dias, você já enxerga padrões claros.	financeiro	rotina	75.00	manual
184	2025-10-19 13:24:49.369-03	Dica gerada em 19/10 13:24	Registre receitas e despesas diariamente. Em 7 dias, você já enxerga padrões claros.	financeiro	rotina	75.00	manual
185	2025-10-19 13:24:49.399-03	Dica gerada em 19/10 13:24	Registre receitas e despesas diariamente. Em 7 dias, você já enxerga padrões claros.	financeiro	rotina	75.00	manual
186	2025-10-19 15:58:35.208-03	Dica gerada em 19/10 15:58	Registre receitas e despesas diariamente. Em 7 dias, você já enxerga padrões claros.	financeiro	rotina	75.00	manual
187	2025-10-19 15:58:41.966-03	Dica gerada em 19/10 15:58	Registre receitas e despesas diariamente. Em 7 dias, você já enxerga padrões claros.	financeiro	rotina	75.00	manual
188	2025-10-19 16:13:22.545-03	Dica gerada em 19/10 16:13	Registre receitas e despesas diariamente. Em 7 dias, você já enxerga padrões claros.	financeiro	rotina	75.00	manual
189	2025-10-19 16:28:38.709-03	Dica gerada em 19/10 16:28	Registre receitas e despesas diariamente. Em 7 dias, você já enxerga padrões claros.	financeiro	rotina	75.00	manual
190	2025-10-19 16:28:38.733-03	Dica gerada em 19/10 16:28	Registre receitas e despesas diariamente. Em 7 dias, você já enxerga padrões claros.	financeiro	rotina	75.00	manual
191	2025-10-19 16:36:20.625-03	Dica gerada em 19/10 16:36	Registre receitas e despesas diariamente. Em 7 dias, você já enxerga padrões claros.	financeiro	rotina	75.00	manual
192	2025-10-19 16:36:21.592-03	Dica gerada em 19/10 16:36	Registre receitas e despesas diariamente. Em 7 dias, você já enxerga padrões claros.	financeiro	rotina	75.00	manual
193	2025-10-19 16:36:47.24-03	Dica gerada em 19/10 16:36	Registre receitas e despesas diariamente. Em 7 dias, você já enxerga padrões claros.	financeiro	rotina	75.00	manual
194	2025-10-19 16:44:09.685-03	Dica gerada em 19/10 16:44	Registre receitas e despesas diariamente. Em 7 dias, você já enxerga padrões claros.	financeiro	rotina	75.00	manual
195	2025-10-19 16:47:27.295-03	Dica gerada em 19/10 16:47	Registre receitas e despesas diariamente. Em 7 dias, você já enxerga padrões claros.	financeiro	rotina	75.00	manual
196	2025-10-19 16:49:40.699-03	Dica gerada em 19/10 16:49	Registre receitas e despesas diariamente. Em 7 dias, você já enxerga padrões claros.	financeiro	rotina	75.00	manual
197	2025-10-19 16:50:08.578-03	Dica gerada em 19/10 16:50	Registre receitas e despesas diariamente. Em 7 dias, você já enxerga padrões claros.	financeiro	rotina	75.00	manual
198	2025-10-19 17:07:19.144-03	Dica gerada em 19/10 17:07	Registre receitas e despesas diariamente. Em 7 dias, você já enxerga padrões claros.	financeiro	rotina	75.00	manual
199	2025-10-19 17:07:31.273-03	Dica gerada em 19/10 17:07	Registre receitas e despesas diariamente. Em 7 dias, você já enxerga padrões claros.	financeiro	rotina	75.00	manual
200	2025-10-19 17:11:22.871-03	Dica gerada em 19/10 17:11	Registre receitas e despesas diariamente. Em 7 dias, você já enxerga padrões claros.	financeiro	rotina	75.00	manual
201	2025-10-19 17:11:26.279-03	Dica gerada em 19/10 17:11	Registre receitas e despesas diariamente. Em 7 dias, você já enxerga padrões claros.	financeiro	rotina	75.00	manual
202	2025-10-19 17:11:33.447-03	Dica gerada em 19/10 17:11	Registre receitas e despesas diariamente. Em 7 dias, você já enxerga padrões claros.	financeiro	rotina	75.00	manual
203	2025-10-19 17:22:58.777-03	Dica gerada em 19/10 17:22	Registre receitas e despesas diariamente. Em 7 dias, você já enxerga padrões claros.	financeiro	rotina	75.00	manual
204	2025-10-19 17:22:58.799-03	Dica gerada em 19/10 17:22	Registre receitas e despesas diariamente. Em 7 dias, você já enxerga padrões claros.	financeiro	rotina	75.00	manual
205	2025-10-19 17:25:26.911-03	Dica gerada em 19/10 17:25	Registre receitas e despesas diariamente. Em 7 dias, você já enxerga padrões claros.	financeiro	rotina	75.00	manual
206	2025-10-19 17:26:03.496-03	Dica gerada em 19/10 17:26	Registre receitas e despesas diariamente. Em 7 dias, você já enxerga padrões claros.	financeiro	rotina	75.00	manual
207	2025-10-19 18:04:00.412-03	Dica gerada em 19/10 18:04	Registre receitas e despesas diariamente. Em 7 dias, você já enxerga padrões claros.	financeiro	rotina	75.00	manual
208	2025-10-19 18:08:32.496-03	Dica gerada em 19/10 18:08	Registre receitas e despesas diariamente. Em 7 dias, você já enxerga padrões claros.	financeiro	rotina	75.00	manual
209	2025-10-19 18:08:36.441-03	Dica gerada em 19/10 18:08	Registre receitas e despesas diariamente. Em 7 dias, você já enxerga padrões claros.	financeiro	rotina	75.00	manual
210	2025-10-19 18:08:36.464-03	Dica gerada em 19/10 18:08	Registre receitas e despesas diariamente. Em 7 dias, você já enxerga padrões claros.	financeiro	rotina	75.00	manual
211	2025-10-19 18:08:38.96-03	Dica gerada em 19/10 18:08	Registre receitas e despesas diariamente. Em 7 dias, você já enxerga padrões claros.	financeiro	rotina	75.00	manual
212	2025-10-19 18:09:17.984-03	Dica gerada em 19/10 18:09	Registre receitas e despesas diariamente. Em 7 dias, você já enxerga padrões claros.	financeiro	rotina	75.00	manual
213	2025-10-19 18:09:19.288-03	Dica gerada em 19/10 18:09	Registre receitas e despesas diariamente. Em 7 dias, você já enxerga padrões claros.	financeiro	rotina	75.00	manual
214	2025-10-19 18:09:19.312-03	Dica gerada em 19/10 18:09	Registre receitas e despesas diariamente. Em 7 dias, você já enxerga padrões claros.	financeiro	rotina	75.00	manual
215	2025-10-19 18:09:33.44-03	Dica gerada em 19/10 18:09	Registre receitas e despesas diariamente. Em 7 dias, você já enxerga padrões claros.	financeiro	rotina	75.00	manual
216	2025-10-19 18:09:33.464-03	Dica gerada em 19/10 18:09	Registre receitas e despesas diariamente. Em 7 dias, você já enxerga padrões claros.	financeiro	rotina	75.00	manual
217	2025-10-19 18:09:35.154-03	Dica gerada em 19/10 18:09	Registre receitas e despesas diariamente. Em 7 dias, você já enxerga padrões claros.	financeiro	rotina	75.00	manual
218	2025-10-19 18:09:35.649-03	Dica gerada em 19/10 18:09	Registre receitas e despesas diariamente. Em 7 dias, você já enxerga padrões claros.	financeiro	rotina	75.00	manual
219	2025-10-19 18:09:46.825-03	Dica gerada em 19/10 18:09	Registre receitas e despesas diariamente. Em 7 dias, você já enxerga padrões claros.	financeiro	rotina	75.00	manual
220	2025-10-19 18:09:46.855-03	Dica gerada em 19/10 18:09	Registre receitas e despesas diariamente. Em 7 dias, você já enxerga padrões claros.	financeiro	rotina	75.00	manual
221	2025-10-19 18:10:01.431-03	Dica gerada em 19/10 18:10	Registre receitas e despesas diariamente. Em 7 dias, você já enxerga padrões claros.	financeiro	rotina	75.00	manual
222	2025-10-19 21:07:31.315-03	Dica gerada em 19/10 21:07	Registre receitas e despesas diariamente. Em 7 dias, você já enxerga padrões claros.	financeiro	rotina	75.00	manual
223	2025-10-19 21:07:36.642-03	Dica gerada em 19/10 21:07	Registre receitas e despesas diariamente. Em 7 dias, você já enxerga padrões claros.	financeiro	rotina	75.00	manual
224	2025-10-20 11:44:05.097-03	Dica gerada em 20/10 11:44	Registre receitas e despesas diariamente. Em 7 dias, você já enxerga padrões claros.	financeiro	rotina	75.00	manual
225	2025-10-20 11:44:09.44-03	Dica gerada em 20/10 11:44	Registre receitas e despesas diariamente. Em 7 dias, você já enxerga padrões claros.	financeiro	rotina	75.00	manual
226	2025-10-20 11:56:51.05-03	Dica gerada em 20/10 11:56	Registre receitas e despesas diariamente. Em 7 dias, você já enxerga padrões claros.	financeiro	rotina	75.00	manual
227	2025-10-20 11:57:19.024-03	Dica gerada em 20/10 11:57	Registre receitas e despesas diariamente. Em 7 dias, você já enxerga padrões claros.	financeiro	rotina	75.00	manual
228	2025-10-20 11:57:19.048-03	Dica gerada em 20/10 11:57	Registre receitas e despesas diariamente. Em 7 dias, você já enxerga padrões claros.	financeiro	rotina	75.00	manual
229	2025-10-20 12:07:52.908-03	Dica gerada em 20/10 12:07	Registre receitas e despesas diariamente. Em 7 dias, você já enxerga padrões claros.	financeiro	rotina	75.00	manual
230	2025-10-20 12:20:20.103-03	Dica gerada em 20/10 12:20	Registre receitas e despesas diariamente. Em 7 dias, você já enxerga padrões claros.	financeiro	rotina	75.00	manual
231	2025-10-20 12:24:33.978-03	Dica gerada em 20/10 12:24	Registre receitas e despesas diariamente. Em 7 dias, você já enxerga padrões claros.	financeiro	rotina	75.00	manual
232	2025-10-20 12:46:25.944-03	Dica gerada em 20/10 12:46	Registre receitas e despesas diariamente. Em 7 dias, você já enxerga padrões claros.	financeiro	rotina	75.00	manual
233	2025-10-20 12:48:27.247-03	Dica gerada em 20/10 12:48	Registre receitas e despesas diariamente. Em 7 dias, você já enxerga padrões claros.	financeiro	rotina	75.00	manual
234	2025-10-20 12:48:31.319-03	Dica gerada em 20/10 12:48	Registre receitas e despesas diariamente. Em 7 dias, você já enxerga padrões claros.	financeiro	rotina	75.00	manual
235	2025-10-20 12:52:57.164-03	Dica gerada em 20/10 12:52	Registre receitas e despesas diariamente. Em 7 dias, você já enxerga padrões claros.	financeiro	rotina	75.00	manual
236	2025-10-20 12:52:57.187-03	Dica gerada em 20/10 12:52	Registre receitas e despesas diariamente. Em 7 dias, você já enxerga padrões claros.	financeiro	rotina	75.00	manual
237	2025-10-20 13:14:59.666-03	Dica gerada em 20/10 13:14	Registre receitas e despesas diariamente. Em 7 dias, você já enxerga padrões claros.	financeiro	rotina	75.00	manual
238	2025-10-20 13:15:02.393-03	Dica gerada em 20/10 13:15	Registre receitas e despesas diariamente. Em 7 dias, você já enxerga padrões claros.	financeiro	rotina	75.00	manual
239	2025-10-20 13:15:37.001-03	Dica gerada em 20/10 13:15	Registre receitas e despesas diariamente. Em 7 dias, você já enxerga padrões claros.	financeiro	rotina	75.00	manual
240	2025-10-20 13:15:48.528-03	Dica gerada em 20/10 13:15	Registre receitas e despesas diariamente. Em 7 dias, você já enxerga padrões claros.	financeiro	rotina	75.00	manual
241	2025-10-20 13:16:18.009-03	Dica gerada em 20/10 13:16	Registre receitas e despesas diariamente. Em 7 dias, você já enxerga padrões claros.	financeiro	rotina	75.00	manual
242	2025-10-20 13:16:18.808-03	Dica gerada em 20/10 13:16	Registre receitas e despesas diariamente. Em 7 dias, você já enxerga padrões claros.	financeiro	rotina	75.00	manual
243	2025-10-20 13:16:19.233-03	Dica gerada em 20/10 13:16	Registre receitas e despesas diariamente. Em 7 dias, você já enxerga padrões claros.	financeiro	rotina	75.00	manual
244	2025-10-20 13:16:32.84-03	Dica gerada em 20/10 13:16	Registre receitas e despesas diariamente. Em 7 dias, você já enxerga padrões claros.	financeiro	rotina	75.00	manual
245	2025-10-20 13:47:23.929-03	Dica gerada em 20/10 13:47	Registre receitas e despesas diariamente. Em 7 dias, você já enxerga padrões claros.	financeiro	rotina	75.00	manual
246	2025-10-20 13:47:29.089-03	Dica gerada em 20/10 13:47	Registre receitas e despesas diariamente. Em 7 dias, você já enxerga padrões claros.	financeiro	rotina	75.00	manual
247	2025-10-20 13:47:31.335-03	Dica gerada em 20/10 13:47	Registre receitas e despesas diariamente. Em 7 dias, você já enxerga padrões claros.	financeiro	rotina	75.00	manual
248	2025-10-20 15:04:39.912-03	Dica gerada em 20/10 15:04	Registre receitas e despesas diariamente. Em 7 dias, você já enxerga padrões claros.	financeiro	rotina	75.00	manual
249	2025-10-20 15:04:39.951-03	Dica gerada em 20/10 15:04	Registre receitas e despesas diariamente. Em 7 dias, você já enxerga padrões claros.	financeiro	rotina	75.00	manual
250	2025-10-20 15:04:46.574-03	Dica gerada em 20/10 15:04	Registre receitas e despesas diariamente. Em 7 dias, você já enxerga padrões claros.	financeiro	rotina	75.00	manual
251	2025-10-20 15:08:08.589-03	Dica gerada em 20/10 15:08	Registre receitas e despesas diariamente. Em 7 dias, você já enxerga padrões claros.	financeiro	rotina	75.00	manual
252	2025-10-20 15:23:01.966-03	Dica gerada em 20/10 15:23	Registre receitas e despesas diariamente. Em 7 dias, você já enxerga padrões claros.	financeiro	rotina	75.00	manual
253	2025-10-20 15:23:11.893-03	Dica gerada em 20/10 15:23	Registre receitas e despesas diariamente. Em 7 dias, você já enxerga padrões claros.	financeiro	rotina	75.00	manual
254	2025-10-20 15:41:28.956-03	Dica gerada em 20/10 15:41	Registre receitas e despesas diariamente. Em 7 dias, você já enxerga padrões claros.	financeiro	rotina	75.00	manual
255	2025-10-20 16:17:48.865-03	Dica gerada em 20/10 16:17	Registre receitas e despesas diariamente. Em 7 dias, você já enxerga padrões claros.	financeiro	rotina	75.00	manual
256	2025-10-20 16:17:49.986-03	Dica gerada em 20/10 16:17	Registre receitas e despesas diariamente. Em 7 dias, você já enxerga padrões claros.	financeiro	rotina	75.00	manual
257	2025-10-21 16:34:56.254-03	Dica gerada em 21/10 16:34	Registre receitas e despesas diariamente. Em 7 dias, você já enxerga padrões claros.	financeiro	rotina	75.00	manual
258	2025-10-21 16:39:42.74-03	Dica gerada em 21/10 16:39	Registre receitas e despesas diariamente. Em 7 dias, você já enxerga padrões claros.	financeiro	rotina	75.00	manual
259	2025-10-21 16:45:04.13-03	Dica gerada em 21/10 16:45	Registre receitas e despesas diariamente. Em 7 dias, você já enxerga padrões claros.	financeiro	rotina	75.00	manual
260	2025-10-21 16:45:07.969-03	Dica gerada em 21/10 16:45	Registre receitas e despesas diariamente. Em 7 dias, você já enxerga padrões claros.	financeiro	rotina	75.00	manual
261	2025-10-21 16:55:33.004-03	Dica gerada em 21/10 16:55	Registre receitas e despesas diariamente. Em 7 dias, você já enxerga padrões claros.	financeiro	rotina	75.00	manual
262	2025-10-21 17:03:27.663-03	Dica gerada em 21/10 17:03	Registre receitas e despesas diariamente. Em 7 dias, você já enxerga padrões claros.	financeiro	rotina	75.00	manual
263	2025-10-21 17:07:48.091-03	Dica gerada em 21/10 17:07	Registre receitas e despesas diariamente. Em 7 dias, você já enxerga padrões claros.	financeiro	rotina	75.00	manual
264	2025-10-21 17:07:48.117-03	Dica gerada em 21/10 17:07	Registre receitas e despesas diariamente. Em 7 dias, você já enxerga padrões claros.	financeiro	rotina	75.00	manual
265	2025-10-21 17:08:18.564-03	Dica gerada em 21/10 17:08	Registre receitas e despesas diariamente. Em 7 dias, você já enxerga padrões claros.	financeiro	rotina	75.00	manual
266	2025-10-21 17:09:38.196-03	Dica gerada em 21/10 17:09	Registre receitas e despesas diariamente. Em 7 dias, você já enxerga padrões claros.	financeiro	rotina	75.00	manual
267	2025-10-21 18:36:25.829-03	Dica gerada em 21/10 18:36	Registre receitas e despesas diariamente. Em 7 dias, você já enxerga padrões claros.	financeiro	rotina	75.00	manual
268	2025-10-21 18:46:55.953-03	Dica gerada em 21/10 18:46	Registre receitas e despesas diariamente. Em 7 dias, você já enxerga padrões claros.	financeiro	rotina	75.00	manual
269	2025-10-21 18:47:23.934-03	Dica gerada em 21/10 18:47	Registre receitas e despesas diariamente. Em 7 dias, você já enxerga padrões claros.	financeiro	rotina	75.00	manual
270	2025-10-21 18:54:21.308-03	Dica gerada em 21/10 18:54	Registre receitas e despesas diariamente. Em 7 dias, você já enxerga padrões claros.	financeiro	rotina	75.00	manual
271	2025-10-21 18:54:34.843-03	Dica gerada em 21/10 18:54	Registre receitas e despesas diariamente. Em 7 dias, você já enxerga padrões claros.	financeiro	rotina	75.00	manual
272	2025-10-21 18:56:06.283-03	Dica gerada em 21/10 18:56	Registre receitas e despesas diariamente. Em 7 dias, você já enxerga padrões claros.	financeiro	rotina	75.00	manual
273	2025-10-21 18:56:07.162-03	Dica gerada em 21/10 18:56	Registre receitas e despesas diariamente. Em 7 dias, você já enxerga padrões claros.	financeiro	rotina	75.00	manual
274	2025-10-21 18:57:10.545-03	Dica gerada em 21/10 18:57	Registre receitas e despesas diariamente. Em 7 dias, você já enxerga padrões claros.	financeiro	rotina	75.00	manual
275	2025-10-21 18:57:12.802-03	Dica gerada em 21/10 18:57	Registre receitas e despesas diariamente. Em 7 dias, você já enxerga padrões claros.	financeiro	rotina	75.00	manual
276	2025-10-21 18:57:13.377-03	Dica gerada em 21/10 18:57	Registre receitas e despesas diariamente. Em 7 dias, você já enxerga padrões claros.	financeiro	rotina	75.00	manual
277	2025-10-21 18:57:14.881-03	Dica gerada em 21/10 18:57	Registre receitas e despesas diariamente. Em 7 dias, você já enxerga padrões claros.	financeiro	rotina	75.00	manual
278	2025-10-21 18:57:23.794-03	Dica gerada em 21/10 18:57	Registre receitas e despesas diariamente. Em 7 dias, você já enxerga padrões claros.	financeiro	rotina	75.00	manual
279	2025-10-21 18:57:24.386-03	Dica gerada em 21/10 18:57	Registre receitas e despesas diariamente. Em 7 dias, você já enxerga padrões claros.	financeiro	rotina	75.00	manual
280	2025-10-21 18:57:26.257-03	Dica gerada em 21/10 18:57	Registre receitas e despesas diariamente. Em 7 dias, você já enxerga padrões claros.	financeiro	rotina	75.00	manual
281	2025-10-21 18:57:26.937-03	Dica gerada em 21/10 18:57	Registre receitas e despesas diariamente. Em 7 dias, você já enxerga padrões claros.	financeiro	rotina	75.00	manual
282	2025-10-21 18:57:27.642-03	Dica gerada em 21/10 18:57	Registre receitas e despesas diariamente. Em 7 dias, você já enxerga padrões claros.	financeiro	rotina	75.00	manual
283	2025-10-21 18:58:10.137-03	Dica gerada em 21/10 18:58	Registre receitas e despesas diariamente. Em 7 dias, você já enxerga padrões claros.	financeiro	rotina	75.00	manual
284	2025-10-21 18:59:15.716-03	Dica gerada em 21/10 18:59	Registre receitas e despesas diariamente. Em 7 dias, você já enxerga padrões claros.	financeiro	rotina	75.00	manual
285	2025-10-21 19:05:07.653-03	Dica gerada em 21/10 19:05	Registre receitas e despesas diariamente. Em 7 dias, você já enxerga padrões claros.	financeiro	rotina	75.00	manual
286	2025-10-21 19:13:17.018-03	Dica gerada em 21/10 19:13	Registre receitas e despesas diariamente. Em 7 dias, você já enxerga padrões claros.	financeiro	rotina	75.00	manual
287	2025-10-21 19:13:17.809-03	Dica gerada em 21/10 19:13	Registre receitas e despesas diariamente. Em 7 dias, você já enxerga padrões claros.	financeiro	rotina	75.00	manual
288	2025-10-21 19:14:09.842-03	Dica gerada em 21/10 19:14	Registre receitas e despesas diariamente. Em 7 dias, você já enxerga padrões claros.	financeiro	rotina	75.00	manual
289	2025-10-21 19:20:07.286-03	Dica gerada em 21/10 19:20	Registre receitas e despesas diariamente. Em 7 dias, você já enxerga padrões claros.	financeiro	rotina	75.00	manual
290	2025-10-21 19:27:50.883-03	Dica gerada em 21/10 19:27	Registre receitas e despesas diariamente. Em 7 dias, você já enxerga padrões claros.	financeiro	rotina	75.00	manual
291	2025-10-21 19:28:49.137-03	Dica gerada em 21/10 19:28	Registre receitas e despesas diariamente. Em 7 dias, você já enxerga padrões claros.	financeiro	rotina	75.00	manual
292	2025-10-21 19:47:28.505-03	Dica gerada em 21/10 19:47	Registre receitas e despesas diariamente. Em 7 dias, você já enxerga padrões claros.	financeiro	rotina	75.00	manual
293	2025-10-21 19:53:42.75-03	Dica gerada em 21/10 19:53	Registre receitas e despesas diariamente. Em 7 dias, você já enxerga padrões claros.	financeiro	rotina	75.00	manual
294	2025-10-21 20:14:30.649-03	Dica gerada em 21/10 20:14	Registre receitas e despesas diariamente. Em 7 dias, você já enxerga padrões claros.	financeiro	rotina	75.00	manual
295	2025-10-22 11:17:29.379-03	Dica gerada em 22/10 11:17	Registre receitas e despesas diariamente. Em 7 dias, você já enxerga padrões claros.	financeiro	rotina	75.00	manual
296	2025-10-22 11:55:58.064-03	Dica gerada em 22/10 11:55	Registre receitas e despesas diariamente. Em 7 dias, você já enxerga padrões claros.	financeiro	rotina	75.00	manual
297	2025-10-22 11:56:11.663-03	Dica gerada em 22/10 11:56	Registre receitas e despesas diariamente. Em 7 dias, você já enxerga padrões claros.	financeiro	rotina	75.00	manual
298	2025-10-22 13:19:35.231-03	Dica gerada em 22/10 13:19	Registre receitas e despesas diariamente. Em 7 dias, você já enxerga padrões claros.	financeiro	rotina	75.00	manual
299	2025-10-22 13:19:56.212-03	Dica gerada em 22/10 13:19	Registre receitas e despesas diariamente. Em 7 dias, você já enxerga padrões claros.	financeiro	rotina	75.00	manual
300	2025-10-22 15:12:54.939-03	Dica gerada em 22/10 15:12	Registre receitas e despesas diariamente. Em 7 dias, você já enxerga padrões claros.	financeiro	rotina	75.00	manual
301	2025-10-23 19:11:39.167-03	Dica gerada em 23/10 19:11	Registre receitas e despesas diariamente. Em 7 dias, você já enxerga padrões claros.	financeiro	rotina	75.00	manual
302	2025-10-23 20:07:26.103-03	Dica gerada em 23/10 20:07	Registre receitas e despesas diariamente. Em 7 dias, você já enxerga padrões claros.	financeiro	rotina	75.00	manual
303	2025-10-23 20:10:58.636-03	Dica gerada em 23/10 20:10	Registre receitas e despesas diariamente. Em 7 dias, você já enxerga padrões claros.	financeiro	rotina	75.00	manual
304	2025-10-23 20:30:34.108-03	Dica gerada em 23/10 20:30	Registre receitas e despesas diariamente. Em 7 dias, você já enxerga padrões claros.	financeiro	rotina	75.00	manual
305	2025-10-23 20:45:00.3-03	Dica gerada em 23/10 20:45	Registre receitas e despesas diariamente. Em 7 dias, você já enxerga padrões claros.	financeiro	rotina	75.00	manual
306	2025-10-23 20:57:04.752-03	Dica gerada em 23/10 20:57	Registre receitas e despesas diariamente. Em 7 dias, você já enxerga padrões claros.	financeiro	rotina	75.00	manual
307	2025-10-23 20:57:05.848-03	Dica gerada em 23/10 20:57	Registre receitas e despesas diariamente. Em 7 dias, você já enxerga padrões claros.	financeiro	rotina	75.00	manual
308	2025-10-23 21:01:33.957-03	Dica gerada em 23/10 21:01	Registre receitas e despesas diariamente. Em 7 dias, você já enxerga padrões claros.	financeiro	rotina	75.00	manual
309	2025-10-23 22:10:10.492-03	Dica gerada em 23/10 22:10	Registre receitas e despesas diariamente. Em 7 dias, você já enxerga padrões claros.	financeiro	rotina	75.00	manual
310	2025-10-23 22:26:39.948-03	Dica gerada em 23/10 22:26	Registre receitas e despesas diariamente. Em 7 dias, você já enxerga padrões claros.	financeiro	rotina	75.00	manual
311	2025-10-24 12:50:50.718-03	Dica gerada em 24/10 12:50	Registre receitas e despesas diariamente. Em 7 dias, você já enxerga padrões claros.	financeiro	rotina	75.00	manual
312	2025-10-24 14:33:24.558-03	Dica gerada em 24/10 14:33	Registre receitas e despesas diariamente. Em 7 dias, você já enxerga padrões claros.	financeiro	rotina	75.00	manual
313	2025-10-24 17:00:14.273-03	Dica gerada em 24/10 17:00	Registre receitas e despesas diariamente. Em 7 dias, você já enxerga padrões claros.	financeiro	rotina	75.00	manual
314	2025-10-24 17:00:32.504-03	Dica gerada em 24/10 17:00	Registre receitas e despesas diariamente. Em 7 dias, você já enxerga padrões claros.	financeiro	rotina	75.00	manual
315	2025-10-24 17:05:00.433-03	Dica gerada em 24/10 17:05	Registre receitas e despesas diariamente. Em 7 dias, você já enxerga padrões claros.	financeiro	rotina	75.00	manual
316	2025-10-24 17:49:42.964-03	Dica gerada em 24/10 17:49	Registre receitas e despesas diariamente. Em 7 dias, você já enxerga padrões claros.	financeiro	rotina	75.00	manual
317	2025-10-24 17:50:59.81-03	Dica gerada em 24/10 17:50	Registre receitas e despesas diariamente. Em 7 dias, você já enxerga padrões claros.	financeiro	rotina	75.00	manual
318	2025-10-24 17:51:00.883-03	Dica gerada em 24/10 17:51	Registre receitas e despesas diariamente. Em 7 dias, você já enxerga padrões claros.	financeiro	rotina	75.00	manual
319	2025-10-24 18:43:43.241-03	Dica gerada em 24/10 18:43	Registre receitas e despesas diariamente. Em 7 dias, você já enxerga padrões claros.	financeiro	rotina	75.00	manual
320	2025-10-24 18:43:47.76-03	Dica gerada em 24/10 18:43	Registre receitas e despesas diariamente. Em 7 dias, você já enxerga padrões claros.	financeiro	rotina	75.00	manual
321	2025-10-24 18:44:37.896-03	Dica gerada em 24/10 18:44	Registre receitas e despesas diariamente. Em 7 dias, você já enxerga padrões claros.	financeiro	rotina	75.00	manual
322	2025-10-24 18:57:55.691-03	Dica gerada em 24/10 18:57	Registre receitas e despesas diariamente. Em 7 dias, você já enxerga padrões claros.	financeiro	rotina	75.00	manual
323	2025-10-24 18:57:56.684-03	Dica gerada em 24/10 18:57	Registre receitas e despesas diariamente. Em 7 dias, você já enxerga padrões claros.	financeiro	rotina	75.00	manual
324	2025-10-24 19:44:16.773-03	Dica gerada em 24/10 19:44	Registre receitas e despesas diariamente. Em 7 dias, você já enxerga padrões claros.	financeiro	rotina	75.00	manual
325	2025-10-24 19:52:12.305-03	Dica gerada em 24/10 19:52	Registre receitas e despesas diariamente. Em 7 dias, você já enxerga padrões claros.	financeiro	rotina	75.00	manual
326	2025-10-24 19:52:13.081-03	Dica gerada em 24/10 19:52	Registre receitas e despesas diariamente. Em 7 dias, você já enxerga padrões claros.	financeiro	rotina	75.00	manual
327	2025-10-24 19:53:04.912-03	Dica gerada em 24/10 19:53	Registre receitas e despesas diariamente. Em 7 dias, você já enxerga padrões claros.	financeiro	rotina	75.00	manual
328	2025-10-24 19:53:59.704-03	Dica gerada em 24/10 19:53	Registre receitas e despesas diariamente. Em 7 dias, você já enxerga padrões claros.	financeiro	rotina	75.00	manual
329	2025-10-24 19:54:01.32-03	Dica gerada em 24/10 19:54	Registre receitas e despesas diariamente. Em 7 dias, você já enxerga padrões claros.	financeiro	rotina	75.00	manual
330	2025-10-24 19:54:12.439-03	Dica gerada em 24/10 19:54	Registre receitas e despesas diariamente. Em 7 dias, você já enxerga padrões claros.	financeiro	rotina	75.00	manual
331	2025-10-24 19:54:13.576-03	Dica gerada em 24/10 19:54	Registre receitas e despesas diariamente. Em 7 dias, você já enxerga padrões claros.	financeiro	rotina	75.00	manual
332	2025-10-24 20:15:15.83-03	Dica gerada em 24/10 20:15	Registre receitas e despesas diariamente. Em 7 dias, você já enxerga padrões claros.	financeiro	rotina	75.00	manual
333	2025-10-24 20:15:16.985-03	Dica gerada em 24/10 20:15	Registre receitas e despesas diariamente. Em 7 dias, você já enxerga padrões claros.	financeiro	rotina	75.00	manual
334	2025-10-24 20:28:50.712-03	Dica gerada em 24/10 20:28	Registre receitas e despesas diariamente. Em 7 dias, você já enxerga padrões claros.	financeiro	rotina	75.00	manual
335	2025-10-24 20:28:59.176-03	Dica gerada em 24/10 20:28	Registre receitas e despesas diariamente. Em 7 dias, você já enxerga padrões claros.	financeiro	rotina	75.00	manual
336	2025-10-24 20:48:48.368-03	Dica gerada em 24/10 20:48	Registre receitas e despesas diariamente. Em 7 dias, você já enxerga padrões claros.	financeiro	rotina	75.00	manual
337	2025-10-24 21:16:22.21-03	Dica gerada em 24/10 21:16	Registre receitas e despesas diariamente. Em 7 dias, você já enxerga padrões claros.	financeiro	rotina	75.00	manual
338	2025-10-24 21:16:23.531-03	Dica gerada em 24/10 21:16	Registre receitas e despesas diariamente. Em 7 dias, você já enxerga padrões claros.	financeiro	rotina	75.00	manual
339	2025-10-24 21:16:24.043-03	Dica gerada em 24/10 21:16	Registre receitas e despesas diariamente. Em 7 dias, você já enxerga padrões claros.	financeiro	rotina	75.00	manual
340	2025-10-24 21:16:39.784-03	Dica gerada em 24/10 21:16	Registre receitas e despesas diariamente. Em 7 dias, você já enxerga padrões claros.	financeiro	rotina	75.00	manual
341	2025-10-24 21:17:13.073-03	Dica gerada em 24/10 21:17	Registre receitas e despesas diariamente. Em 7 dias, você já enxerga padrões claros.	financeiro	rotina	75.00	manual
342	2025-10-24 21:48:24.108-03	Dica gerada em 24/10 21:48	Registre receitas e despesas diariamente. Em 7 dias, você já enxerga padrões claros.	financeiro	rotina	75.00	manual
343	2025-10-24 21:48:24.891-03	Dica gerada em 24/10 21:48	Registre receitas e despesas diariamente. Em 7 dias, você já enxerga padrões claros.	financeiro	rotina	75.00	manual
344	2025-10-24 22:04:49.891-03	Dica gerada em 24/10 22:04	Registre receitas e despesas diariamente. Em 7 dias, você já enxerga padrões claros.	financeiro	rotina	75.00	manual
345	2025-10-24 22:04:50.547-03	Dica gerada em 24/10 22:04	Registre receitas e despesas diariamente. Em 7 dias, você já enxerga padrões claros.	financeiro	rotina	75.00	manual
346	2025-10-25 11:44:41.446-03	Dica gerada em 25/10 11:44	Registre receitas e despesas diariamente. Em 7 dias, você já enxerga padrões claros.	financeiro	rotina	75.00	manual
347	2025-10-25 11:44:42.063-03	Dica gerada em 25/10 11:44	Registre receitas e despesas diariamente. Em 7 dias, você já enxerga padrões claros.	financeiro	rotina	75.00	manual
348	2025-10-25 12:10:39.842-03	Dica gerada em 25/10 12:10	Registre receitas e despesas diariamente. Em 7 dias, você já enxerga padrões claros.	financeiro	rotina	75.00	manual
349	2025-10-25 12:11:17.244-03	Dica gerada em 25/10 12:11	Registre receitas e despesas diariamente. Em 7 dias, você já enxerga padrões claros.	financeiro	rotina	75.00	manual
350	2025-10-25 16:36:23.998-03	Dica gerada em 25/10 16:36	Registre receitas e despesas diariamente. Em 7 dias, você já enxerga padrões claros.	financeiro	rotina	75.00	manual
351	2025-10-25 16:36:24.822-03	Dica gerada em 25/10 16:36	Registre receitas e despesas diariamente. Em 7 dias, você já enxerga padrões claros.	financeiro	rotina	75.00	manual
352	2025-10-25 16:36:25.366-03	Dica gerada em 25/10 16:36	Registre receitas e despesas diariamente. Em 7 dias, você já enxerga padrões claros.	financeiro	rotina	75.00	manual
353	2025-10-27 16:22:36.256-03	Dica gerada em 27/10 16:22	Registre receitas e despesas diariamente. Em 7 dias, você já enxerga padrões claros.	financeiro	rotina	75.00	manual
354	2025-10-27 20:16:54.738-03	Dica gerada em 27/10 20:16	Registre receitas e despesas diariamente. Em 7 dias, você já enxerga padrões claros.	financeiro	rotina	75.00	manual
355	2025-10-27 20:16:55.241-03	Dica gerada em 27/10 20:16	Registre receitas e despesas diariamente. Em 7 dias, você já enxerga padrões claros.	financeiro	rotina	75.00	manual
356	2025-10-27 20:56:12.655-03	Dica gerada em 27/10 20:56	Registre receitas e despesas diariamente. Em 7 dias, você já enxerga padrões claros.	financeiro	rotina	75.00	manual
357	2025-10-27 20:56:13.151-03	Dica gerada em 27/10 20:56	Registre receitas e despesas diariamente. Em 7 dias, você já enxerga padrões claros.	financeiro	rotina	75.00	manual
358	2025-10-27 22:02:59.152-03	Dica gerada em 27/10 22:02	Registre receitas e despesas diariamente. Em 7 dias, você já enxerga padrões claros.	financeiro	rotina	75.00	manual
359	2025-10-27 22:02:59.648-03	Dica gerada em 27/10 22:02	Registre receitas e despesas diariamente. Em 7 dias, você já enxerga padrões claros.	financeiro	rotina	75.00	manual
360	2025-10-27 22:03:00.048-03	Dica gerada em 27/10 22:03	Registre receitas e despesas diariamente. Em 7 dias, você já enxerga padrões claros.	financeiro	rotina	75.00	manual
361	2025-10-27 22:03:28.007-03	Dica gerada em 27/10 22:03	Registre receitas e despesas diariamente. Em 7 dias, você já enxerga padrões claros.	financeiro	rotina	75.00	manual
362	2025-10-27 22:05:29.088-03	Dica gerada em 27/10 22:05	Registre receitas e despesas diariamente. Em 7 dias, você já enxerga padrões claros.	financeiro	rotina	75.00	manual
363	2025-10-27 22:12:25.004-03	Dica gerada em 27/10 22:12	Registre receitas e despesas diariamente. Em 7 dias, você já enxerga padrões claros.	financeiro	rotina	75.00	manual
364	2025-10-27 22:12:26.099-03	Dica gerada em 27/10 22:12	Registre receitas e despesas diariamente. Em 7 dias, você já enxerga padrões claros.	financeiro	rotina	75.00	manual
365	2025-10-28 11:38:50.418-03	Dica gerada em 28/10 11:38	Registre receitas e despesas diariamente. Em 7 dias, você já enxerga padrões claros.	financeiro	rotina	75.00	manual
366	2025-10-28 11:38:51.113-03	Dica gerada em 28/10 11:38	Registre receitas e despesas diariamente. Em 7 dias, você já enxerga padrões claros.	financeiro	rotina	75.00	manual
367	2025-10-29 15:16:27.204-03	Dica gerada em 29/10 15:16	Registre receitas e despesas diariamente. Em 7 dias, você já enxerga padrões claros.	financeiro	rotina	75.00	manual
368	2025-10-29 15:16:40.651-03	Dica gerada em 29/10 15:16	Registre receitas e despesas diariamente. Em 7 dias, você já enxerga padrões claros.	financeiro	rotina	75.00	manual
369	2025-10-29 15:21:49.995-03	Dica gerada em 29/10 15:21	Registre receitas e despesas diariamente. Em 7 dias, você já enxerga padrões claros.	financeiro	rotina	75.00	manual
370	2025-10-29 15:21:50.594-03	Dica gerada em 29/10 15:21	Registre receitas e despesas diariamente. Em 7 dias, você já enxerga padrões claros.	financeiro	rotina	75.00	manual
371	2025-10-29 15:44:07.999-03	Dica gerada em 29/10 15:44	Registre receitas e despesas diariamente. Em 7 dias, você já enxerga padrões claros.	financeiro	rotina	75.00	manual
372	2025-10-29 15:44:08.534-03	Dica gerada em 29/10 15:44	Registre receitas e despesas diariamente. Em 7 dias, você já enxerga padrões claros.	financeiro	rotina	75.00	manual
373	2025-10-29 21:43:25.251-03	Dica gerada em 29/10 21:43	Registre receitas e despesas diariamente. Em 7 dias, você já enxerga padrões claros.	financeiro	rotina	75.00	manual
374	2025-10-30 13:18:59.078-03	Dica gerada em 30/10 13:18	Registre receitas e despesas diariamente. Em 7 dias, você já enxerga padrões claros.	financeiro	rotina	75.00	manual
375	2025-10-31 15:13:14.901-03	Dica gerada em 31/10 15:13	Registre receitas e despesas diariamente. Em 7 dias, você já enxerga padrões claros.	financeiro	rotina	75.00	manual
376	2025-10-31 15:13:18.236-03	Dica gerada em 31/10 15:13	Registre receitas e despesas diariamente. Em 7 dias, você já enxerga padrões claros.	financeiro	rotina	75.00	manual
377	2025-10-31 15:13:19.238-03	Dica gerada em 31/10 15:13	Registre receitas e despesas diariamente. Em 7 dias, você já enxerga padrões claros.	financeiro	rotina	75.00	manual
378	2025-11-01 16:45:36.097-03	Dica gerada em 01/11 16:45	Registre receitas e despesas diariamente. Em 7 dias, você já enxerga padrões claros.	financeiro	rotina	75.00	manual
379	2025-11-01 16:45:37.026-03	Dica gerada em 01/11 16:45	Registre receitas e despesas diariamente. Em 7 dias, você já enxerga padrões claros.	financeiro	rotina	75.00	manual
380	2025-11-01 18:31:11.535-03	Dica gerada em 01/11 18:31	Registre receitas e despesas diariamente. Em 7 dias, você já enxerga padrões claros.	financeiro	rotina	75.00	manual
381	2025-11-01 20:41:57.926-03	Dica gerada em 01/11 20:41	Registre receitas e despesas diariamente. Em 7 dias, você já enxerga padrões claros.	financeiro	rotina	75.00	manual
382	2025-11-01 21:39:59.857-03	Dica gerada em 01/11 21:39	Registre receitas e despesas diariamente. Em 7 dias, você já enxerga padrões claros.	financeiro	rotina	75.00	manual
383	2025-11-01 21:40:04.192-03	Dica gerada em 01/11 21:40	Registre receitas e despesas diariamente. Em 7 dias, você já enxerga padrões claros.	financeiro	rotina	75.00	manual
384	2025-11-02 18:06:13.379-03	Dica gerada em 02/11 18:06	Registre receitas e despesas diariamente. Em 7 dias, você já enxerga padrões claros.	financeiro	rotina	75.00	manual
385	2025-11-02 18:06:14.034-03	Dica gerada em 02/11 18:06	Registre receitas e despesas diariamente. Em 7 dias, você já enxerga padrões claros.	financeiro	rotina	75.00	manual
386	2025-11-02 20:23:35.019-03	Dica gerada em 02/11 20:23	Registre receitas e despesas diariamente. Em 7 dias, você já enxerga padrões claros.	financeiro	rotina	75.00	manual
387	2025-11-02 20:23:35.906-03	Dica gerada em 02/11 20:23	Registre receitas e despesas diariamente. Em 7 dias, você já enxerga padrões claros.	financeiro	rotina	75.00	manual
388	2025-11-02 20:23:35.94-03	Dica gerada em 02/11 20:23	Registre receitas e despesas diariamente. Em 7 dias, você já enxerga padrões claros.	financeiro	rotina	75.00	manual
389	2025-11-02 23:37:59.608-03	Dica gerada em 02/11 23:37	Registre receitas e despesas diariamente. Em 7 dias, você já enxerga padrões claros.	financeiro	rotina	75.00	manual
390	2025-11-03 11:17:57.983-03	Dica gerada em 03/11 11:17	Registre receitas e despesas diariamente. Em 7 dias, você já enxerga padrões claros.	financeiro	rotina	75.00	manual
391	2025-11-03 11:18:29.31-03	Dica gerada em 03/11 11:18	Registre receitas e despesas diariamente. Em 7 dias, você já enxerga padrões claros.	financeiro	rotina	75.00	manual
392	2025-11-03 11:18:29.798-03	Dica gerada em 03/11 11:18	Registre receitas e despesas diariamente. Em 7 dias, você já enxerga padrões claros.	financeiro	rotina	75.00	manual
393	2025-11-03 11:18:33.71-03	Dica gerada em 03/11 11:18	Registre receitas e despesas diariamente. Em 7 dias, você já enxerga padrões claros.	financeiro	rotina	75.00	manual
394	2025-11-03 15:38:08.072-03	Dica gerada em 03/11 15:38	Registre receitas e despesas diariamente. Em 7 dias, você já enxerga padrões claros.	financeiro	rotina	75.00	manual
395	2025-11-03 15:38:08.592-03	Dica gerada em 03/11 15:38	Registre receitas e despesas diariamente. Em 7 dias, você já enxerga padrões claros.	financeiro	rotina	75.00	manual
396	2025-11-03 15:38:09.008-03	Dica gerada em 03/11 15:38	Registre receitas e despesas diariamente. Em 7 dias, você já enxerga padrões claros.	financeiro	rotina	75.00	manual
397	2025-11-03 15:38:09.328-03	Dica gerada em 03/11 15:38	Registre receitas e despesas diariamente. Em 7 dias, você já enxerga padrões claros.	financeiro	rotina	75.00	manual
398	2025-11-04 19:33:53.82-03	Dica gerada em 04/11 19:33	Registre receitas e despesas diariamente. Em 7 dias, você já enxerga padrões claros.	financeiro	rotina	75.00	manual
399	2025-11-04 19:37:05.471-03	Dica gerada em 04/11 19:37	Registre receitas e despesas diariamente. Em 7 dias, você já enxerga padrões claros.	financeiro	rotina	75.00	manual
400	2025-11-04 20:04:11.842-03	Dica gerada em 04/11 20:04	Registre receitas e despesas diariamente. Em 7 dias, você já enxerga padrões claros.	financeiro	rotina	75.00	manual
401	2025-11-04 20:04:12.561-03	Dica gerada em 04/11 20:04	Registre receitas e despesas diariamente. Em 7 dias, você já enxerga padrões claros.	financeiro	rotina	75.00	manual
402	2025-11-04 20:04:12.977-03	Dica gerada em 04/11 20:04	Registre receitas e despesas diariamente. Em 7 dias, você já enxerga padrões claros.	financeiro	rotina	75.00	manual
403	2025-11-04 20:04:13.305-03	Dica gerada em 04/11 20:04	Registre receitas e despesas diariamente. Em 7 dias, você já enxerga padrões claros.	financeiro	rotina	75.00	manual
404	2025-11-04 20:04:13.577-03	Dica gerada em 04/11 20:04	Registre receitas e despesas diariamente. Em 7 dias, você já enxerga padrões claros.	financeiro	rotina	75.00	manual
405	2025-11-04 20:04:13.841-03	Dica gerada em 04/11 20:04	Registre receitas e despesas diariamente. Em 7 dias, você já enxerga padrões claros.	financeiro	rotina	75.00	manual
406	2025-11-04 20:05:22.521-03	Dica gerada em 04/11 20:05	Registre receitas e despesas diariamente. Em 7 dias, você já enxerga padrões claros.	financeiro	rotina	75.00	manual
407	2025-11-04 20:05:23.48-03	Dica gerada em 04/11 20:05	Registre receitas e despesas diariamente. Em 7 dias, você já enxerga padrões claros.	financeiro	rotina	75.00	manual
408	2025-11-04 20:05:24.32-03	Dica gerada em 04/11 20:05	Registre receitas e despesas diariamente. Em 7 dias, você já enxerga padrões claros.	financeiro	rotina	75.00	manual
409	2025-11-04 20:05:27.425-03	Dica gerada em 04/11 20:05	Registre receitas e despesas diariamente. Em 7 dias, você já enxerga padrões claros.	financeiro	rotina	75.00	manual
410	2025-11-04 20:52:16.484-03	Dica gerada em 04/11 20:52	Registre receitas e despesas diariamente. Em 7 dias, você já enxerga padrões claros.	financeiro	rotina	75.00	manual
411	2025-11-04 20:52:17.291-03	Dica gerada em 04/11 20:52	Registre receitas e despesas diariamente. Em 7 dias, você já enxerga padrões claros.	financeiro	rotina	75.00	manual
412	2025-11-04 20:52:23.195-03	Dica gerada em 04/11 20:52	Registre receitas e despesas diariamente. Em 7 dias, você já enxerga padrões claros.	financeiro	rotina	75.00	manual
413	2025-11-04 20:52:23.659-03	Dica gerada em 04/11 20:52	Registre receitas e despesas diariamente. Em 7 dias, você já enxerga padrões claros.	financeiro	rotina	75.00	manual
\.


--
-- Data for Name: financeiro_recomendacaoia; Type: TABLE DATA; Schema: public; Owner: spaco_jhusena_user
--

COPY public.financeiro_recomendacaoia (id, texto, tipo, criado_em, usuario_id) FROM stdin;
1186	Ótimo! Despesas caíram. Reforce a reserva e mantenha o controle dos custos.	positiva	2026-01-04 20:06:37.117754-03	4
1187	Ótimo! Despesas caíram. Reforce a reserva e mantenha o controle dos custos.	positiva	2026-01-04 20:38:55.858302-03	4
1188	Ótimo! Despesas caíram. Reforce a reserva e mantenha o controle dos custos.	positiva	2026-01-04 20:46:37.24034-03	4
1189	Corte 10-15% de despesas variáveis nesta semana e adie compras não essenciais.	neutra	2026-01-04 20:52:24.400347-03	4
1190	Corte 10-15% de despesas variáveis nesta semana e adie compras não essenciais.	neutra	2026-01-04 20:52:31.486333-03	4
1191	Corte 10-15% de despesas variáveis nesta semana e adie compras não essenciais.	neutra	2026-01-04 20:55:07.877404-03	4
1192	Corte 10-15% de despesas variáveis nesta semana e adie compras não essenciais.	neutra	2026-01-04 20:59:11.940214-03	4
1193	Corte 10-15% de despesas variáveis nesta semana e adie compras não essenciais.	neutra	2026-01-04 21:04:02.19279-03	4
1161	Reforce a reserva e avalie aporte extra (1–2%) no Tesouro Selic.	neutra	2026-01-04 10:55:36.833462-03	4
1162	Reforce a reserva e avalie aporte extra (1–2%) no Tesouro Selic.	neutra	2026-01-04 10:55:49.566631-03	4
1163	Reforce a reserva e avalie aporte extra (1–2%) no Tesouro Selic.	neutra	2026-01-04 10:57:01.549157-03	4
1177	Ótimo! Despesas caíram. Reforce a reserva e mantenha o controle dos custos.	positiva	2026-01-04 12:49:51.205661-03	4
1164	Reforce a reserva e avalie aporte extra (1–2%) no Tesouro Selic.	neutra	2026-01-04 11:04:13.974491-03	4
1178	Ótimo! Despesas caíram. Reforce a reserva e mantenha o controle dos custos.	positiva	2026-01-04 12:56:27.068852-03	4
1165	Reforce a reserva e avalie aporte extra (1–2%) no Tesouro Selic.	neutra	2026-01-04 11:04:30.443779-03	4
1179	Ótimo! Despesas caíram. Reforce a reserva e mantenha o controle dos custos.	positiva	2026-01-04 12:58:47.596906-03	4
1166	Reforce a reserva e avalie aporte extra (1–2%) no Tesouro Selic.	neutra	2026-01-04 11:11:14.240711-03	4
1180	Ótimo! Despesas caíram. Reforce a reserva e mantenha o controle dos custos.	positiva	2026-01-04 13:32:34.223137-03	4
1167	Reforce a reserva e avalie aporte extra (1–2%) no Tesouro Selic.	neutra	2026-01-04 11:21:46.135529-03	4
1181	Ótimo! Despesas caíram. Reforce a reserva e mantenha o controle dos custos.	positiva	2026-01-04 13:37:38.800634-03	4
1168	Reforce a reserva e avalie aporte extra (1–2%) no Tesouro Selic.	neutra	2026-01-04 11:26:36.788939-03	4
1182	Ótimo! Despesas caíram. Reforce a reserva e mantenha o controle dos custos.	positiva	2026-01-04 13:38:06.468189-03	4
1169	Reforce a reserva e avalie aporte extra (1–2%) no Tesouro Selic.	neutra	2026-01-04 11:46:09.888825-03	4
1183	Ótimo! Despesas caíram. Reforce a reserva e mantenha o controle dos custos.	positiva	2026-01-04 15:10:43.719439-03	4
1170	Ótimo! Despesas caíram. Reforce a reserva e mantenha o controle dos custos.	positiva	2026-01-04 12:15:10.232174-03	4
1184	Ótimo! Despesas caíram. Reforce a reserva e mantenha o controle dos custos.	positiva	2026-01-04 19:00:40.191418-03	4
1171	Ótimo! Despesas caíram. Reforce a reserva e mantenha o controle dos custos.	positiva	2026-01-04 12:18:10.396546-03	4
1185	Ótimo! Despesas caíram. Reforce a reserva e mantenha o controle dos custos.	positiva	2026-01-04 19:00:48.099745-03	4
1172	Ótimo! Despesas caíram. Reforce a reserva e mantenha o controle dos custos.	positiva	2026-01-04 12:33:28.016245-03	4
1173	Ótimo! Despesas caíram. Reforce a reserva e mantenha o controle dos custos.	positiva	2026-01-04 12:38:12.16686-03	4
1174	Ótimo! Despesas caíram. Reforce a reserva e mantenha o controle dos custos.	positiva	2026-01-04 12:42:03.474343-03	4
1175	Ótimo! Despesas caíram. Reforce a reserva e mantenha o controle dos custos.	positiva	2026-01-04 12:42:46.574574-03	4
1176	Ótimo! Despesas caíram. Reforce a reserva e mantenha o controle dos custos.	positiva	2026-01-04 12:44:32.002667-03	4
\.


--
-- Data for Name: financeiro_transacao; Type: TABLE DATA; Schema: public; Owner: spaco_jhusena_user
--

COPY public.financeiro_transacao (id, tipo, descricao, valor, data, categoria, venda_id) FROM stdin;
2	receita	Banho & Tosa	70.00	2025-10-05	Serviços	\N
3	despesa	shampoo	30.00	2025-10-05	Produtos	\N
10	despesa	shampoo	50.00	2025-11-04	Produtos	\N
11	receita	tosa	100.00	2025-11-03	Serviços	\N
12	despesa	Shampoo	60.00	2025-11-03	Produtos	\N
13	despesa	Ração	1000.00	2025-11-04	Despesas Fixas	\N
14	R	Venda #7	300.00	2025-11-18	Venda (PDV)	\N
15	receita	Venda #8	450.00	2025-11-21	Venda (PDV)	\N
16	R	Venda #11	350.00	2025-12-02	Venda (PDV)	\N
17	receita	Venda #11	350.00	2025-12-02	Vendas	11
18	R	Venda #12	350.00	2025-12-02	Venda (PDV)	\N
19	receita	Venda #12	350.00	2025-12-02	Vendas	12
20	R	Venda #13	300.00	2025-12-02	Venda (PDV)	\N
21	receita	Venda #13	300.00	2025-12-02	Vendas	13
22	R	Venda #14	300.00	2025-12-02	Venda (PDV)	\N
23	receita	Venda #14	300.00	2025-12-02	Vendas	14
24	receita	TESTE RECEITA	10.00	2025-12-04	\N	\N
25	despesa	TESTE DESPESA	5.00	2025-12-04	\N	\N
27	receita	banho completo	100.00	2025-12-05	banho	\N
29	despesa	compra de shampoo	20.00	2025-12-05	produtos	\N
30	R	Venda #15	200.00	2025-12-08	Venda (PDV)	\N
31	receita	Venda #15	200.00	2025-12-08	Vendas	15
32	R	Venda #16	200.00	2025-12-08	Venda (PDV)	\N
33	receita	Venda #16	200.00	2025-12-08	Vendas	16
34	R	Venda #17	200.00	2025-12-08	Venda (PDV)	\N
35	receita	Venda #17	200.00	2025-12-08	Vendas	17
36	R	Venda #18	200.00	2025-12-08	Venda (PDV)	\N
37	receita	Venda #18	200.00	2025-12-08	Vendas	18
38	R	Venda #19	200.00	2025-12-08	Venda (PDV)	\N
39	receita	Venda #19	200.00	2025-12-08	Vendas	19
40	R	Venda #20	200.00	2025-12-08	Venda (PDV)	\N
41	receita	Venda #20	200.00	2025-12-08	Vendas	20
43	receita	Venda #21	200.00	2025-12-08	Venda (PDV)	21
45	receita	Venda #22	200.00	2025-12-08	Venda (PDV)	22
47	receita	Venda #23	200.00	2025-12-08	Venda (PDV)	23
49	receita	Venda #24	1200.00	2025-12-08	Venda (PDV)	24
51	receita	Venda #25	2000.00	2025-12-09	Venda (PDV)	25
52	receita	Venda #28	10.00	2025-12-10	Venda (PDV)	28
53	R	Serviço concluído: Banho & Tosa —	70.00	2025-12-15	\N	\N
54	R	Serviço concluído: Banho & Tosa —	70.00	2025-12-15	\N	\N
55	R	Serviço concluído: Banho & Tosa —	70.00	2025-12-15	\N	\N
56	R	Serviço concluído: Banho & Tosa —	70.00	2025-12-15	\N	\N
57	R	Serviço concluído: Banho & Tosa —	70.00	2025-12-15	\N	\N
58	R	Serviço concluído: Banho & Tosa —	70.00	2025-12-15	\N	\N
59	R	Serviço concluído: Banho & Tosa —	70.00	2025-12-15	\N	\N
60	R	Serviço concluído: Banho & Tosa —	70.00	2025-12-15	\N	\N
61	R	Serviço concluído: Banho & Tosa —	70.00	2025-12-15	\N	\N
62	R	Serviço concluído: Banho & Tosa —	70.00	2025-12-15	\N	\N
63	R	Serviço concluído: Banho & Tosa —	70.00	2025-12-15	\N	\N
64	R	Serviço concluído: Banho & Tosa —	70.00	2025-12-15	\N	\N
65	R	Serviço concluído: Banho & Tosa —	70.00	2025-12-15	\N	\N
66	R	Serviço concluído: Banho & Tosa —	70.00	2025-12-15	\N	\N
67	R	Serviço concluído: Banho & Tosa —	70.00	2025-12-15	\N	\N
68	R	Serviço concluído: Banho & Tosa —	70.00	2025-12-15	\N	\N
69	R	Serviço concluído: Banho & Tosa —	70.00	2025-12-15	\N	\N
70	R	Serviço concluído: Banho & Tosa —	70.00	2025-12-15	\N	\N
71	R	Serviço concluído: Banho & Tosa —	70.00	2025-12-15	\N	\N
72	R	Serviço concluído: Banho & Tosa —	70.00	2025-12-15	\N	\N
73	R	Serviço concluído: Banho & Tosa —	70.00	2025-12-15	\N	\N
74	R	Serviço concluído: Banho & Tosa —	70.00	2025-12-16	\N	\N
75	R	Serviço concluído: Banho & Tosa —	70.00	2025-12-16	\N	\N
76	despesa	compra vacina	10000.00	2026-01-04	\N	\N
77	despesa	compra vacina	10000.00	2026-01-04	\N	\N
78	despesa	compra vacina	10000.00	2026-01-04	\N	\N
\.


--
-- Data for Name: notificacoes_canalnotificacaousuario; Type: TABLE DATA; Schema: public; Owner: spaco_jhusena_user
--

COPY public.notificacoes_canalnotificacaousuario (id, canal, destino, ativo, criado_em, usuario_id) FROM stdin;
\.


--
-- Data for Name: notificacoes_execucaoiaauto; Type: TABLE DATA; Schema: public; Owner: spaco_jhusena_user
--

COPY public.notificacoes_execucaoiaauto (id, criado_em, origem, tipo, texto, canal, sucesso_envio, erro_envio, meta, usuario_id) FROM stdin;
1	2025-11-27 14:55:07.258-03	auto	alerta	Corte 10–15% de despesas variáveis nesta semana e adie compras não essenciais.	telegram	t		{"fim": "2025-11-27", "tipo": "alerta", "saldo": -560.0, "inicio": "2025-10-28", "despesas": 1110.0, "receitas": 550.0, "margem_pct": -101.8, "plano_acao": "Corte 10–15% de despesas variáveis nesta semana e adie compras não essenciais.", "variacao_despesas_pct": 3600.0, "variacao_receitas_pct": 685.7}	\N
\.


--
-- Data for Name: notificacoes_notificacao; Type: TABLE DATA; Schema: public; Owner: spaco_jhusena_user
--

COPY public.notificacoes_notificacao (id, canal, destino, titulo, mensagem, status, erro_msg, criado_em, enviado_em, usuario_id) FROM stdin;
1	telegram	TESTE_LOCAL	Dica financeira da IA	Corte 10–15% de despesas variáveis nesta semana e adie compras não essenciais.	enviado		2025-11-24 16:24:18.443-03	2025-11-24 16:24:18.448-03	\N
2	telegram	TESTE_LOCAL	Dica financeira da IA	Corte 10–15% de despesas variáveis nesta semana e adie compras não essenciais.	enviado		2025-11-24 16:24:38.978-03	2025-11-24 16:24:38.982-03	\N
322	whatsapp	TESTE_LOCAL	Dica financeira da IA	Ótimo! Despesas caíram. Reforce a reserva e mantenha o controle dos custos.	enviado		2026-01-04 20:06:37.127451-03	2026-01-04 20:06:37.130161-03	4
323	whatsapp	TESTE_LOCAL	Dica financeira da IA	Ótimo! Despesas caíram. Reforce a reserva e mantenha o controle dos custos.	enviado		2026-01-04 20:38:55.867856-03	2026-01-04 20:38:55.870502-03	4
324	whatsapp	TESTE_LOCAL	Dica financeira da IA	Ótimo! Despesas caíram. Reforce a reserva e mantenha o controle dos custos.	enviado		2026-01-04 20:46:37.248453-03	2026-01-04 20:46:37.250503-03	4
325	whatsapp	TESTE_LOCAL	Dica financeira da IA	Corte 10-15% de despesas variáveis nesta semana e adie compras não essenciais.	enviado		2026-01-04 20:52:24.408846-03	2026-01-04 20:52:24.411607-03	4
326	whatsapp	TESTE_LOCAL	Dica financeira da IA	Corte 10-15% de despesas variáveis nesta semana e adie compras não essenciais.	enviado		2026-01-04 20:52:31.495398-03	2026-01-04 20:52:31.497799-03	4
327	whatsapp	TESTE_LOCAL	Dica financeira da IA	Corte 10-15% de despesas variáveis nesta semana e adie compras não essenciais.	enviado		2026-01-04 20:55:07.885002-03	2026-01-04 20:55:07.887402-03	4
328	whatsapp	TESTE_LOCAL	Dica financeira da IA	Corte 10-15% de despesas variáveis nesta semana e adie compras não essenciais.	enviado		2026-01-04 20:59:11.947738-03	2026-01-04 20:59:11.950145-03	4
329	whatsapp	TESTE_LOCAL	Dica financeira da IA	Corte 10-15% de despesas variáveis nesta semana e adie compras não essenciais.	enviado		2026-01-04 21:04:02.200114-03	2026-01-04 21:04:02.20283-03	4
296	whatsapp	TESTE_LOCAL	Dica financeira da IA	Reforce a reserva e avalie aporte extra (1–2%) no Tesouro Selic.	enviado		2026-01-04 10:55:36.846136-03	2026-01-04 10:55:36.849028-03	4
303	whatsapp	TESTE_LOCAL	Dica financeira da IA	Reforce a reserva e avalie aporte extra (1–2%) no Tesouro Selic.	enviado		2026-01-04 11:21:46.14328-03	2026-01-04 11:21:46.145548-03	4
310	whatsapp	TESTE_LOCAL	Dica financeira da IA	Ótimo! Despesas caíram. Reforce a reserva e mantenha o controle dos custos.	enviado		2026-01-04 12:42:03.481808-03	2026-01-04 12:42:03.484405-03	4
317	whatsapp	TESTE_LOCAL	Dica financeira da IA	Ótimo! Despesas caíram. Reforce a reserva e mantenha o controle dos custos.	enviado		2026-01-04 13:37:38.808194-03	2026-01-04 13:37:38.810042-03	4
297	whatsapp	TESTE_LOCAL	Dica financeira da IA	Reforce a reserva e avalie aporte extra (1–2%) no Tesouro Selic.	enviado		2026-01-04 10:55:49.573996-03	2026-01-04 10:55:49.57566-03	4
304	whatsapp	TESTE_LOCAL	Dica financeira da IA	Reforce a reserva e avalie aporte extra (1–2%) no Tesouro Selic.	enviado		2026-01-04 11:26:36.798517-03	2026-01-04 11:26:36.800736-03	4
311	whatsapp	TESTE_LOCAL	Dica financeira da IA	Ótimo! Despesas caíram. Reforce a reserva e mantenha o controle dos custos.	enviado		2026-01-04 12:42:46.582132-03	2026-01-04 12:42:46.584874-03	4
318	whatsapp	TESTE_LOCAL	Dica financeira da IA	Ótimo! Despesas caíram. Reforce a reserva e mantenha o controle dos custos.	enviado		2026-01-04 13:38:06.474731-03	2026-01-04 13:38:06.476371-03	4
298	whatsapp	TESTE_LOCAL	Dica financeira da IA	Reforce a reserva e avalie aporte extra (1–2%) no Tesouro Selic.	enviado		2026-01-04 10:57:01.556834-03	2026-01-04 10:57:01.558626-03	4
305	whatsapp	TESTE_LOCAL	Dica financeira da IA	Reforce a reserva e avalie aporte extra (1–2%) no Tesouro Selic.	enviado		2026-01-04 11:46:09.896687-03	2026-01-04 11:46:09.899876-03	4
312	whatsapp	TESTE_LOCAL	Dica financeira da IA	Ótimo! Despesas caíram. Reforce a reserva e mantenha o controle dos custos.	enviado		2026-01-04 12:44:32.009319-03	2026-01-04 12:44:32.011763-03	4
319	whatsapp	TESTE_LOCAL	Dica financeira da IA	Ótimo! Despesas caíram. Reforce a reserva e mantenha o controle dos custos.	enviado		2026-01-04 15:10:43.727212-03	2026-01-04 15:10:43.729519-03	4
299	whatsapp	TESTE_LOCAL	Dica financeira da IA	Reforce a reserva e avalie aporte extra (1–2%) no Tesouro Selic.	enviado		2026-01-04 11:04:13.982351-03	2026-01-04 11:04:13.985007-03	4
306	whatsapp	TESTE_LOCAL	Dica financeira da IA	Ótimo! Despesas caíram. Reforce a reserva e mantenha o controle dos custos.	enviado		2026-01-04 12:15:10.239857-03	2026-01-04 12:15:10.243024-03	4
313	whatsapp	TESTE_LOCAL	Dica financeira da IA	Ótimo! Despesas caíram. Reforce a reserva e mantenha o controle dos custos.	enviado		2026-01-04 12:49:51.213877-03	2026-01-04 12:49:51.21634-03	4
320	whatsapp	TESTE_LOCAL	Dica financeira da IA	Ótimo! Despesas caíram. Reforce a reserva e mantenha o controle dos custos.	enviado		2026-01-04 19:00:40.205845-03	2026-01-04 19:00:40.208129-03	4
300	telegram	TESTE_LOCAL	Dica financeira da IA	📊 *Dica Inteligente da IA*\nPeríodo analisado:  → \nTipo: ℹ️ Neutra\n\n💡 Reforce a reserva e avalie aporte extra (1–2%) no Tesouro Selic.\n\n_Spaço da Jhuséna — Inteligência Financeira_	erro	TELEGRAM_BOT_TOKEN não configurado no settings.	2026-01-04 11:04:26.175518-03	\N	4
307	whatsapp	TESTE_LOCAL	Dica financeira da IA	Ótimo! Despesas caíram. Reforce a reserva e mantenha o controle dos custos.	enviado		2026-01-04 12:18:10.403723-03	2026-01-04 12:18:10.406622-03	4
314	whatsapp	TESTE_LOCAL	Dica financeira da IA	Ótimo! Despesas caíram. Reforce a reserva e mantenha o controle dos custos.	enviado		2026-01-04 12:56:27.07726-03	2026-01-04 12:56:27.079786-03	4
321	whatsapp	TESTE_LOCAL	Dica financeira da IA	Ótimo! Despesas caíram. Reforce a reserva e mantenha o controle dos custos.	enviado		2026-01-04 19:00:48.107411-03	2026-01-04 19:00:48.109657-03	4
301	whatsapp	TESTE_LOCAL	Dica financeira da IA	Reforce a reserva e avalie aporte extra (1–2%) no Tesouro Selic.	enviado		2026-01-04 11:04:30.451422-03	2026-01-04 11:04:30.453481-03	4
308	whatsapp	TESTE_LOCAL	Dica financeira da IA	Ótimo! Despesas caíram. Reforce a reserva e mantenha o controle dos custos.	enviado		2026-01-04 12:33:28.025152-03	2026-01-04 12:33:28.027313-03	4
315	whatsapp	TESTE_LOCAL	Dica financeira da IA	Ótimo! Despesas caíram. Reforce a reserva e mantenha o controle dos custos.	enviado		2026-01-04 12:58:47.603876-03	2026-01-04 12:58:47.605586-03	4
302	whatsapp	TESTE_LOCAL	Dica financeira da IA	Reforce a reserva e avalie aporte extra (1–2%) no Tesouro Selic.	enviado		2026-01-04 11:11:14.249818-03	2026-01-04 11:11:14.252288-03	4
309	whatsapp	TESTE_LOCAL	Dica financeira da IA	Ótimo! Despesas caíram. Reforce a reserva e mantenha o controle dos custos.	enviado		2026-01-04 12:38:12.174018-03	2026-01-04 12:38:12.175813-03	4
316	whatsapp	TESTE_LOCAL	Dica financeira da IA	Ótimo! Despesas caíram. Reforce a reserva e mantenha o controle dos custos.	enviado		2026-01-04 13:32:34.23649-03	2026-01-04 13:32:34.23888-03	4
\.


--
-- Data for Name: produtos_produto; Type: TABLE DATA; Schema: public; Owner: spaco_jhusena_user
--

COPY public.produtos_produto (id, nome, codigo_barras, preco_venda, custo, estoque, categoria, unidade) FROM stdin;
1	Shampoo	fddd	50.00	20.00	10	limpesa	ml
\.


--
-- Data for Name: servicos_servico; Type: TABLE DATA; Schema: public; Owner: spaco_jhusena_user
--

COPY public.servicos_servico (id, nome, preco, duracao) FROM stdin;
2	Banho	50.00	00:00:30
3	Tosa	60.00	00:00:50
4	Banho & Tosa	70.00	00:00:32
\.


--
-- Data for Name: usuarios_usuario; Type: TABLE DATA; Schema: public; Owner: spaco_jhusena_user
--

COPY public.usuarios_usuario (id, nome) FROM stdin;
\.


--
-- Data for Name: vendas_itemvenda; Type: TABLE DATA; Schema: public; Owner: spaco_jhusena_user
--

COPY public.vendas_itemvenda (id, quantidade, preco_unitario, produto_id, venda_id) FROM stdin;
5	1.000	210.00	2	5
6	1.000	150.00	3	6
7	2.000	150.00	3	7
8	3.000	150.00	2	8
9	0.000	0.00	3	9
10	0.000	0.00	3	10
11	1.000	350.00	3	11
12	1.000	350.00	3	12
13	2.000	150.00	2	13
14	2.000	150.00	2	14
15	1.000	200.00	4	15
16	1.000	200.00	4	16
17	1.000	200.00	4	17
18	1.000	200.00	4	18
19	1.000	200.00	4	19
20	1.000	200.00	4	20
21	1.000	200.00	4	21
22	1.000	200.00	4	22
23	1.000	200.00	4	23
24	6.000	200.00	4	24
25	10.000	200.00	4	25
26	2.000	0.00	2	27
27	1.000	10.00	2	28
\.


--
-- Data for Name: vendas_venda; Type: TABLE DATA; Schema: public; Owner: spaco_jhusena_user
--

COPY public.vendas_venda (id, data, total, observacao) FROM stdin;
5	2025-11-17 16:12:34-03	210.00	Venda ração 1
6	2025-11-18 18:31:40-03	150.00	2 venda de teste
7	2025-11-18 18:41:55-03	300.00	3 venda teste
8	2025-11-21 21:55:42-03	450.00	venda 3 teste
9	2025-12-02 18:57:21-03	0.00	
10	2025-12-02 18:57:21-03	0.00	
11	2025-12-02 18:57:55-03	350.00	
12	2025-12-02 18:57:55-03	350.00	
13	2025-12-02 19:03:33-03	300.00	
14	2025-12-02 19:03:33-03	300.00	
15	2025-12-08 19:44:49-03	200.00	
16	2025-12-08 20:35:45-03	200.00	
17	2025-12-08 20:47:31-03	200.00	
18	2025-12-08 20:47:31-03	200.00	
19	2025-12-08 20:50:14-03	200.00	
20	2025-12-08 20:50:14-03	200.00	
21	2025-12-08 21:34:10-03	200.00	
22	2025-12-08 21:37:47-03	200.00	testando
23	2025-12-08 21:43:36-03	200.00	
24	2025-12-08 22:14:02-03	1200.00	
25	2025-12-09 12:07:17-03	2000.00	
26	2025-12-10 17:15:17.107-03	0.00	
27	2025-12-10 17:15:51.304-03	0.00	
28	2025-12-10 17:47:05.711-03	10.00	Teste FIFO automático no save
29	2025-12-13 22:09:29-03	0.00	
\.


--
-- Name: agendamentos_agendamento_id_seq; Type: SEQUENCE SET; Schema: public; Owner: spaco_jhusena_user
--

SELECT pg_catalog.setval('public.agendamentos_agendamento_id_seq', 24, true);


--
-- Name: auth_group_id_seq; Type: SEQUENCE SET; Schema: public; Owner: spaco_jhusena_user
--

SELECT pg_catalog.setval('public.auth_group_id_seq', 1, false);


--
-- Name: auth_group_permissions_id_seq; Type: SEQUENCE SET; Schema: public; Owner: spaco_jhusena_user
--

SELECT pg_catalog.setval('public.auth_group_permissions_id_seq', 1, false);


--
-- Name: auth_permission_id_seq; Type: SEQUENCE SET; Schema: public; Owner: spaco_jhusena_user
--

SELECT pg_catalog.setval('public.auth_permission_id_seq', 92, true);


--
-- Name: auth_user_groups_id_seq; Type: SEQUENCE SET; Schema: public; Owner: spaco_jhusena_user
--

SELECT pg_catalog.setval('public.auth_user_groups_id_seq', 1, false);


--
-- Name: auth_user_id_seq; Type: SEQUENCE SET; Schema: public; Owner: spaco_jhusena_user
--

SELECT pg_catalog.setval('public.auth_user_id_seq', 4, true);


--
-- Name: auth_user_user_permissions_id_seq; Type: SEQUENCE SET; Schema: public; Owner: spaco_jhusena_user
--

SELECT pg_catalog.setval('public.auth_user_user_permissions_id_seq', 1, false);


--
-- Name: django_admin_log_id_seq; Type: SEQUENCE SET; Schema: public; Owner: spaco_jhusena_user
--

SELECT pg_catalog.setval('public.django_admin_log_id_seq', 8, true);


--
-- Name: django_content_type_id_seq; Type: SEQUENCE SET; Schema: public; Owner: spaco_jhusena_user
--

SELECT pg_catalog.setval('public.django_content_type_id_seq', 23, true);


--
-- Name: django_migrations_id_seq; Type: SEQUENCE SET; Schema: public; Owner: spaco_jhusena_user
--

SELECT pg_catalog.setval('public.django_migrations_id_seq', 47, true);


--
-- Name: estoque_itemestoque_id_seq; Type: SEQUENCE SET; Schema: public; Owner: spaco_jhusena_user
--

SELECT pg_catalog.setval('public.estoque_itemestoque_id_seq', 1, true);


--
-- Name: estoque_loteproduto_id_seq; Type: SEQUENCE SET; Schema: public; Owner: spaco_jhusena_user
--

SELECT pg_catalog.setval('public.estoque_loteproduto_id_seq', 3, true);


--
-- Name: estoque_movimentoestoque_id_seq; Type: SEQUENCE SET; Schema: public; Owner: spaco_jhusena_user
--

SELECT pg_catalog.setval('public.estoque_movimentoestoque_id_seq', 42, true);


--
-- Name: estoque_produto_id_seq; Type: SEQUENCE SET; Schema: public; Owner: spaco_jhusena_user
--

SELECT pg_catalog.setval('public.estoque_produto_id_seq', 5, true);


--
-- Name: financeiro_historicoia_id_seq; Type: SEQUENCE SET; Schema: public; Owner: spaco_jhusena_user
--

SELECT pg_catalog.setval('public.financeiro_historicoia_id_seq', 32, true);


--
-- Name: financeiro_insight_id_seq; Type: SEQUENCE SET; Schema: public; Owner: spaco_jhusena_user
--

SELECT pg_catalog.setval('public.financeiro_insight_id_seq', 413, true);


--
-- Name: financeiro_recomendacaoia_id_seq; Type: SEQUENCE SET; Schema: public; Owner: spaco_jhusena_user
--

SELECT pg_catalog.setval('public.financeiro_recomendacaoia_id_seq', 1193, true);


--
-- Name: financeiro_transacao_id_seq; Type: SEQUENCE SET; Schema: public; Owner: spaco_jhusena_user
--

SELECT pg_catalog.setval('public.financeiro_transacao_id_seq', 78, true);


--
-- Name: notificacoes_canalnotificacaousuario_id_seq; Type: SEQUENCE SET; Schema: public; Owner: spaco_jhusena_user
--

SELECT pg_catalog.setval('public.notificacoes_canalnotificacaousuario_id_seq', 3, true);


--
-- Name: notificacoes_execucaoiaauto_id_seq; Type: SEQUENCE SET; Schema: public; Owner: spaco_jhusena_user
--

SELECT pg_catalog.setval('public.notificacoes_execucaoiaauto_id_seq', 1, true);


--
-- Name: notificacoes_notificacao_id_seq; Type: SEQUENCE SET; Schema: public; Owner: spaco_jhusena_user
--

SELECT pg_catalog.setval('public.notificacoes_notificacao_id_seq', 329, true);


--
-- Name: produtos_produto_id_seq; Type: SEQUENCE SET; Schema: public; Owner: spaco_jhusena_user
--

SELECT pg_catalog.setval('public.produtos_produto_id_seq', 1, true);


--
-- Name: servicos_servico_id_seq; Type: SEQUENCE SET; Schema: public; Owner: spaco_jhusena_user
--

SELECT pg_catalog.setval('public.servicos_servico_id_seq', 4, true);


--
-- Name: usuarios_usuario_id_seq; Type: SEQUENCE SET; Schema: public; Owner: spaco_jhusena_user
--

SELECT pg_catalog.setval('public.usuarios_usuario_id_seq', 1, false);


--
-- Name: vendas_itemvenda_id_seq; Type: SEQUENCE SET; Schema: public; Owner: spaco_jhusena_user
--

SELECT pg_catalog.setval('public.vendas_itemvenda_id_seq', 27, true);


--
-- Name: vendas_venda_id_seq; Type: SEQUENCE SET; Schema: public; Owner: spaco_jhusena_user
--

SELECT pg_catalog.setval('public.vendas_venda_id_seq', 29, true);


--
-- Name: agendamentos_agendamento agendamentos_agendamento_pkey; Type: CONSTRAINT; Schema: public; Owner: spaco_jhusena_user
--

ALTER TABLE ONLY public.agendamentos_agendamento
    ADD CONSTRAINT agendamentos_agendamento_pkey PRIMARY KEY (id);


--
-- Name: auth_group auth_group_name_key; Type: CONSTRAINT; Schema: public; Owner: spaco_jhusena_user
--

ALTER TABLE ONLY public.auth_group
    ADD CONSTRAINT auth_group_name_key UNIQUE (name);


--
-- Name: auth_group_permissions auth_group_permissions_group_id_permission_id_0cd325b0_uniq; Type: CONSTRAINT; Schema: public; Owner: spaco_jhusena_user
--

ALTER TABLE ONLY public.auth_group_permissions
    ADD CONSTRAINT auth_group_permissions_group_id_permission_id_0cd325b0_uniq UNIQUE (group_id, permission_id);


--
-- Name: auth_group_permissions auth_group_permissions_pkey; Type: CONSTRAINT; Schema: public; Owner: spaco_jhusena_user
--

ALTER TABLE ONLY public.auth_group_permissions
    ADD CONSTRAINT auth_group_permissions_pkey PRIMARY KEY (id);


--
-- Name: auth_group auth_group_pkey; Type: CONSTRAINT; Schema: public; Owner: spaco_jhusena_user
--

ALTER TABLE ONLY public.auth_group
    ADD CONSTRAINT auth_group_pkey PRIMARY KEY (id);


--
-- Name: auth_permission auth_permission_content_type_id_codename_01ab375a_uniq; Type: CONSTRAINT; Schema: public; Owner: spaco_jhusena_user
--

ALTER TABLE ONLY public.auth_permission
    ADD CONSTRAINT auth_permission_content_type_id_codename_01ab375a_uniq UNIQUE (content_type_id, codename);


--
-- Name: auth_permission auth_permission_pkey; Type: CONSTRAINT; Schema: public; Owner: spaco_jhusena_user
--

ALTER TABLE ONLY public.auth_permission
    ADD CONSTRAINT auth_permission_pkey PRIMARY KEY (id);


--
-- Name: auth_user_groups auth_user_groups_pkey; Type: CONSTRAINT; Schema: public; Owner: spaco_jhusena_user
--

ALTER TABLE ONLY public.auth_user_groups
    ADD CONSTRAINT auth_user_groups_pkey PRIMARY KEY (id);


--
-- Name: auth_user_groups auth_user_groups_user_id_group_id_94350c0c_uniq; Type: CONSTRAINT; Schema: public; Owner: spaco_jhusena_user
--

ALTER TABLE ONLY public.auth_user_groups
    ADD CONSTRAINT auth_user_groups_user_id_group_id_94350c0c_uniq UNIQUE (user_id, group_id);


--
-- Name: auth_user auth_user_pkey; Type: CONSTRAINT; Schema: public; Owner: spaco_jhusena_user
--

ALTER TABLE ONLY public.auth_user
    ADD CONSTRAINT auth_user_pkey PRIMARY KEY (id);


--
-- Name: auth_user_user_permissions auth_user_user_permissions_pkey; Type: CONSTRAINT; Schema: public; Owner: spaco_jhusena_user
--

ALTER TABLE ONLY public.auth_user_user_permissions
    ADD CONSTRAINT auth_user_user_permissions_pkey PRIMARY KEY (id);


--
-- Name: auth_user_user_permissions auth_user_user_permissions_user_id_permission_id_14a6b632_uniq; Type: CONSTRAINT; Schema: public; Owner: spaco_jhusena_user
--

ALTER TABLE ONLY public.auth_user_user_permissions
    ADD CONSTRAINT auth_user_user_permissions_user_id_permission_id_14a6b632_uniq UNIQUE (user_id, permission_id);


--
-- Name: auth_user auth_user_username_key; Type: CONSTRAINT; Schema: public; Owner: spaco_jhusena_user
--

ALTER TABLE ONLY public.auth_user
    ADD CONSTRAINT auth_user_username_key UNIQUE (username);


--
-- Name: django_admin_log django_admin_log_pkey; Type: CONSTRAINT; Schema: public; Owner: spaco_jhusena_user
--

ALTER TABLE ONLY public.django_admin_log
    ADD CONSTRAINT django_admin_log_pkey PRIMARY KEY (id);


--
-- Name: django_content_type django_content_type_app_label_model_76bd3d3b_uniq; Type: CONSTRAINT; Schema: public; Owner: spaco_jhusena_user
--

ALTER TABLE ONLY public.django_content_type
    ADD CONSTRAINT django_content_type_app_label_model_76bd3d3b_uniq UNIQUE (app_label, model);


--
-- Name: django_content_type django_content_type_pkey; Type: CONSTRAINT; Schema: public; Owner: spaco_jhusena_user
--

ALTER TABLE ONLY public.django_content_type
    ADD CONSTRAINT django_content_type_pkey PRIMARY KEY (id);


--
-- Name: django_migrations django_migrations_pkey; Type: CONSTRAINT; Schema: public; Owner: spaco_jhusena_user
--

ALTER TABLE ONLY public.django_migrations
    ADD CONSTRAINT django_migrations_pkey PRIMARY KEY (id);


--
-- Name: django_session django_session_pkey; Type: CONSTRAINT; Schema: public; Owner: spaco_jhusena_user
--

ALTER TABLE ONLY public.django_session
    ADD CONSTRAINT django_session_pkey PRIMARY KEY (session_key);


--
-- Name: estoque_itemestoque estoque_itemestoque_pkey; Type: CONSTRAINT; Schema: public; Owner: spaco_jhusena_user
--

ALTER TABLE ONLY public.estoque_itemestoque
    ADD CONSTRAINT estoque_itemestoque_pkey PRIMARY KEY (id);


--
-- Name: estoque_loteproduto estoque_loteproduto_pkey; Type: CONSTRAINT; Schema: public; Owner: spaco_jhusena_user
--

ALTER TABLE ONLY public.estoque_loteproduto
    ADD CONSTRAINT estoque_loteproduto_pkey PRIMARY KEY (id);


--
-- Name: estoque_movimentoestoque estoque_movimentoestoque_pkey; Type: CONSTRAINT; Schema: public; Owner: spaco_jhusena_user
--

ALTER TABLE ONLY public.estoque_movimentoestoque
    ADD CONSTRAINT estoque_movimentoestoque_pkey PRIMARY KEY (id);


--
-- Name: estoque_produto estoque_produto_pkey; Type: CONSTRAINT; Schema: public; Owner: spaco_jhusena_user
--

ALTER TABLE ONLY public.estoque_produto
    ADD CONSTRAINT estoque_produto_pkey PRIMARY KEY (id);


--
-- Name: financeiro_historicoia financeiro_historicoia_pkey; Type: CONSTRAINT; Schema: public; Owner: spaco_jhusena_user
--

ALTER TABLE ONLY public.financeiro_historicoia
    ADD CONSTRAINT financeiro_historicoia_pkey PRIMARY KEY (id);


--
-- Name: financeiro_insight financeiro_insight_pkey; Type: CONSTRAINT; Schema: public; Owner: spaco_jhusena_user
--

ALTER TABLE ONLY public.financeiro_insight
    ADD CONSTRAINT financeiro_insight_pkey PRIMARY KEY (id);


--
-- Name: financeiro_recomendacaoia financeiro_recomendacaoia_pkey; Type: CONSTRAINT; Schema: public; Owner: spaco_jhusena_user
--

ALTER TABLE ONLY public.financeiro_recomendacaoia
    ADD CONSTRAINT financeiro_recomendacaoia_pkey PRIMARY KEY (id);


--
-- Name: financeiro_transacao financeiro_transacao_pkey; Type: CONSTRAINT; Schema: public; Owner: spaco_jhusena_user
--

ALTER TABLE ONLY public.financeiro_transacao
    ADD CONSTRAINT financeiro_transacao_pkey PRIMARY KEY (id);


--
-- Name: notificacoes_canalnotificacaousuario notificacoes_canalnotifi_usuario_id_canal_ativo_ac065a42_uniq; Type: CONSTRAINT; Schema: public; Owner: spaco_jhusena_user
--

ALTER TABLE ONLY public.notificacoes_canalnotificacaousuario
    ADD CONSTRAINT notificacoes_canalnotifi_usuario_id_canal_ativo_ac065a42_uniq UNIQUE (usuario_id, canal, ativo);


--
-- Name: notificacoes_canalnotificacaousuario notificacoes_canalnotificacaousuario_pkey; Type: CONSTRAINT; Schema: public; Owner: spaco_jhusena_user
--

ALTER TABLE ONLY public.notificacoes_canalnotificacaousuario
    ADD CONSTRAINT notificacoes_canalnotificacaousuario_pkey PRIMARY KEY (id);


--
-- Name: notificacoes_execucaoiaauto notificacoes_execucaoiaauto_pkey; Type: CONSTRAINT; Schema: public; Owner: spaco_jhusena_user
--

ALTER TABLE ONLY public.notificacoes_execucaoiaauto
    ADD CONSTRAINT notificacoes_execucaoiaauto_pkey PRIMARY KEY (id);


--
-- Name: notificacoes_notificacao notificacoes_notificacao_pkey; Type: CONSTRAINT; Schema: public; Owner: spaco_jhusena_user
--

ALTER TABLE ONLY public.notificacoes_notificacao
    ADD CONSTRAINT notificacoes_notificacao_pkey PRIMARY KEY (id);


--
-- Name: produtos_produto produtos_produto_codigo_barras_key; Type: CONSTRAINT; Schema: public; Owner: spaco_jhusena_user
--

ALTER TABLE ONLY public.produtos_produto
    ADD CONSTRAINT produtos_produto_codigo_barras_key UNIQUE (codigo_barras);


--
-- Name: produtos_produto produtos_produto_pkey; Type: CONSTRAINT; Schema: public; Owner: spaco_jhusena_user
--

ALTER TABLE ONLY public.produtos_produto
    ADD CONSTRAINT produtos_produto_pkey PRIMARY KEY (id);


--
-- Name: servicos_servico servicos_servico_pkey; Type: CONSTRAINT; Schema: public; Owner: spaco_jhusena_user
--

ALTER TABLE ONLY public.servicos_servico
    ADD CONSTRAINT servicos_servico_pkey PRIMARY KEY (id);


--
-- Name: usuarios_usuario usuarios_usuario_pkey; Type: CONSTRAINT; Schema: public; Owner: spaco_jhusena_user
--

ALTER TABLE ONLY public.usuarios_usuario
    ADD CONSTRAINT usuarios_usuario_pkey PRIMARY KEY (id);


--
-- Name: vendas_itemvenda vendas_itemvenda_pkey; Type: CONSTRAINT; Schema: public; Owner: spaco_jhusena_user
--

ALTER TABLE ONLY public.vendas_itemvenda
    ADD CONSTRAINT vendas_itemvenda_pkey PRIMARY KEY (id);


--
-- Name: vendas_venda vendas_venda_pkey; Type: CONSTRAINT; Schema: public; Owner: spaco_jhusena_user
--

ALTER TABLE ONLY public.vendas_venda
    ADD CONSTRAINT vendas_venda_pkey PRIMARY KEY (id);


--
-- Name: agendamentos_agendamento_servico_id_f2145bc0; Type: INDEX; Schema: public; Owner: spaco_jhusena_user
--

CREATE INDEX agendamentos_agendamento_servico_id_f2145bc0 ON public.agendamentos_agendamento USING btree (servico_id);


--
-- Name: auth_group_name_a6ea08ec_like; Type: INDEX; Schema: public; Owner: spaco_jhusena_user
--

CREATE INDEX auth_group_name_a6ea08ec_like ON public.auth_group USING btree (name varchar_pattern_ops);


--
-- Name: auth_group_permissions_group_id_b120cbf9; Type: INDEX; Schema: public; Owner: spaco_jhusena_user
--

CREATE INDEX auth_group_permissions_group_id_b120cbf9 ON public.auth_group_permissions USING btree (group_id);


--
-- Name: auth_group_permissions_permission_id_84c5c92e; Type: INDEX; Schema: public; Owner: spaco_jhusena_user
--

CREATE INDEX auth_group_permissions_permission_id_84c5c92e ON public.auth_group_permissions USING btree (permission_id);


--
-- Name: auth_permission_content_type_id_2f476e4b; Type: INDEX; Schema: public; Owner: spaco_jhusena_user
--

CREATE INDEX auth_permission_content_type_id_2f476e4b ON public.auth_permission USING btree (content_type_id);


--
-- Name: auth_user_groups_group_id_97559544; Type: INDEX; Schema: public; Owner: spaco_jhusena_user
--

CREATE INDEX auth_user_groups_group_id_97559544 ON public.auth_user_groups USING btree (group_id);


--
-- Name: auth_user_groups_user_id_6a12ed8b; Type: INDEX; Schema: public; Owner: spaco_jhusena_user
--

CREATE INDEX auth_user_groups_user_id_6a12ed8b ON public.auth_user_groups USING btree (user_id);


--
-- Name: auth_user_user_permissions_permission_id_1fbb5f2c; Type: INDEX; Schema: public; Owner: spaco_jhusena_user
--

CREATE INDEX auth_user_user_permissions_permission_id_1fbb5f2c ON public.auth_user_user_permissions USING btree (permission_id);


--
-- Name: auth_user_user_permissions_user_id_a95ead1b; Type: INDEX; Schema: public; Owner: spaco_jhusena_user
--

CREATE INDEX auth_user_user_permissions_user_id_a95ead1b ON public.auth_user_user_permissions USING btree (user_id);


--
-- Name: auth_user_username_6821ab7c_like; Type: INDEX; Schema: public; Owner: spaco_jhusena_user
--

CREATE INDEX auth_user_username_6821ab7c_like ON public.auth_user USING btree (username varchar_pattern_ops);


--
-- Name: django_admin_log_content_type_id_c4bce8eb; Type: INDEX; Schema: public; Owner: spaco_jhusena_user
--

CREATE INDEX django_admin_log_content_type_id_c4bce8eb ON public.django_admin_log USING btree (content_type_id);


--
-- Name: django_admin_log_user_id_c564eba6; Type: INDEX; Schema: public; Owner: spaco_jhusena_user
--

CREATE INDEX django_admin_log_user_id_c564eba6 ON public.django_admin_log USING btree (user_id);


--
-- Name: django_session_expire_date_a5c62663; Type: INDEX; Schema: public; Owner: spaco_jhusena_user
--

CREATE INDEX django_session_expire_date_a5c62663 ON public.django_session USING btree (expire_date);


--
-- Name: django_session_session_key_c0390e0f_like; Type: INDEX; Schema: public; Owner: spaco_jhusena_user
--

CREATE INDEX django_session_session_key_c0390e0f_like ON public.django_session USING btree (session_key varchar_pattern_ops);


--
-- Name: estoque_loteproduto_produto_id_85d0ece0; Type: INDEX; Schema: public; Owner: spaco_jhusena_user
--

CREATE INDEX estoque_loteproduto_produto_id_85d0ece0 ON public.estoque_loteproduto USING btree (produto_id);


--
-- Name: estoque_movimentoestoque_lote_id_f8a0b051; Type: INDEX; Schema: public; Owner: spaco_jhusena_user
--

CREATE INDEX estoque_movimentoestoque_lote_id_f8a0b051 ON public.estoque_movimentoestoque USING btree (lote_id);


--
-- Name: estoque_movimentoestoque_produto_id_accf41ff; Type: INDEX; Schema: public; Owner: spaco_jhusena_user
--

CREATE INDEX estoque_movimentoestoque_produto_id_accf41ff ON public.estoque_movimentoestoque USING btree (produto_id);


--
-- Name: financeiro_historicoia_usuario_id_425e7e38; Type: INDEX; Schema: public; Owner: spaco_jhusena_user
--

CREATE INDEX financeiro_historicoia_usuario_id_425e7e38 ON public.financeiro_historicoia USING btree (usuario_id);


--
-- Name: financeiro_insight_created_at_de22b026; Type: INDEX; Schema: public; Owner: spaco_jhusena_user
--

CREATE INDEX financeiro_insight_created_at_de22b026 ON public.financeiro_insight USING btree (created_at);


--
-- Name: financeiro_recomendacaoia_usuario_id_6e6b181c; Type: INDEX; Schema: public; Owner: spaco_jhusena_user
--

CREATE INDEX financeiro_recomendacaoia_usuario_id_6e6b181c ON public.financeiro_recomendacaoia USING btree (usuario_id);


--
-- Name: financeiro_transacao_venda_id_73d7e95f; Type: INDEX; Schema: public; Owner: spaco_jhusena_user
--

CREATE INDEX financeiro_transacao_venda_id_73d7e95f ON public.financeiro_transacao USING btree (venda_id);


--
-- Name: notificacoes_canalnotificacaousuario_usuario_id_e28dc25d; Type: INDEX; Schema: public; Owner: spaco_jhusena_user
--

CREATE INDEX notificacoes_canalnotificacaousuario_usuario_id_e28dc25d ON public.notificacoes_canalnotificacaousuario USING btree (usuario_id);


--
-- Name: notificacoes_execucaoiaauto_usuario_id_98b0c8bd; Type: INDEX; Schema: public; Owner: spaco_jhusena_user
--

CREATE INDEX notificacoes_execucaoiaauto_usuario_id_98b0c8bd ON public.notificacoes_execucaoiaauto USING btree (usuario_id);


--
-- Name: notificacoes_notificacao_usuario_id_808d460a; Type: INDEX; Schema: public; Owner: spaco_jhusena_user
--

CREATE INDEX notificacoes_notificacao_usuario_id_808d460a ON public.notificacoes_notificacao USING btree (usuario_id);


--
-- Name: produtos_produto_codigo_barras_36ffaa1d_like; Type: INDEX; Schema: public; Owner: spaco_jhusena_user
--

CREATE INDEX produtos_produto_codigo_barras_36ffaa1d_like ON public.produtos_produto USING btree (codigo_barras varchar_pattern_ops);


--
-- Name: vendas_itemvenda_produto_id_772b7565; Type: INDEX; Schema: public; Owner: spaco_jhusena_user
--

CREATE INDEX vendas_itemvenda_produto_id_772b7565 ON public.vendas_itemvenda USING btree (produto_id);


--
-- Name: vendas_itemvenda_venda_id_0fb46497; Type: INDEX; Schema: public; Owner: spaco_jhusena_user
--

CREATE INDEX vendas_itemvenda_venda_id_0fb46497 ON public.vendas_itemvenda USING btree (venda_id);


--
-- Name: agendamentos_agendamento agendamentos_agendam_servico_id_f2145bc0_fk_servicos_; Type: FK CONSTRAINT; Schema: public; Owner: spaco_jhusena_user
--

ALTER TABLE ONLY public.agendamentos_agendamento
    ADD CONSTRAINT agendamentos_agendam_servico_id_f2145bc0_fk_servicos_ FOREIGN KEY (servico_id) REFERENCES public.servicos_servico(id) DEFERRABLE INITIALLY DEFERRED;


--
-- Name: auth_group_permissions auth_group_permissio_permission_id_84c5c92e_fk_auth_perm; Type: FK CONSTRAINT; Schema: public; Owner: spaco_jhusena_user
--

ALTER TABLE ONLY public.auth_group_permissions
    ADD CONSTRAINT auth_group_permissio_permission_id_84c5c92e_fk_auth_perm FOREIGN KEY (permission_id) REFERENCES public.auth_permission(id) DEFERRABLE INITIALLY DEFERRED;


--
-- Name: auth_group_permissions auth_group_permissions_group_id_b120cbf9_fk_auth_group_id; Type: FK CONSTRAINT; Schema: public; Owner: spaco_jhusena_user
--

ALTER TABLE ONLY public.auth_group_permissions
    ADD CONSTRAINT auth_group_permissions_group_id_b120cbf9_fk_auth_group_id FOREIGN KEY (group_id) REFERENCES public.auth_group(id) DEFERRABLE INITIALLY DEFERRED;


--
-- Name: auth_permission auth_permission_content_type_id_2f476e4b_fk_django_co; Type: FK CONSTRAINT; Schema: public; Owner: spaco_jhusena_user
--

ALTER TABLE ONLY public.auth_permission
    ADD CONSTRAINT auth_permission_content_type_id_2f476e4b_fk_django_co FOREIGN KEY (content_type_id) REFERENCES public.django_content_type(id) DEFERRABLE INITIALLY DEFERRED;


--
-- Name: auth_user_groups auth_user_groups_group_id_97559544_fk_auth_group_id; Type: FK CONSTRAINT; Schema: public; Owner: spaco_jhusena_user
--

ALTER TABLE ONLY public.auth_user_groups
    ADD CONSTRAINT auth_user_groups_group_id_97559544_fk_auth_group_id FOREIGN KEY (group_id) REFERENCES public.auth_group(id) DEFERRABLE INITIALLY DEFERRED;


--
-- Name: auth_user_groups auth_user_groups_user_id_6a12ed8b_fk_auth_user_id; Type: FK CONSTRAINT; Schema: public; Owner: spaco_jhusena_user
--

ALTER TABLE ONLY public.auth_user_groups
    ADD CONSTRAINT auth_user_groups_user_id_6a12ed8b_fk_auth_user_id FOREIGN KEY (user_id) REFERENCES public.auth_user(id) DEFERRABLE INITIALLY DEFERRED;


--
-- Name: auth_user_user_permissions auth_user_user_permi_permission_id_1fbb5f2c_fk_auth_perm; Type: FK CONSTRAINT; Schema: public; Owner: spaco_jhusena_user
--

ALTER TABLE ONLY public.auth_user_user_permissions
    ADD CONSTRAINT auth_user_user_permi_permission_id_1fbb5f2c_fk_auth_perm FOREIGN KEY (permission_id) REFERENCES public.auth_permission(id) DEFERRABLE INITIALLY DEFERRED;


--
-- Name: auth_user_user_permissions auth_user_user_permissions_user_id_a95ead1b_fk_auth_user_id; Type: FK CONSTRAINT; Schema: public; Owner: spaco_jhusena_user
--

ALTER TABLE ONLY public.auth_user_user_permissions
    ADD CONSTRAINT auth_user_user_permissions_user_id_a95ead1b_fk_auth_user_id FOREIGN KEY (user_id) REFERENCES public.auth_user(id) DEFERRABLE INITIALLY DEFERRED;


--
-- Name: django_admin_log django_admin_log_content_type_id_c4bce8eb_fk_django_co; Type: FK CONSTRAINT; Schema: public; Owner: spaco_jhusena_user
--

ALTER TABLE ONLY public.django_admin_log
    ADD CONSTRAINT django_admin_log_content_type_id_c4bce8eb_fk_django_co FOREIGN KEY (content_type_id) REFERENCES public.django_content_type(id) DEFERRABLE INITIALLY DEFERRED;


--
-- Name: django_admin_log django_admin_log_user_id_c564eba6_fk_auth_user_id; Type: FK CONSTRAINT; Schema: public; Owner: spaco_jhusena_user
--

ALTER TABLE ONLY public.django_admin_log
    ADD CONSTRAINT django_admin_log_user_id_c564eba6_fk_auth_user_id FOREIGN KEY (user_id) REFERENCES public.auth_user(id) DEFERRABLE INITIALLY DEFERRED;


--
-- Name: estoque_loteproduto estoque_loteproduto_produto_id_85d0ece0_fk_estoque_produto_id; Type: FK CONSTRAINT; Schema: public; Owner: spaco_jhusena_user
--

ALTER TABLE ONLY public.estoque_loteproduto
    ADD CONSTRAINT estoque_loteproduto_produto_id_85d0ece0_fk_estoque_produto_id FOREIGN KEY (produto_id) REFERENCES public.estoque_produto(id) DEFERRABLE INITIALLY DEFERRED;


--
-- Name: estoque_movimentoestoque estoque_movimentoest_lote_id_f8a0b051_fk_estoque_l; Type: FK CONSTRAINT; Schema: public; Owner: spaco_jhusena_user
--

ALTER TABLE ONLY public.estoque_movimentoestoque
    ADD CONSTRAINT estoque_movimentoest_lote_id_f8a0b051_fk_estoque_l FOREIGN KEY (lote_id) REFERENCES public.estoque_loteproduto(id) DEFERRABLE INITIALLY DEFERRED;


--
-- Name: estoque_movimentoestoque estoque_movimentoest_produto_id_accf41ff_fk_estoque_p; Type: FK CONSTRAINT; Schema: public; Owner: spaco_jhusena_user
--

ALTER TABLE ONLY public.estoque_movimentoestoque
    ADD CONSTRAINT estoque_movimentoest_produto_id_accf41ff_fk_estoque_p FOREIGN KEY (produto_id) REFERENCES public.estoque_produto(id) DEFERRABLE INITIALLY DEFERRED;


--
-- Name: financeiro_historicoia financeiro_historicoia_usuario_id_425e7e38_fk_auth_user_id; Type: FK CONSTRAINT; Schema: public; Owner: spaco_jhusena_user
--

ALTER TABLE ONLY public.financeiro_historicoia
    ADD CONSTRAINT financeiro_historicoia_usuario_id_425e7e38_fk_auth_user_id FOREIGN KEY (usuario_id) REFERENCES public.auth_user(id) DEFERRABLE INITIALLY DEFERRED;


--
-- Name: financeiro_recomendacaoia financeiro_recomendacaoia_usuario_id_6e6b181c_fk_auth_user_id; Type: FK CONSTRAINT; Schema: public; Owner: spaco_jhusena_user
--

ALTER TABLE ONLY public.financeiro_recomendacaoia
    ADD CONSTRAINT financeiro_recomendacaoia_usuario_id_6e6b181c_fk_auth_user_id FOREIGN KEY (usuario_id) REFERENCES public.auth_user(id) DEFERRABLE INITIALLY DEFERRED;


--
-- Name: financeiro_transacao financeiro_transacao_venda_id_73d7e95f_fk_vendas_venda_id; Type: FK CONSTRAINT; Schema: public; Owner: spaco_jhusena_user
--

ALTER TABLE ONLY public.financeiro_transacao
    ADD CONSTRAINT financeiro_transacao_venda_id_73d7e95f_fk_vendas_venda_id FOREIGN KEY (venda_id) REFERENCES public.vendas_venda(id) DEFERRABLE INITIALLY DEFERRED;


--
-- Name: notificacoes_canalnotificacaousuario notificacoes_canalno_usuario_id_e28dc25d_fk_auth_user; Type: FK CONSTRAINT; Schema: public; Owner: spaco_jhusena_user
--

ALTER TABLE ONLY public.notificacoes_canalnotificacaousuario
    ADD CONSTRAINT notificacoes_canalno_usuario_id_e28dc25d_fk_auth_user FOREIGN KEY (usuario_id) REFERENCES public.auth_user(id) DEFERRABLE INITIALLY DEFERRED;


--
-- Name: notificacoes_execucaoiaauto notificacoes_execucaoiaauto_usuario_id_98b0c8bd_fk_auth_user_id; Type: FK CONSTRAINT; Schema: public; Owner: spaco_jhusena_user
--

ALTER TABLE ONLY public.notificacoes_execucaoiaauto
    ADD CONSTRAINT notificacoes_execucaoiaauto_usuario_id_98b0c8bd_fk_auth_user_id FOREIGN KEY (usuario_id) REFERENCES public.auth_user(id) DEFERRABLE INITIALLY DEFERRED;


--
-- Name: notificacoes_notificacao notificacoes_notificacao_usuario_id_808d460a_fk_auth_user_id; Type: FK CONSTRAINT; Schema: public; Owner: spaco_jhusena_user
--

ALTER TABLE ONLY public.notificacoes_notificacao
    ADD CONSTRAINT notificacoes_notificacao_usuario_id_808d460a_fk_auth_user_id FOREIGN KEY (usuario_id) REFERENCES public.auth_user(id) DEFERRABLE INITIALLY DEFERRED;


--
-- Name: vendas_itemvenda vendas_itemvenda_produto_id_772b7565_fk_estoque_produto_id; Type: FK CONSTRAINT; Schema: public; Owner: spaco_jhusena_user
--

ALTER TABLE ONLY public.vendas_itemvenda
    ADD CONSTRAINT vendas_itemvenda_produto_id_772b7565_fk_estoque_produto_id FOREIGN KEY (produto_id) REFERENCES public.estoque_produto(id) DEFERRABLE INITIALLY DEFERRED;


--
-- Name: vendas_itemvenda vendas_itemvenda_venda_id_0fb46497_fk_vendas_venda_id; Type: FK CONSTRAINT; Schema: public; Owner: spaco_jhusena_user
--

ALTER TABLE ONLY public.vendas_itemvenda
    ADD CONSTRAINT vendas_itemvenda_venda_id_0fb46497_fk_vendas_venda_id FOREIGN KEY (venda_id) REFERENCES public.vendas_venda(id) DEFERRABLE INITIALLY DEFERRED;


--
-- Name: DEFAULT PRIVILEGES FOR SEQUENCES; Type: DEFAULT ACL; Schema: -; Owner: postgres
--

ALTER DEFAULT PRIVILEGES FOR ROLE postgres GRANT ALL ON SEQUENCES TO spaco_jhusena_user;


--
-- Name: DEFAULT PRIVILEGES FOR TYPES; Type: DEFAULT ACL; Schema: -; Owner: postgres
--

ALTER DEFAULT PRIVILEGES FOR ROLE postgres GRANT ALL ON TYPES TO spaco_jhusena_user;


--
-- Name: DEFAULT PRIVILEGES FOR FUNCTIONS; Type: DEFAULT ACL; Schema: -; Owner: postgres
--

ALTER DEFAULT PRIVILEGES FOR ROLE postgres GRANT ALL ON FUNCTIONS TO spaco_jhusena_user;


--
-- Name: DEFAULT PRIVILEGES FOR TABLES; Type: DEFAULT ACL; Schema: -; Owner: postgres
--

ALTER DEFAULT PRIVILEGES FOR ROLE postgres GRANT ALL ON TABLES TO spaco_jhusena_user;


--
-- PostgreSQL database dump complete
--

\unrestrict pGzdkr14ATgIoIb6KnVoTw5TbO6LUsj6d8onf1CyWqAuLYJdgboPHk78yQOYYtp

