--
-- PostgreSQL database dump
--

\restrict E2ZZccWQiY9IHIeTcfAUV3t49UWLuutnzRFoAKhOF4Dsb7kyrq1SgQrOpnF3qha

-- Dumped from database version 18.1 (Debian 18.1-1.pgdg12+2)
-- Dumped by pg_dump version 18.1

SET statement_timeout = 0;
SET lock_timeout = 0;
SET idle_in_transaction_session_timeout = 0;
SET transaction_timeout = 0;
SET client_encoding = 'UTF8';
SET standard_conforming_strings = on;
SELECT pg_catalog.set_config('search_path', '', false);
SET check_function_bodies = false;
SET xmloption = content;
SET client_min_messages = warning;
SET row_security = off;

--
-- Name: public; Type: SCHEMA; Schema: -; Owner: spaco_jhusena_user
--

-- *not* creating schema, since initdb creates it


ALTER SCHEMA public OWNER TO spaco_jhusena_user;

SET default_tablespace = '';

SET default_table_access_method = heap;

--
-- Name: agendamentos_agendamento; Type: TABLE; Schema: public; Owner: spaco_jhusena_user
--

CREATE TABLE public.agendamentos_agendamento (
    id bigint NOT NULL,
    nome character varying(100) NOT NULL,
    email character varying(254) NOT NULL,
    data date NOT NULL,
    hora time without time zone NOT NULL,
    telefone character varying(20),
    criado_em timestamp with time zone NOT NULL,
    servico_id bigint NOT NULL,
    cliente character varying(100),
    status character varying(20) NOT NULL
);


ALTER TABLE public.agendamentos_agendamento OWNER TO spaco_jhusena_user;

--
-- Name: agendamentos_agendamento_id_seq; Type: SEQUENCE; Schema: public; Owner: spaco_jhusena_user
--

ALTER TABLE public.agendamentos_agendamento ALTER COLUMN id ADD GENERATED BY DEFAULT AS IDENTITY (
    SEQUENCE NAME public.agendamentos_agendamento_id_seq
    START WITH 1
    INCREMENT BY 1
    NO MINVALUE
    NO MAXVALUE
    CACHE 1
);


--
-- Name: auth_group; Type: TABLE; Schema: public; Owner: spaco_jhusena_user
--

CREATE TABLE public.auth_group (
    id integer NOT NULL,
    name character varying(150) NOT NULL
);


ALTER TABLE public.auth_group OWNER TO spaco_jhusena_user;

--
-- Name: auth_group_id_seq; Type: SEQUENCE; Schema: public; Owner: spaco_jhusena_user
--

ALTER TABLE public.auth_group ALTER COLUMN id ADD GENERATED BY DEFAULT AS IDENTITY (
    SEQUENCE NAME public.auth_group_id_seq
    START WITH 1
    INCREMENT BY 1
    NO MINVALUE
    NO MAXVALUE
    CACHE 1
);


--
-- Name: auth_group_permissions; Type: TABLE; Schema: public; Owner: spaco_jhusena_user
--

CREATE TABLE public.auth_group_permissions (
    id integer NOT NULL,
    group_id integer NOT NULL,
    permission_id integer NOT NULL
);


ALTER TABLE public.auth_group_permissions OWNER TO spaco_jhusena_user;

--
-- Name: auth_group_permissions_id_seq; Type: SEQUENCE; Schema: public; Owner: spaco_jhusena_user
--

ALTER TABLE public.auth_group_permissions ALTER COLUMN id ADD GENERATED BY DEFAULT AS IDENTITY (
    SEQUENCE NAME public.auth_group_permissions_id_seq
    START WITH 1
    INCREMENT BY 1
    NO MINVALUE
    NO MAXVALUE
    CACHE 1
);


--
-- Name: auth_permission; Type: TABLE; Schema: public; Owner: spaco_jhusena_user
--

CREATE TABLE public.auth_permission (
    id integer NOT NULL,
    name character varying(255) NOT NULL,
    content_type_id integer NOT NULL,
    codename character varying(100) NOT NULL
);


ALTER TABLE public.auth_permission OWNER TO spaco_jhusena_user;

--
-- Name: auth_permission_id_seq; Type: SEQUENCE; Schema: public; Owner: spaco_jhusena_user
--

ALTER TABLE public.auth_permission ALTER COLUMN id ADD GENERATED BY DEFAULT AS IDENTITY (
    SEQUENCE NAME public.auth_permission_id_seq
    START WITH 1
    INCREMENT BY 1
    NO MINVALUE
    NO MAXVALUE
    CACHE 1
);


--
-- Name: auth_user; Type: TABLE; Schema: public; Owner: spaco_jhusena_user
--

CREATE TABLE public.auth_user (
    id integer NOT NULL,
    password character varying(128) NOT NULL,
    last_login timestamp with time zone,
    is_superuser boolean NOT NULL,
    username character varying(150) NOT NULL,
    first_name character varying(150) NOT NULL,
    last_name character varying(150) NOT NULL,
    email character varying(254) NOT NULL,
    is_staff boolean NOT NULL,
    is_active boolean NOT NULL,
    date_joined timestamp with time zone NOT NULL
);


ALTER TABLE public.auth_user OWNER TO spaco_jhusena_user;

--
-- Name: auth_user_groups; Type: TABLE; Schema: public; Owner: spaco_jhusena_user
--

CREATE TABLE public.auth_user_groups (
    id integer NOT NULL,
    user_id integer NOT NULL,
    group_id integer NOT NULL
);


ALTER TABLE public.auth_user_groups OWNER TO spaco_jhusena_user;

--
-- Name: auth_user_groups_id_seq; Type: SEQUENCE; Schema: public; Owner: spaco_jhusena_user
--

ALTER TABLE public.auth_user_groups ALTER COLUMN id ADD GENERATED BY DEFAULT AS IDENTITY (
    SEQUENCE NAME public.auth_user_groups_id_seq
    START WITH 1
    INCREMENT BY 1
    NO MINVALUE
    NO MAXVALUE
    CACHE 1
);


--
-- Name: auth_user_id_seq; Type: SEQUENCE; Schema: public; Owner: spaco_jhusena_user
--

ALTER TABLE public.auth_user ALTER COLUMN id ADD GENERATED BY DEFAULT AS IDENTITY (
    SEQUENCE NAME public.auth_user_id_seq
    START WITH 1
    INCREMENT BY 1
    NO MINVALUE
    NO MAXVALUE
    CACHE 1
);


--
-- Name: auth_user_user_permissions; Type: TABLE; Schema: public; Owner: spaco_jhusena_user
--

CREATE TABLE public.auth_user_user_permissions (
    id integer NOT NULL,
    user_id integer NOT NULL,
    permission_id integer NOT NULL
);


ALTER TABLE public.auth_user_user_permissions OWNER TO spaco_jhusena_user;

--
-- Name: auth_user_user_permissions_id_seq; Type: SEQUENCE; Schema: public; Owner: spaco_jhusena_user
--

ALTER TABLE public.auth_user_user_permissions ALTER COLUMN id ADD GENERATED BY DEFAULT AS IDENTITY (
    SEQUENCE NAME public.auth_user_user_permissions_id_seq
    START WITH 1
    INCREMENT BY 1
    NO MINVALUE
    NO MAXVALUE
    CACHE 1
);


--
-- Name: django_admin_log; Type: TABLE; Schema: public; Owner: spaco_jhusena_user
--

CREATE TABLE public.django_admin_log (
    id integer NOT NULL,
    action_time timestamp with time zone NOT NULL,
    object_id text,
    object_repr character varying(200) NOT NULL,
    action_flag smallint NOT NULL,
    change_message text NOT NULL,
    content_type_id integer,
    user_id integer NOT NULL,
    CONSTRAINT django_admin_log_action_flag_check CHECK ((action_flag >= 0))
);


ALTER TABLE public.django_admin_log OWNER TO spaco_jhusena_user;

--
-- Name: django_admin_log_id_seq; Type: SEQUENCE; Schema: public; Owner: spaco_jhusena_user
--

ALTER TABLE public.django_admin_log ALTER COLUMN id ADD GENERATED BY DEFAULT AS IDENTITY (
    SEQUENCE NAME public.django_admin_log_id_seq
    START WITH 1
    INCREMENT BY 1
    NO MINVALUE
    NO MAXVALUE
    CACHE 1
);


--
-- Name: django_content_type; Type: TABLE; Schema: public; Owner: spaco_jhusena_user
--

CREATE TABLE public.django_content_type (
    id integer NOT NULL,
    app_label character varying(100) NOT NULL,
    model character varying(100) NOT NULL
);


ALTER TABLE public.django_content_type OWNER TO spaco_jhusena_user;

--
-- Name: django_content_type_id_seq; Type: SEQUENCE; Schema: public; Owner: spaco_jhusena_user
--

ALTER TABLE public.django_content_type ALTER COLUMN id ADD GENERATED BY DEFAULT AS IDENTITY (
    SEQUENCE NAME public.django_content_type_id_seq
    START WITH 1
    INCREMENT BY 1
    NO MINVALUE
    NO MAXVALUE
    CACHE 1
);


--
-- Name: django_migrations; Type: TABLE; Schema: public; Owner: spaco_jhusena_user
--

CREATE TABLE public.django_migrations (
    id integer NOT NULL,
    app character varying(255) NOT NULL,
    name character varying(255) NOT NULL,
    applied timestamp with time zone NOT NULL
);


ALTER TABLE public.django_migrations OWNER TO spaco_jhusena_user;

--
-- Name: django_migrations_id_seq; Type: SEQUENCE; Schema: public; Owner: spaco_jhusena_user
--

ALTER TABLE public.django_migrations ALTER COLUMN id ADD GENERATED BY DEFAULT AS IDENTITY (
    SEQUENCE NAME public.django_migrations_id_seq
    START WITH 1
    INCREMENT BY 1
    NO MINVALUE
    NO MAXVALUE
    CACHE 1
);


--
-- Name: django_session; Type: TABLE; Schema: public; Owner: spaco_jhusena_user
--

CREATE TABLE public.django_session (
    session_key character varying(40) NOT NULL,
    session_data text NOT NULL,
    expire_date timestamp with time zone NOT NULL
);


ALTER TABLE public.django_session OWNER TO spaco_jhusena_user;

--
-- Name: estoque_itemestoque; Type: TABLE; Schema: public; Owner: spaco_jhusena_user
--

CREATE TABLE public.estoque_itemestoque (
    id bigint NOT NULL,
    nome character varying(100) NOT NULL
);


ALTER TABLE public.estoque_itemestoque OWNER TO spaco_jhusena_user;

--
-- Name: estoque_itemestoque_id_seq; Type: SEQUENCE; Schema: public; Owner: spaco_jhusena_user
--

ALTER TABLE public.estoque_itemestoque ALTER COLUMN id ADD GENERATED BY DEFAULT AS IDENTITY (
    SEQUENCE NAME public.estoque_itemestoque_id_seq
    START WITH 1
    INCREMENT BY 1
    NO MINVALUE
    NO MAXVALUE
    CACHE 1
);


--
-- Name: estoque_loteproduto; Type: TABLE; Schema: public; Owner: spaco_jhusena_user
--

CREATE TABLE public.estoque_loteproduto (
    id bigint NOT NULL,
    codigo character varying(50) NOT NULL,
    validade date,
    criado_em timestamp with time zone NOT NULL,
    produto_id bigint NOT NULL
);


ALTER TABLE public.estoque_loteproduto OWNER TO spaco_jhusena_user;

--
-- Name: estoque_loteproduto_id_seq; Type: SEQUENCE; Schema: public; Owner: spaco_jhusena_user
--

ALTER TABLE public.estoque_loteproduto ALTER COLUMN id ADD GENERATED BY DEFAULT AS IDENTITY (
    SEQUENCE NAME public.estoque_loteproduto_id_seq
    START WITH 1
    INCREMENT BY 1
    NO MINVALUE
    NO MAXVALUE
    CACHE 1
);


--
-- Name: estoque_movimentoestoque; Type: TABLE; Schema: public; Owner: spaco_jhusena_user
--

CREATE TABLE public.estoque_movimentoestoque (
    id bigint NOT NULL,
    tipo character varying(1) NOT NULL,
    quantidade numeric(10,3) NOT NULL,
    data timestamp with time zone NOT NULL,
    observacao character varying(255) NOT NULL,
    produto_id bigint NOT NULL,
    lote_id bigint
);


ALTER TABLE public.estoque_movimentoestoque OWNER TO spaco_jhusena_user;

--
-- Name: estoque_movimentoestoque_id_seq; Type: SEQUENCE; Schema: public; Owner: spaco_jhusena_user
--

ALTER TABLE public.estoque_movimentoestoque ALTER COLUMN id ADD GENERATED BY DEFAULT AS IDENTITY (
    SEQUENCE NAME public.estoque_movimentoestoque_id_seq
    START WITH 1
    INCREMENT BY 1
    NO MINVALUE
    NO MAXVALUE
    CACHE 1
);


--
-- Name: estoque_produto; Type: TABLE; Schema: public; Owner: spaco_jhusena_user
--

CREATE TABLE public.estoque_produto (
    id bigint NOT NULL,
    nome character varying(120) NOT NULL,
    tipo character varying(8) NOT NULL,
    preco_venda numeric(10,2) NOT NULL,
    controla_estoque boolean NOT NULL,
    ativo boolean NOT NULL
);


ALTER TABLE public.estoque_produto OWNER TO spaco_jhusena_user;

--
-- Name: estoque_produto_id_seq; Type: SEQUENCE; Schema: public; Owner: spaco_jhusena_user
--

ALTER TABLE public.estoque_produto ALTER COLUMN id ADD GENERATED BY DEFAULT AS IDENTITY (
    SEQUENCE NAME public.estoque_produto_id_seq
    START WITH 1
    INCREMENT BY 1
    NO MINVALUE
    NO MAXVALUE
    CACHE 1
);


--
-- Name: financeiro_historicoia; Type: TABLE; Schema: public; Owner: spaco_jhusena_user
--

CREATE TABLE public.financeiro_historicoia (
    id bigint NOT NULL,
    texto text NOT NULL,
    tipo character varying(20) NOT NULL,
    criado_em timestamp with time zone NOT NULL,
    origem character varying(20) NOT NULL,
    usuario_id integer
);


ALTER TABLE public.financeiro_historicoia OWNER TO spaco_jhusena_user;

--
-- Name: financeiro_historicoia_id_seq; Type: SEQUENCE; Schema: public; Owner: spaco_jhusena_user
--

ALTER TABLE public.financeiro_historicoia ALTER COLUMN id ADD GENERATED BY DEFAULT AS IDENTITY (
    SEQUENCE NAME public.financeiro_historicoia_id_seq
    START WITH 1
    INCREMENT BY 1
    NO MINVALUE
    NO MAXVALUE
    CACHE 1
);


--
-- Name: financeiro_insight; Type: TABLE; Schema: public; Owner: spaco_jhusena_user
--

CREATE TABLE public.financeiro_insight (
    id bigint NOT NULL,
    created_at timestamp with time zone NOT NULL,
    title character varying(120) NOT NULL,
    text text NOT NULL,
    kind character varying(30) NOT NULL,
    categoria_dominante character varying(50) NOT NULL,
    score numeric(5,2) NOT NULL,
    generated_by character varying(16) NOT NULL
);


ALTER TABLE public.financeiro_insight OWNER TO spaco_jhusena_user;

--
-- Name: financeiro_insight_id_seq; Type: SEQUENCE; Schema: public; Owner: spaco_jhusena_user
--

ALTER TABLE public.financeiro_insight ALTER COLUMN id ADD GENERATED BY DEFAULT AS IDENTITY (
    SEQUENCE NAME public.financeiro_insight_id_seq
    START WITH 1
    INCREMENT BY 1
    NO MINVALUE
    NO MAXVALUE
    CACHE 1
);


--
-- Name: financeiro_recomendacaoia; Type: TABLE; Schema: public; Owner: spaco_jhusena_user
--

CREATE TABLE public.financeiro_recomendacaoia (
    id bigint NOT NULL,
    texto text NOT NULL,
    tipo character varying(20) NOT NULL,
    criado_em timestamp with time zone NOT NULL,
    usuario_id integer NOT NULL
);


ALTER TABLE public.financeiro_recomendacaoia OWNER TO spaco_jhusena_user;

--
-- Name: financeiro_recomendacaoia_id_seq; Type: SEQUENCE; Schema: public; Owner: spaco_jhusena_user
--

ALTER TABLE public.financeiro_recomendacaoia ALTER COLUMN id ADD GENERATED BY DEFAULT AS IDENTITY (
    SEQUENCE NAME public.financeiro_recomendacaoia_id_seq
    START WITH 1
    INCREMENT BY 1
    NO MINVALUE
    NO MAXVALUE
    CACHE 1
);


--
-- Name: financeiro_transacao; Type: TABLE; Schema: public; Owner: spaco_jhusena_user
--

CREATE TABLE public.financeiro_transacao (
    id bigint NOT NULL,
    tipo character varying(10) NOT NULL,
    descricao character varying(100) NOT NULL,
    valor numeric(10,2) NOT NULL,
    data date NOT NULL,
    categoria character varying(100),
    venda_id bigint
);


ALTER TABLE public.financeiro_transacao OWNER TO spaco_jhusena_user;

--
-- Name: financeiro_transacao_id_seq; Type: SEQUENCE; Schema: public; Owner: spaco_jhusena_user
--

ALTER TABLE public.financeiro_transacao ALTER COLUMN id ADD GENERATED BY DEFAULT AS IDENTITY (
    SEQUENCE NAME public.financeiro_transacao_id_seq
    START WITH 1
    INCREMENT BY 1
    NO MINVALUE
    NO MAXVALUE
    CACHE 1
);


--
-- Name: notificacoes_canalnotificacaousuario; Type: TABLE; Schema: public; Owner: spaco_jhusena_user
--

CREATE TABLE public.notificacoes_canalnotificacaousuario (
    id bigint NOT NULL,
    canal character varying(20) NOT NULL,
    destino character varying(100) NOT NULL,
    ativo boolean NOT NULL,
    criado_em timestamp with time zone NOT NULL,
    usuario_id integer NOT NULL
);


ALTER TABLE public.notificacoes_canalnotificacaousuario OWNER TO spaco_jhusena_user;

--
-- Name: notificacoes_canalnotificacaousuario_id_seq; Type: SEQUENCE; Schema: public; Owner: spaco_jhusena_user
--

ALTER TABLE public.notificacoes_canalnotificacaousuario ALTER COLUMN id ADD GENERATED BY DEFAULT AS IDENTITY (
    SEQUENCE NAME public.notificacoes_canalnotificacaousuario_id_seq
    START WITH 1
    INCREMENT BY 1
    NO MINVALUE
    NO MAXVALUE
    CACHE 1
);


--
-- Name: notificacoes_execucaoiaauto; Type: TABLE; Schema: public; Owner: spaco_jhusena_user
--

CREATE TABLE public.notificacoes_execucaoiaauto (
    id bigint NOT NULL,
    criado_em timestamp with time zone NOT NULL,
    origem character varying(32) NOT NULL,
    tipo character varying(20) NOT NULL,
    texto text NOT NULL,
    canal character varying(20) NOT NULL,
    sucesso_envio boolean NOT NULL,
    erro_envio text NOT NULL,
    meta jsonb,
    usuario_id integer
);


ALTER TABLE public.notificacoes_execucaoiaauto OWNER TO spaco_jhusena_user;

--
-- Name: notificacoes_execucaoiaauto_id_seq; Type: SEQUENCE; Schema: public; Owner: spaco_jhusena_user
--

ALTER TABLE public.notificacoes_execucaoiaauto ALTER COLUMN id ADD GENERATED BY DEFAULT AS IDENTITY (
    SEQUENCE NAME public.notificacoes_execucaoiaauto_id_seq
    START WITH 1
    INCREMENT BY 1
    NO MINVALUE
    NO MAXVALUE
    CACHE 1
);


--
-- Name: notificacoes_notificacao; Type: TABLE; Schema: public; Owner: spaco_jhusena_user
--

CREATE TABLE public.notificacoes_notificacao (
    id bigint NOT NULL,
    canal character varying(20) NOT NULL,
    destino character varying(100) NOT NULL,
    titulo character varying(200) NOT NULL,
    mensagem text NOT NULL,
    status character varying(20) NOT NULL,
    erro_msg text NOT NULL,
    criado_em timestamp with time zone NOT NULL,
    enviado_em timestamp with time zone,
    usuario_id integer
);


ALTER TABLE public.notificacoes_notificacao OWNER TO spaco_jhusena_user;

--
-- Name: notificacoes_notificacao_id_seq; Type: SEQUENCE; Schema: public; Owner: spaco_jhusena_user
--

ALTER TABLE public.notificacoes_notificacao ALTER COLUMN id ADD GENERATED BY DEFAULT AS IDENTITY (
    SEQUENCE NAME public.notificacoes_notificacao_id_seq
    START WITH 1
    INCREMENT BY 1
    NO MINVALUE
    NO MAXVALUE
    CACHE 1
);


--
-- Name: produtos_produto; Type: TABLE; Schema: public; Owner: spaco_jhusena_user
--

CREATE TABLE public.produtos_produto (
    id bigint NOT NULL,
    nome character varying(100) NOT NULL,
    codigo_barras character varying(13) NOT NULL,
    preco_venda numeric(10,2) NOT NULL,
    custo numeric(10,2) NOT NULL,
    estoque integer NOT NULL,
    categoria character varying(50) NOT NULL,
    unidade character varying(10) NOT NULL
);


ALTER TABLE public.produtos_produto OWNER TO spaco_jhusena_user;

--
-- Name: produtos_produto_id_seq; Type: SEQUENCE; Schema: public; Owner: spaco_jhusena_user
--

ALTER TABLE public.produtos_produto ALTER COLUMN id ADD GENERATED BY DEFAULT AS IDENTITY (
    SEQUENCE NAME public.produtos_produto_id_seq
    START WITH 1
    INCREMENT BY 1
    NO MINVALUE
    NO MAXVALUE
    CACHE 1
);


--
-- Name: servicos_servico; Type: TABLE; Schema: public; Owner: spaco_jhusena_user
--

CREATE TABLE public.servicos_servico (
    id bigint NOT NULL,
    nome character varying(100) NOT NULL,
    preco numeric(8,2) NOT NULL,
    duracao interval
);


ALTER TABLE public.servicos_servico OWNER TO spaco_jhusena_user;

--
-- Name: servicos_servico_id_seq; Type: SEQUENCE; Schema: public; Owner: spaco_jhusena_user
--

ALTER TABLE public.servicos_servico ALTER COLUMN id ADD GENERATED BY DEFAULT AS IDENTITY (
    SEQUENCE NAME public.servicos_servico_id_seq
    START WITH 1
    INCREMENT BY 1
    NO MINVALUE
    NO MAXVALUE
    CACHE 1
);


--
-- Name: usuarios_usuario; Type: TABLE; Schema: public; Owner: spaco_jhusena_user
--

CREATE TABLE public.usuarios_usuario (
    id bigint NOT NULL,
    nome character varying(100) NOT NULL
);


ALTER TABLE public.usuarios_usuario OWNER TO spaco_jhusena_user;

--
-- Name: usuarios_usuario_id_seq; Type: SEQUENCE; Schema: public; Owner: spaco_jhusena_user
--

ALTER TABLE public.usuarios_usuario ALTER COLUMN id ADD GENERATED BY DEFAULT AS IDENTITY (
    SEQUENCE NAME public.usuarios_usuario_id_seq
    START WITH 1
    INCREMENT BY 1
    NO MINVALUE
    NO MAXVALUE
    CACHE 1
);


--
-- Name: vendas_itemvenda; Type: TABLE; Schema: public; Owner: spaco_jhusena_user
--

CREATE TABLE public.vendas_itemvenda (
    id bigint NOT NULL,
    quantidade numeric(10,3) NOT NULL,
    preco_unitario numeric(10,2) NOT NULL,
    produto_id bigint NOT NULL,
    venda_id bigint NOT NULL
);


ALTER TABLE public.vendas_itemvenda OWNER TO spaco_jhusena_user;

--
-- Name: vendas_itemvenda_id_seq; Type: SEQUENCE; Schema: public; Owner: spaco_jhusena_user
--

ALTER TABLE public.vendas_itemvenda ALTER COLUMN id ADD GENERATED BY DEFAULT AS IDENTITY (
    SEQUENCE NAME public.vendas_itemvenda_id_seq
    START WITH 1
    INCREMENT BY 1
    NO MINVALUE
    NO MAXVALUE
    CACHE 1
);


--
-- Name: vendas_venda; Type: TABLE; Schema: public; Owner: spaco_jhusena_user
--

CREATE TABLE public.vendas_venda (
    id bigint NOT NULL,
    data timestamp with time zone NOT NULL,
    total numeric(10,2) NOT NULL,
    observacao character varying(255) NOT NULL
);


ALTER TABLE public.vendas_venda OWNER TO spaco_jhusena_user;

--
-- Name: vendas_venda_id_seq; Type: SEQUENCE; Schema: public; Owner: spaco_jhusena_user
--

ALTER TABLE public.vendas_venda ALTER COLUMN id ADD GENERATED BY DEFAULT AS IDENTITY (
    SEQUENCE NAME public.vendas_venda_id_seq
    START WITH 1
    INCREMENT BY 1
    NO MINVALUE
    NO MAXVALUE
    CACHE 1
);


--
-- Data for Name: agendamentos_agendamento; Type: TABLE DATA; Schema: public; Owner: spaco_jhusena_user
--

COPY public.agendamentos_agendamento (id, nome, email, data, hora, telefone, criado_em, servico_id, cliente, status) FROM stdin;
4	apalo	gm.sena@hotmail.com	2025-07-30	22:55:00	31994898165	2025-07-28 00:55:53.027+00	4	\N	pendente
5	peter	gm.sena@hotmail.com	2025-08-07	23:40:00	997898165	2025-07-28 01:40:32.727+00	4	\N	agendado
6	pretinha	gm.sena@hotmail.com	2025-07-30	21:06:00	31994898165	2025-07-28 22:06:22.237+00	3	\N	agendado
7	pretinha	gm.sena@hotmail.com	2025-07-30	21:06:00	31994898165	2025-07-28 22:18:56.096+00	3	\N	agendado
8	pretinha	gm.sena@hotmail.com	2025-07-30	21:06:00	31994898165	2025-07-28 22:19:53.703+00	3	\N	agendado
9	pretinha	gm.sena@hotmail.com	2025-07-30	21:06:00	31994898165	2025-07-28 22:47:20.505+00	3	\N	agendado
10	pretinha	gm.sena@hotmail.com	2025-07-30	21:06:00	31994898165	2025-07-28 23:16:07.458+00	3	\N	agendado
11	apolo	gm.sena@hotmail.com	2025-09-09	06:00:00	\N	2025-09-07 18:10:50.948+00	2	\N	concluido
12	Apolo	julioviana07@gmail.com	2025-12-16	15:00:00	994898165	2025-12-15 01:09:57.388+00	4	\N	concluido
13	Apolo	julioviana07@gmail.com	2025-12-15	15:00:00	994898165	2025-12-15 01:18:09.118+00	4	\N	concluido
14	Apolo	julioviana07@gmail.com	2025-12-15	15:00:00	994898165	2025-12-15 01:19:02.795+00	4	\N	concluido
15	Apolo	julioviana07@gmail.com	2025-12-15	15:00:00	994898165	2025-12-15 01:19:10.62+00	4	\N	concluido
16	Apolo	julioviana07@gmail.com	2025-12-15	15:00:00	994898165	2025-12-15 01:29:34.775+00	4	\N	concluido
17	Apolo	gm.sena@htomail.com	2025-12-15	22:30:00	994898165	2025-12-15 01:30:59.173+00	4	\N	concluido
18	Pet	gm.sena@htomail.com	2025-12-16	17:58:00	994898165	2025-12-15 01:58:29.341+00	4	\N	agendado
19	julio	gm.sena@hotmail.com	2025-12-30	10:12:00	994898165	2025-12-15 02:07:24.559+00	4	pet	agendado
20	Julio	gm.sena@hotmail.com	2025-12-30	14:00:00	994898165	2025-12-15 13:03:16.558+00	4	Simba	agendado
21	carlos	gm.sena@hotmail.com	2025-12-23	10:00:00	994898165	2025-12-15 13:12:21.942+00	3	k9	agendado
22	Aplo	gm.sena@hotmail.com	2025-12-17	12:25:00	994898165	2025-12-17 15:22:14.45+00	4	\N	agendado
23	Aplo	gm.sena@hotmail.com	2025-12-17	12:25:00	994898165	2025-12-17 15:22:14.453+00	4	\N	agendado
\.


--
-- Data for Name: auth_group; Type: TABLE DATA; Schema: public; Owner: spaco_jhusena_user
--

COPY public.auth_group (id, name) FROM stdin;
\.


--
-- Data for Name: auth_group_permissions; Type: TABLE DATA; Schema: public; Owner: spaco_jhusena_user
--

COPY public.auth_group_permissions (id, group_id, permission_id) FROM stdin;
\.


--
-- Data for Name: auth_permission; Type: TABLE DATA; Schema: public; Owner: spaco_jhusena_user
--

COPY public.auth_permission (id, name, content_type_id, codename) FROM stdin;
1	Can add log entry	1	add_logentry
2	Can change log entry	1	change_logentry
3	Can delete log entry	1	delete_logentry
4	Can view log entry	1	view_logentry
5	Can add permission	2	add_permission
6	Can change permission	2	change_permission
7	Can delete permission	2	delete_permission
8	Can view permission	2	view_permission
9	Can add group	3	add_group
10	Can change group	3	change_group
11	Can delete group	3	delete_group
12	Can view group	3	view_group
13	Can add user	4	add_user
14	Can change user	4	change_user
15	Can delete user	4	delete_user
16	Can view user	4	view_user
17	Can add content type	5	add_contenttype
18	Can change content type	5	change_contenttype
19	Can delete content type	5	delete_contenttype
20	Can view content type	5	view_contenttype
21	Can add session	6	add_session
22	Can change session	6	change_session
23	Can delete session	6	delete_session
24	Can view session	6	view_session
25	Can add produto	7	add_produto
26	Can change produto	7	change_produto
27	Can delete produto	7	delete_produto
28	Can view produto	7	view_produto
29	Can add servico	8	add_servico
30	Can change servico	8	change_servico
31	Can delete servico	8	delete_servico
32	Can view servico	8	view_servico
33	Can add agendamento	9	add_agendamento
34	Can change agendamento	9	change_agendamento
35	Can delete agendamento	9	delete_agendamento
36	Can view agendamento	9	view_agendamento
37	Can add Venda	10	add_venda
38	Can change Venda	10	change_venda
39	Can delete Venda	10	delete_venda
40	Can view Venda	10	view_venda
41	Can add Item da venda	11	add_itemvenda
42	Can change Item da venda	11	change_itemvenda
43	Can delete Item da venda	11	delete_itemvenda
44	Can view Item da venda	11	view_itemvenda
45	Can add usuario	12	add_usuario
46	Can change usuario	12	change_usuario
47	Can delete usuario	12	delete_usuario
48	Can view usuario	12	view_usuario
49	Can add item estoque	13	add_itemestoque
50	Can change item estoque	13	change_itemestoque
51	Can delete item estoque	13	delete_itemestoque
52	Can view item estoque	13	view_itemestoque
53	Can add Produto	14	add_produto
54	Can change Produto	14	change_produto
55	Can delete Produto	14	delete_produto
56	Can view Produto	14	view_produto
57	Can add Lote de produto	15	add_loteproduto
58	Can change Lote de produto	15	change_loteproduto
59	Can delete Lote de produto	15	delete_loteproduto
60	Can view Lote de produto	15	view_loteproduto
61	Can add Movimento de estoque	16	add_movimentoestoque
62	Can change Movimento de estoque	16	change_movimentoestoque
63	Can delete Movimento de estoque	16	delete_movimentoestoque
64	Can view Movimento de estoque	16	view_movimentoestoque
65	Can add transacao	17	add_transacao
66	Can change transacao	17	change_transacao
67	Can delete transacao	17	delete_transacao
68	Can view transacao	17	view_transacao
69	Can add insight	18	add_insight
70	Can change insight	18	change_insight
71	Can delete insight	18	delete_insight
72	Can view insight	18	view_insight
73	Can add recomendacao ia	19	add_recomendacaoia
74	Can change recomendacao ia	19	change_recomendacaoia
75	Can delete recomendacao ia	19	delete_recomendacaoia
76	Can view recomendacao ia	19	view_recomendacaoia
77	Can add historico ia	20	add_historicoia
78	Can change historico ia	20	change_historicoia
79	Can delete historico ia	20	delete_historicoia
80	Can view historico ia	20	view_historicoia
81	Can add notificacao	21	add_notificacao
82	Can change notificacao	21	change_notificacao
83	Can delete notificacao	21	delete_notificacao
84	Can view notificacao	21	view_notificacao
85	Can add Canal de notificação do usuário	22	add_canalnotificacaousuario
86	Can change Canal de notificação do usuário	22	change_canalnotificacaousuario
87	Can delete Canal de notificação do usuário	22	delete_canalnotificacaousuario
88	Can view Canal de notificação do usuário	22	view_canalnotificacaousuario
89	Can add Execução IA automática	23	add_execucaoiaauto
90	Can change Execução IA automática	23	change_execucaoiaauto
91	Can delete Execução IA automática	23	delete_execucaoiaauto
92	Can view Execução IA automática	23	view_execucaoiaauto
\.


--
-- Data for Name: auth_user; Type: TABLE DATA; Schema: public; Owner: spaco_jhusena_user
--

COPY public.auth_user (id, password, last_login, is_superuser, username, first_name, last_name, email, is_staff, is_active, date_joined) FROM stdin;
1	pbkdf2_sha256$1000000$m3vIUMJKWKgrsgdJFnwB9t$dRlLgaMaGuf/verBrA92i3mS7CuwxMxC5XC+4+05pC4=	2025-10-29 19:30:28.908+00	t	julio			gm.sena@hotmail.com	t	t	2025-07-27 02:19:22.093+00
2	pbkdf2_sha256$600000$163vBAErBMaMXAxkBfjw6l$1JuHif7m5l+ejXT8C+Tv7yXJcQ8yYqYohNyXU3xHHc8=	2025-12-17 16:05:48.179+00	t	julioSena			gm.sena@htomail.com	t	t	2025-10-14 13:57:43.002+00
3	pbkdf2_sha256$600000$6OH49qQuu2r499I5apvVge$xkUWU9u0GvG/mK8bYkVHnlCC6YGQFATj6rDcZlAuZ8k=	2025-12-20 19:25:29.868758+00	t	admin			gm.sena@hotmail.com	t	t	2025-12-20 16:40:18.233673+00
\.


--
-- Data for Name: auth_user_groups; Type: TABLE DATA; Schema: public; Owner: spaco_jhusena_user
--

COPY public.auth_user_groups (id, user_id, group_id) FROM stdin;
\.


--
-- Data for Name: auth_user_user_permissions; Type: TABLE DATA; Schema: public; Owner: spaco_jhusena_user
--

COPY public.auth_user_user_permissions (id, user_id, permission_id) FROM stdin;
\.


--
-- Data for Name: django_admin_log; Type: TABLE DATA; Schema: public; Owner: spaco_jhusena_user
--

COPY public.django_admin_log (id, action_time, object_id, object_repr, action_flag, change_message, content_type_id, user_id) FROM stdin;
\.


--
-- Data for Name: django_content_type; Type: TABLE DATA; Schema: public; Owner: spaco_jhusena_user
--

COPY public.django_content_type (id, app_label, model) FROM stdin;
1	admin	logentry
2	auth	permission
3	auth	group
4	auth	user
5	contenttypes	contenttype
6	sessions	session
7	produtos	produto
8	servicos	servico
9	agendamentos	agendamento
10	vendas	venda
11	vendas	itemvenda
12	usuarios	usuario
13	estoque	itemestoque
14	estoque	produto
15	estoque	loteproduto
16	estoque	movimentoestoque
17	financeiro	transacao
18	financeiro	insight
19	financeiro	recomendacaoia
20	financeiro	historicoia
21	notificacoes	notificacao
22	notificacoes	canalnotificacaousuario
23	notificacoes	execucaoiaauto
\.


--
-- Data for Name: django_migrations; Type: TABLE DATA; Schema: public; Owner: spaco_jhusena_user
--

COPY public.django_migrations (id, app, name, applied) FROM stdin;
1	contenttypes	0001_initial	2025-12-20 02:01:01.321547+00
2	auth	0001_initial	2025-12-20 02:01:01.52038+00
3	admin	0001_initial	2025-12-20 02:01:01.617627+00
4	admin	0002_logentry_remove_auto_add	2025-12-20 02:01:01.624946+00
5	admin	0003_logentry_add_action_flag_choices	2025-12-20 02:01:01.631721+00
6	servicos	0001_initial	2025-12-20 02:01:01.639408+00
7	agendamentos	0001_initial	2025-12-20 02:01:01.716662+00
8	agendamentos	0002_agendamento_cliente	2025-12-20 02:01:01.721849+00
9	agendamentos	0003_agendamento_status	2025-12-20 02:01:01.808309+00
10	agendamentos	0004_alter_agendamento_status	2025-12-20 02:01:01.814272+00
11	agendamentos	0005_alter_agendamento_status	2025-12-20 02:01:01.819151+00
12	contenttypes	0002_remove_content_type_name	2025-12-20 02:01:01.832435+00
13	auth	0002_alter_permission_name_max_length	2025-12-20 02:01:01.840201+00
14	auth	0003_alter_user_email_max_length	2025-12-20 02:01:01.849732+00
15	auth	0004_alter_user_username_opts	2025-12-20 02:01:01.857172+00
16	auth	0005_alter_user_last_login_null	2025-12-20 02:01:01.915805+00
17	auth	0006_require_contenttypes_0002	2025-12-20 02:01:01.92028+00
18	auth	0007_alter_validators_add_error_messages	2025-12-20 02:01:01.928616+00
19	auth	0008_alter_user_username_max_length	2025-12-20 02:01:01.939757+00
20	auth	0009_alter_user_last_name_max_length	2025-12-20 02:01:01.949184+00
21	auth	0010_alter_group_name_max_length	2025-12-20 02:01:02.008849+00
22	auth	0011_update_proxy_permissions	2025-12-20 02:01:02.019259+00
23	auth	0012_alter_user_first_name_max_length	2025-12-20 02:01:02.027124+00
24	estoque	0001_initial	2025-12-20 02:01:02.032385+00
25	estoque	0002_produto_movimentoestoque	2025-12-20 02:01:02.111013+00
26	vendas	0001_initial	2025-12-20 02:01:02.127057+00
27	vendas	0002_alter_itemvenda_preco_unitario_and_more	2025-12-20 02:01:02.135398+00
28	financeiro	0001_initial	2025-12-20 02:01:02.224116+00
29	financeiro	0002_metacategoria	2025-12-20 02:01:02.316546+00
30	financeiro	0003_metacategoriamensal	2025-12-20 02:01:02.327316+00
31	financeiro	0004_insight	2025-12-20 02:01:02.41086+00
32	financeiro	0005_alter_metacategoria_options_and_more	2025-12-20 02:01:02.52445+00
33	financeiro	0006_transacao_delete_despesa_delete_insight_and_more	2025-12-20 02:01:02.625917+00
34	financeiro	0007_insight	2025-12-20 02:01:02.715389+00
35	financeiro	0008_recomendacaoia	2025-12-20 02:01:02.730203+00
36	financeiro	0009_insight_generated_by	2025-12-20 02:01:02.81471+00
37	financeiro	0010_transacao_categoria	2025-12-20 02:01:02.819804+00
38	financeiro	0011_transacao_venda	2025-12-20 02:01:02.830555+00
39	financeiro	0012_historicoia	2025-12-20 02:01:02.912064+00
40	notificacoes	0001_initial	2025-12-20 02:01:02.931972+00
41	notificacoes	0002_canalnotificacaousuario	2025-12-20 02:01:03.031668+00
42	notificacoes	0003_execucaoiaauto	2025-12-20 02:01:03.109783+00
43	produtos	0001_initial	2025-12-20 02:01:03.209319+00
44	sessions	0001_initial	2025-12-20 02:01:03.326066+00
45	usuarios	0001_initial	2025-12-20 02:01:03.508908+00
46	estoque	0003_loteproduto_movimentoestoque_lote	2025-12-20 02:11:52.110612+00
\.


--
-- Data for Name: django_session; Type: TABLE DATA; Schema: public; Owner: spaco_jhusena_user
--

COPY public.django_session (session_key, session_data, expire_date) FROM stdin;
00jzmaqh0x898n35xjmnkef8xei8f2es	.eJxVjEEOwiAQRe_C2hAKSMGl-56BzDCDVA0kpV0Z765NutDtf-_9l4iwrSVunZc4k7gILU6_G0J6cN0B3aHemkytrsuMclfkQbucGvHzerh_BwV6-daDAaKBlCGP7mxdpuADJ9A5ZGROhI7RjMp6VpxGCyEhojcIWRPbLN4fGv455g:1v9Sjr:twgkRA0Yhlev_GiBDmoPrQy551jYoVyWJeu842iwuM0	2025-10-30 18:30:11.394+00
4vmcij96n8yqvypouakr0ksjv96g2cbg	.eJxVjEEOwiAQRe_C2hCL0AGX7j0DmRkGqRpISrsy3l2bdKHb_977LxVxXUpcu8xxSuqsjDr8boT8kLqBdMd6a5pbXeaJ9KbonXZ9bUmel939OyjYy7eWMZOFzBnBGTDGBIsWEWmEgQN7B0GcJU-QHXnPfJScggBni6cBQL0_AFs4sA:1vFvMz:xWmoZBi5aNPEocqMjW7JwIJpAHEqh2iTNYZDnd5Q3mk	2025-11-17 14:17:17.136+00
68cq31w42py2uq1sfg59qebz2wgiw33m	.eJxVjDsOgzAQRO_iOrKw8Tdles5g7bLrmCQyEoYqyt0DEkVSzrw38xYJtrWkrfGSJhJXocXlt0MYn1wPQA-o91mOc12XCeWhyJM2OczEr9vp_h0UaGVfO62iyWMwOvbUx-wtIDkdKVsVLXFgZNV1e0Qir4wO7D0acAYICIP4fAHiazh0:1vGNC1:qyxVxreM263kdSh_O1D7c7DTsmwV4IUSH3g4N5DAwPA	2025-11-18 19:59:49.753+00
69yhd2nkdf6qys0qsbleljmcudkep96i	.eJxVjDsOgzAQRO_iOrKw8Tdles5g7bLrmCQyEoYqyt0DEkVSzrw38xYJtrWkrfGSJhJXocXlt0MYn1wPQA-o91mOc12XCeWhyJM2OczEr9vp_h0UaGVfO62iyWMwOvbUx-wtIDkdKVsVLXFgZNV1e0Qir4wO7D0acAYICIP4fAHiazh0:1vVu28:6lQIDoqon5pytvZYRzhjyZ2kC9pCrtDCUoDRGNfd7YQ	2025-12-31 16:05:48.183+00
97038iovlj7pma8nijfccd8e9ilwqq9q	.eJxVjMsOwiAQRf-FtSGAPF269xvIzABSNZCUdmX8d9ukC92ec-59swjrUuM68hynxC5MstMvQ6BnbrtID2j3zqm3ZZ6Q7wk_7OC3nvLrerR_BxVG3dY-UXLaEhknBQFm5YMLwZAoFoLVwQmnvURlTVFkXUaPZUNnY5VKBOzzBd1SN4o:1uyK2N:ZsTJEvQ8sl_amN7bWvW74obsuEXrwlhmgrAZlHkVpwE	2025-09-30 00:59:15.604+00
bofghd31ry18d78kw5xlydtg2rgip2gp	.eJxVjDsOgzAQRO_iOrKw8Tdles5g7bLrmCQyEoYqyt0DEkVSzrw38xYJtrWkrfGSJhJXocXlt0MYn1wPQA-o91mOc12XCeWhyJM2OczEr9vp_h0UaGVfO62iyWMwOvbUx-wtIDkdKVsVLXFgZNV1e0Qir4wO7D0acAYICIP4fAHiazh0:1vLTG6:zgCHTnGUgkzOUFLGuvbRL8m6b0uqyycWcEJQCoFy_nM	2025-12-02 21:29:06.987+00
c8kispkaw55ndzbh5z97cupo25gi28ws	.eJxVjMsOwiAQRf-FtSE8OjxcuvcbCDCDVA0kpV0Z_12bdKHbe865LxbittawDVrCjOzMFDv9binmB7Ud4D22W-e5t3WZE98VftDBrx3peTncv4MaR_3WkymofFKAgDJqkxGKJECKojiDkKSUWoBQzlrQwqIBypPyBMWDA8feH-P7N08:1vVbou:-2TCvL1LPrNXpkP5tkvdAcbdi5w5xo4RtTc5J9GrCyI	2025-12-30 20:38:56.714+00
cjq0wvcj1jdcudfvuo3rrfw06857s47a	.eJxVjDsOgzAQRO_iOrKw8Tdles5g7bLrmCQyEoYqyt0DEkVSzrw38xYJtrWkrfGSJhJXocXlt0MYn1wPQA-o91mOc12XCeWhyJM2OczEr9vp_h0UaGVfO62iyWMwOvbUx-wtIDkdKVsVLXFgZNV1e0Qir4wO7D0acAYICIP4fAHiazh0:1vNidS:nW5QvjHavY6FzyRT74KipHJ_XkcmCNkFH3j-Rt8aeRY	2025-12-09 02:18:30.87+00
cp71sflj5606dj8fb4b5de567qikisxh	.eJxVjDEOgzAMRe-SuYpwIMZ07M4ZkB0nDW0VJAJT1btXSAzt-t97_20m3rc87TWu06zmasBcfjfh8IzlAPrgcl9sWMq2zmIPxZ602nHR-Lqd7t9B5pqPuku-SyCA7EKMCfwwkHKjFKAnUoc9hYAOvQIKJvKuxVa46QkksZjPF-5qOAw:1vEBsK:hp-0y-DApBS-gefNPYzksgNtJrzyMrKCH5kknZZg8i0	2025-11-12 19:30:28.912+00
d5gkercry5wr7b5psx8i0s1s3baptsyn	.eJxVjEEOwiAQRe_C2hAKSMGl-56BzDCDVA0kpV0Z765NutDtf-_9l4iwrSVunZc4k7gILU6_G0J6cN0B3aHemkytrsuMclfkQbucGvHzerh_BwV6-daDAaKBlCGP7mxdpuADJ9A5ZGROhI7RjMp6VpxGCyEhojcIWRPbLN4fGv455g:1v966h:cUjVV_ghK5gOiesR6i5cWFF7ks6Jqv7EC6GkU1-rjac	2025-10-29 18:20:15.927+00
e3av7rm28ugh1ly3rcfs860hiy9iaoiv	.eJxVjMsOwiAQRf-FtSGAPF269xvIzABSNZCUdmX8d9ukC92ec-59swjrUuM68hynxC5MstMvQ6BnbrtID2j3zqm3ZZ6Q7wk_7OC3nvLrerR_BxVG3dY-UXLaEhknBQFm5YMLwZAoFoLVwQmnvURlTVFkXUaPZUNnY5VKBOzzBd1SN4o:1utAef:oyHbMhyfTNLjID6HTEA6qZi6Z_gvnIhlxnzmm_1k-Rk	2025-09-15 19:57:29.183+00
g18jl9eca6l1n9rucca9f9ytikmbe5s8	.eJxVjMsOwiAQRf-FtSGAPF269xvIzABSNZCUdmX8d9ukC92ec-59swjrUuM68hynxC5MstMvQ6BnbrtID2j3zqm3ZZ6Q7wk_7OC3nvLrerR_BxVG3dY-UXLaEhknBQFm5YMLwZAoFoLVwQmnvURlTVFkXUaPZUNnY5VKBOzzBd1SN4o:1ugBWd:6_2DFTVZmsL-P0Rrc_KBNDM1Bux1E5d9qyo3LDPi6jc	2025-08-11 00:15:31.992+00
gdy7ek0677e9ewq6w81izkdupwj59yy0	.eJxVjDEOgzAMRe-SuYpwIMZ07M4ZkB0nDW0VJAJT1btXSAzt-t97_20m3rc87TWu06zmasBcfjfh8IzlAPrgcl9sWMq2zmIPxZ602nHR-Lqd7t9B5pqPuku-SyCA7EKMCfwwkHKjFKAnUoc9hYAOvQIKJvKuxVa46QkksZjPF-5qOAw:1vEBpK:Quhjl1XLYzYiTPWHdAoLAnqv-Yw0E4ljgoQqLX0BtEI	2025-11-12 19:27:22.401+00
gjsxkm33ahhbqkcsh8i8stjyp1fxrywa	.eJxVjMsOwiAQRf-FtSGAPF269xvIzABSNZCUdmX8d9ukC92ec-59swjrUuM68hynxC5MstMvQ6BnbrtID2j3zqm3ZZ6Q7wk_7OC3nvLrerR_BxVG3dY-UXLaEhknBQFm5YMLwZAoFoLVwQmnvURlTVFkXUaPZUNnY5VKBOzzBd1SN4o:1unHWG:NGJcOWYCl-pJk3T9r8m0jmIWZIEGUUB_u5PFRvZ7cow	2025-08-30 14:04:28.722+00
ic30bnpvek9uc90iwactqg3gbi679kfk	.eJxVjEEOwiAQRe_C2hCL0AGX7j0DmRkGqRpISrsy3l2bdKHb_977LxVxXUpcu8xxSuqsjDr8boT8kLqBdMd6a5pbXeaJ9KbonXZ9bUmel939OyjYy7eWMZOFzBnBGTDGBIsWEWmEgQN7B0GcJU-QHXnPfJScggBni6cBQL0_AFs4sA:1v9pIG:Ll_0q-IsmK861y7BGlR3Zk929f3DEewMBXFOW6jSZME	2025-10-31 18:35:12.355+00
ixtuoxru644njzh0ruo5q6f4w507a6fw	.eJxVjDsOgzAQRO_iOrKw8Tdles5g7bLrmCQyEoYqyt0DEkVSzrw38xYJtrWkrfGSJhJXocXlt0MYn1wPQA-o91mOc12XCeWhyJM2OczEr9vp_h0UaGVfO62iyWMwOvbUx-wtIDkdKVsVLXFgZNV1e0Qir4wO7D0acAYICIP4fAHiazh0:1vGNDu:21mPrh9jQkIx56vHWj0mqz6bpnDJP1i1ojNTxWNi3oc	2025-11-18 20:01:46.432+00
leen02iap2g3ltmqbsrtzqgruxlcjj2t	.eJxVjMsOwiAQRf-FtSGAPF269xvIzABSNZCUdmX8d9ukC92ec-59swjrUuM68hynxC5MstMvQ6BnbrtID2j3zqm3ZZ6Q7wk_7OC3nvLrerR_BxVG3dY-UXLaEhknBQFm5YMLwZAoFoLVwQmnvURlTVFkXUaPZUNnY5VKBOzzBd1SN4o:1v3P9X:nl1LB2p7aCE5j23NqN1ypacZAZ4che5dI8C0loOc7Jc	2025-10-14 01:27:39.889+00
mki1xx697lcib692dq3kw88zvy8472de	.eJxVjDEOgzAMRe-SuYpwIMZ07M4ZkB0nDW0VJAJT1btXSAzt-t97_20m3rc87TWu06zmasBcfjfh8IzlAPrgcl9sWMq2zmIPxZ602nHR-Lqd7t9B5pqPuku-SyCA7EKMCfwwkHKjFKAnUoc9hYAOvQIKJvKuxVa46QkksZjPF-5qOAw:1vEBlV:uA-cE5bofneE9i8SsSnqXclgFrcQvCfUCn3X2S9fYhA	2025-11-12 19:23:25.192+00
mvnep66ngrlbspdqbvbmv3esshr32ia8	.eJxVjDsOgzAQRO_iOrKw8Tdles5g7bLrmCQyEoYqyt0DEkVSzrw38xYJtrWkrfGSJhJXocXlt0MYn1wPQA-o91mOc12XCeWhyJM2OczEr9vp_h0UaGVfO62iyWMwOvbUx-wtIDkdKVsVLXFgZNV1e0Qir4wO7D0acAYICIP4fAHiazh0:1vVtKQ:yUw0BemPUZWF40xXFWNtuJyOW4R3rzETsFEaS6c49sI	2025-12-31 15:20:38.814+00
pqoyi4k2u1derrtlmsys71cill1bpvzl	.eJxVjEEOwiAQRe_C2hCL0AGX7j0DmRkGqRpISrsy3l2bdKHb_977LxVxXUpcu8xxSuqsjDr8boT8kLqBdMd6a5pbXeaJ9KbonXZ9bUmel939OyjYy7eWMZOFzBnBGTDGBIsWEWmEgQN7B0GcJU-QHXnPfJScggBni6cBQL0_AFs4sA:1vADWB:oPDvQUHso_CL_GoJxo0rEo0UY0GDDN3qff9sy2ZB4Zg	2025-11-01 20:27:11.934+00
v6st49kecael465kz23qwzgtvysgnysj	.eJxVjMsOwiAQRf-FtSGAPF269xvIzABSNZCUdmX8d9ukC92ec-59swjrUuM68hynxC5MstMvQ6BnbrtID2j3zqm3ZZ6Q7wk_7OC3nvLrerR_BxVG3dY-UXLaEhknBQFm5YMLwZAoFoLVwQmnvURlTVFkXUaPZUNnY5VKBOzzBd1SN4o:1ufr2T:uibnSRD00MV7kpzG3JDt4IAFk0D-X4t287lwWydXTlQ	2025-08-10 02:23:01.584+00
z2xfow5w9el7mhnd3l2vzwasf1x3jwe7	.eJxVjDEOgzAMRe-SuYpwIMZ07M4ZkB0nDW0VJAJT1btXSAzt-t97_20m3rc87TWu06zmasBcfjfh8IzlAPrgcl9sWMq2zmIPxZ602nHR-Lqd7t9B5pqPuku-SyCA7EKMCfwwkHKjFKAnUoc9hYAOvQIKJvKuxVa46QkksZjPF-5qOAw:1vEBoC:F4rzjm_-_LZ7lZON5bLZfXTdiwnFDFlc1ZQAb4Y8Fnw	2025-11-12 19:26:12.194+00
16izsonect1me337b5ue47hlztzqp8s7	.eJxVjDsOwyAQBe9CHSEtLOBNmT5nQCyf4CTCkrErK3ePLblI2jczbxM-rEv1a8-zH5O4Ci0uvxuH-MrtAOkZ2mOScWrLPLI8FHnSLu9Tyu_b6f4d1NDrXpekEFlZ0FgGLMRUlKYIWiNCdEBDMYYcA1k2bKJNlIGN26OCbJL4fAHHxDdd:1vX2a1:92-Pkg1m0UnbCyyZyUS5M82trja6leZqJlHZ89E5kv0	2026-01-03 19:25:29.951342+00
\.


--
-- Data for Name: estoque_itemestoque; Type: TABLE DATA; Schema: public; Owner: spaco_jhusena_user
--

COPY public.estoque_itemestoque (id, nome) FROM stdin;
1	Cama pet
\.


--
-- Data for Name: estoque_loteproduto; Type: TABLE DATA; Schema: public; Owner: spaco_jhusena_user
--

COPY public.estoque_loteproduto (id, codigo, validade, criado_em, produto_id) FROM stdin;
1		2025-12-08	2025-12-09 16:11:47.897+00	2
2		2025-12-09	2025-12-11 17:21:49.508+00	4
\.


--
-- Data for Name: estoque_movimentoestoque; Type: TABLE DATA; Schema: public; Owner: spaco_jhusena_user
--

COPY public.estoque_movimentoestoque (id, tipo, quantidade, data, observacao, produto_id, lote_id) FROM stdin;
1	E	5.000	2025-11-17 16:13:26.6+00	Estoque inicial (5 sacos)	2	\N
2	S	1.000	2025-11-17 19:13:30.487+00	Venda #5	2	\N
3	S	1.000	2025-11-18 21:33:34.776+00	Venda #6	3	\N
4	S	2.000	2025-11-18 21:42:26.342+00	Venda #7	3	\N
5	S	3.000	2025-11-22 00:56:25.78+00	Venda #8 (ajuste item)	2	\N
6	S	3.000	2025-11-22 00:56:25.787+00	Venda #8	2	\N
7	S	0.000	2025-12-02 21:57:28.927+00	Venda #9	3	\N
8	S	0.000	2025-12-02 21:57:38.333+00	Venda #10	3	\N
9	S	1.000	2025-12-02 22:03:33.424+00	Venda #11 (ajuste item)	3	\N
10	S	1.000	2025-12-02 22:03:33.437+00	Venda #11	3	\N
11	S	1.000	2025-12-02 22:03:33.468+00	Venda #12 (ajuste item)	3	\N
12	S	1.000	2025-12-02 22:03:33.479+00	Venda #12	3	\N
13	S	2.000	2025-12-02 22:03:58.586+00	Venda #13 (ajuste item)	2	\N
14	S	2.000	2025-12-02 22:03:58.599+00	Venda #13	2	\N
15	S	2.000	2025-12-02 22:03:58.632+00	Venda #14 (ajuste item)	2	\N
16	S	2.000	2025-12-02 22:03:58.641+00	Venda #14	2	\N
17	S	1.000	2025-12-08 22:45:14.328+00	Venda #15 (ajuste item)	4	\N
19	E	1.000	2025-12-08 23:17:38.738+00	Ajuste de saldo inicial	4	\N
20	E	5.000	2025-12-08 23:34:23.43+00	Estoque inicial	4	\N
21	S	1.000	2025-12-08 23:36:15.942+00	Venda #16 (ajuste item)	4	\N
22	S	1.000	2025-12-08 23:36:15.955+00	Venda #16	4	\N
23	E	5.000	2025-12-08 23:46:57.156+00	ajuste de estoque	4	\N
24	S	1.000	2025-12-08 23:47:53.714+00	Venda #17 (ajuste item)	4	\N
25	S	1.000	2025-12-08 23:47:53.764+00	Venda #18 (ajuste item)	4	\N
26	S	1.000	2025-12-08 23:50:30.242+00	Venda #19 (ajuste item)	4	\N
27	S	1.000	2025-12-08 23:50:30.308+00	Venda #20 (ajuste item)	4	\N
28	S	1.000	2025-12-09 00:34:25.553+00	Venda #21 (ajuste item)	4	\N
29	S	1.000	2025-12-09 00:38:14.338+00	Venda #22 (ajuste item)	4	\N
30	E	5.000	2025-12-09 00:43:16.864+00	Estoque inicial	4	\N
31	S	1.000	2025-12-09 00:43:59.744+00	Venda #23 (ajuste item)	4	\N
32	S	6.000	2025-12-09 01:14:09.259+00	Venda #24 (ajuste item)	4	\N
33	E	10.000	2025-12-09 01:34:05.742+00	comprado no carrefour	4	\N
34	E	27.000	2025-12-09 01:37:07.976+00	Regularização inicial	3	\N
35	E	20.000	2025-12-09 01:37:36.745+00	Regularização inicial	2	\N
36	S	10.000	2025-12-09 15:07:24.462+00	Venda #25 (ajuste item)	4	\N
37	E	20.000	2025-12-09 16:15:05.028+00	"Estoque inicial" (opcional)	2	1
38	S	2.000	2025-12-10 20:18:18.904+00	Venda #27 (ajuste item)	2	\N
39	S	1.000	2025-12-10 20:47:05.772+00	Venda #28 (ajuste item)	2	1
40	E	4.000	2025-12-11 02:06:50.61+00		2	1
41	E	30.000	2025-12-11 17:21:51.934+00	Nova compra	4	2
\.


--
-- Data for Name: estoque_produto; Type: TABLE DATA; Schema: public; Owner: spaco_jhusena_user
--

COPY public.estoque_produto (id, nome, tipo, preco_venda, controla_estoque, ativo) FROM stdin;
1	Banho completo	SERVICO	70.00	f	t
2	Ração Premium 10kg	SERVICO	210.00	t	t
3	vacina	PRODUTO	150.00	t	t
4	Cama pet	PRODUTO	200.00	t	t
5	Cama pet	PRODUTO	200.00	t	t
\.


--
-- Data for Name: financeiro_historicoia; Type: TABLE DATA; Schema: public; Owner: spaco_jhusena_user
--

COPY public.financeiro_historicoia (id, texto, tipo, criado_em, origem, usuario_id) FROM stdin;
1	Corte 10–15% de despesas variáveis nesta semana e adie compras não essenciais.	alerta	2025-11-27 11:36:50.127+00	auto	\N
2	Corte 10–15% de despesas variáveis nesta semana e adie compras não essenciais.	alerta	2025-11-27 14:25:03.097+00	cron	\N
3	Corte 10–15% de despesas variáveis nesta semana e adie compras não essenciais.	alerta	2025-11-27 14:41:23.845+00	cron	\N
4	Corte 10–15% de despesas variáveis nesta semana e adie compras não essenciais.	alerta	2025-11-27 14:57:31.204+00	cron	\N
5	Corte 10–15% de despesas variáveis nesta semana e adie compras não essenciais.	alerta	2025-11-27 15:00:29.707+00	cron	\N
6	Corte 10–15% de despesas variáveis nesta semana e adie compras não essenciais.	alerta	2025-11-27 15:03:19.516+00	cron	\N
7	Corte 10–15% de despesas variáveis nesta semana e adie compras não essenciais.	alerta	2025-11-27 17:54:56.075+00	auto	\N
8	Atenção: o lote ID 1 do produto 'Ração Premium 10kg' está VENCIDO desde 09/12/2025.	alerta	2025-12-10 23:31:47.847+00	lote	1
9	Atenção: o lote ID 1 do produto 'Ração Premium 10kg' está VENCIDO desde 09/12/2025.	alerta	2025-12-11 01:11:54.698+00	lote	1
10	Atenção: o lote ID 1 do produto 'Ração Premium 10kg' está VENCIDO desde 09/12/2025.	alerta	2025-12-11 02:28:13.127+00	lote	2
11	Atenção: o lote ID 1 do produto 'Ração Premium 10kg' está VENCIDO desde 09/12/2025.	alerta	2025-12-11 02:28:19.78+00	lote	2
12	Atenção: o lote ID 1 do produto 'Ração Premium 10kg' está VENCIDO desde 09/12/2025.	alerta	2025-12-11 03:11:38.276+00	lote	2
13	Atenção: o lote ID 1 do produto 'Ração Premium 10kg' está VENCIDO desde 09/12/2025.	alerta	2025-12-11 03:19:56.552+00	lote	2
14	Atenção: o lote ID 1 do produto 'Ração Premium 10kg' está VENCIDO desde 09/12/2025.	alerta	2025-12-11 03:31:40.433+00	lote	2
15	Atenção: o lote ID 1 do produto 'Ração Premium 10kg' está VENCIDO desde 09/12/2025.	alerta	2025-12-11 03:41:28.468+00	lote	2
16	Atenção: o lote ID 1 do produto 'Ração Premium 10kg' está VENCIDO desde 09/12/2025.	alerta	2025-12-11 03:45:54.34+00	lote	2
17	Atenção: o lote ID 1 do produto 'Ração Premium 10kg' está VENCIDO desde 09/12/2025.	alerta	2025-12-11 14:04:15.983+00	lote	2
18	Atenção: o lote ID 1 do produto 'Ração Premium 10kg' está VENCIDO desde 09/12/2025.	alerta	2025-12-11 14:21:25.905+00	lote	2
19	Atenção: o lote ID 1 do produto 'Ração Premium 10kg' está VENCIDO desde 09/12/2025.	alerta	2025-12-11 14:25:19.922+00	lote	2
20	Atenção: o lote ID 1 do produto 'Ração Premium 10kg' está VENCIDO desde 09/12/2025.	alerta	2025-12-11 14:25:58.442+00	lote	2
21	Atenção: o lote ID 1 do produto 'Ração Premium 10kg' está VENCIDO desde 08/12/2025.	alerta	2025-12-11 16:20:45.757+00	lote	2
22	Atenção: o lote ID 2 do produto 'Cama pet' está VENCIDO desde 09/12/2025.	alerta	2025-12-11 17:22:08.109+00	lote	2
23	Atenção: o lote ID 1 do produto 'Ração Premium 10kg' está VENCIDO desde 08/12/2025.	alerta	2025-12-11 17:30:46.414+00	lote	2
24	Atenção: o lote ID 2 do produto 'Cama pet' está VENCIDO desde 09/12/2025.	alerta	2025-12-11 17:30:46.42+00	lote	2
25	Atenção: o lote ID 1 do produto 'Ração Premium 10kg' está VENCIDO desde 08/12/2025.	alerta	2025-12-11 17:31:19.963+00	lote	2
26	Atenção: o lote ID 2 do produto 'Cama pet' está VENCIDO desde 09/12/2025.	alerta	2025-12-11 17:31:19.968+00	lote	2
27	Atenção: o lote ID 1 do produto 'Ração Premium 10kg' está VENCIDO desde 08/12/2025 com saldo de 23 unidade(s).	alerta	2025-12-11 19:16:11.542+00	lote	2
28	Atenção: o lote ID 2 do produto 'Cama pet' está VENCIDO desde 09/12/2025 com saldo de 30 unidade(s).	alerta	2025-12-11 19:16:11.548+00	lote	2
29	Atenção: o lote ID 1 do produto 'Ração Premium 10kg' está VENCIDO desde 08/12/2025 com saldo de 23 unidade(s).\n\n[lote:1|status:vencido|val:2025-12-08]	alerta	2025-12-13 21:44:12.779+00	lote	2
30	Atenção: o lote ID 2 do produto 'Cama pet' está VENCIDO desde 09/12/2025 com saldo de 30 unidade(s).\n\n[lote:2|status:vencido|val:2025-12-09]	alerta	2025-12-13 21:44:12.784+00	lote	2
31	Atenção: o lote ID 1 do produto 'Ração Premium 10kg' está VENCIDO desde 08/12/2025 com saldo de 23 unidade(s).\n\n[lote:1|status:vencido|val:2025-12-08]	alerta	2025-12-14 23:52:16.155+00	lote	2
32	Atenção: o lote ID 2 do produto 'Cama pet' está VENCIDO desde 09/12/2025 com saldo de 30 unidade(s).\n\n[lote:2|status:vencido|val:2025-12-09]	alerta	2025-12-14 23:52:16.162+00	lote	2
\.


--
-- Data for Name: financeiro_insight; Type: TABLE DATA; Schema: public; Owner: spaco_jhusena_user
--

COPY public.financeiro_insight (id, created_at, title, text, kind, categoria_dominante, score, generated_by) FROM stdin;
2	2025-10-06 18:11:37.481+00	Dica piloto	Mantenha o registro diário de receitas e despesas para ver tendências semanais	financeiro		0.00	manual
3	2025-10-06 18:44:41.921+00	Dica gerada em 06/10 15:44	Registre receitas e despesas diariamente. Em 7 dias, você já enxerga padrões claros.	financeiro	rotina	75.00	manual
4	2025-10-07 21:29:08.153+00	Dica gerada em 07/10 18:29	Registre receitas e despesas diariamente. Em 7 dias, você já enxerga padrões claros.	financeiro	rotina	75.00	manual
5	2025-10-08 13:45:30.89+00	Dica gerada em 08/10 10:45	Registre receitas e despesas diariamente. Em 7 dias, você já enxerga padrões claros.	financeiro	rotina	75.00	manual
6	2025-10-08 14:11:47.37+00	Dica gerada em 08/10 11:11	Registre receitas e despesas diariamente. Em 7 dias, você já enxerga padrões claros.	financeiro	rotina	75.00	manual
7	2025-10-08 14:11:48.345+00	Dica gerada em 08/10 11:11	Registre receitas e despesas diariamente. Em 7 dias, você já enxerga padrões claros.	financeiro	rotina	75.00	manual
8	2025-10-08 17:54:03.652+00	Dica gerada em 08/10 14:54	Registre receitas e despesas diariamente. Em 7 dias, você já enxerga padrões claros.	financeiro	rotina	75.00	manual
9	2025-10-08 17:59:27.635+00	Dica gerada em 08/10 14:59	Registre receitas e despesas diariamente. Em 7 dias, você já enxerga padrões claros.	financeiro	rotina	75.00	manual
10	2025-10-08 17:59:28.497+00	Dica gerada em 08/10 14:59	Registre receitas e despesas diariamente. Em 7 dias, você já enxerga padrões claros.	financeiro	rotina	75.00	manual
11	2025-10-10 00:37:29.678+00	Dica gerada em 09/10 21:37	Registre receitas e despesas diariamente. Em 7 dias, você já enxerga padrões claros.	financeiro	rotina	75.00	manual
12	2025-10-10 00:37:31.79+00	Dica gerada em 09/10 21:37	Registre receitas e despesas diariamente. Em 7 dias, você já enxerga padrões claros.	financeiro	rotina	75.00	manual
13	2025-10-10 00:37:31.814+00	Dica gerada em 09/10 21:37	Registre receitas e despesas diariamente. Em 7 dias, você já enxerga padrões claros.	financeiro	rotina	75.00	manual
14	2025-10-10 00:37:33.238+00	Dica gerada em 09/10 21:37	Registre receitas e despesas diariamente. Em 7 dias, você já enxerga padrões claros.	financeiro	rotina	75.00	manual
15	2025-10-10 00:38:07.781+00	Dica gerada em 09/10 21:38	Registre receitas e despesas diariamente. Em 7 dias, você já enxerga padrões claros.	financeiro	rotina	75.00	manual
16	2025-10-10 00:44:24.147+00	Dica gerada em 09/10 21:44	Registre receitas e despesas diariamente. Em 7 dias, você já enxerga padrões claros.	financeiro	rotina	75.00	manual
17	2025-10-10 01:15:22.425+00	Dica gerada em 09/10 22:15	Registre receitas e despesas diariamente. Em 7 dias, você já enxerga padrões claros.	financeiro	rotina	75.00	manual
18	2025-10-10 15:18:35.99+00	Dica gerada em 10/10 12:18	Registre receitas e despesas diariamente. Em 7 dias, você já enxerga padrões claros.	financeiro	rotina	75.00	manual
19	2025-10-10 18:56:29.839+00	Dica gerada em 10/10 15:56	Registre receitas e despesas diariamente. Em 7 dias, você já enxerga padrões claros.	financeiro	rotina	75.00	manual
20	2025-10-10 19:05:26.468+00	Dica gerada em 10/10 16:05	Registre receitas e despesas diariamente. Em 7 dias, você já enxerga padrões claros.	financeiro	rotina	75.00	manual
21	2025-10-10 19:06:51.034+00	Dica gerada em 10/10 16:06	Registre receitas e despesas diariamente. Em 7 dias, você já enxerga padrões claros.	financeiro	rotina	75.00	manual
22	2025-10-10 19:20:12.86+00	Dica gerada em 10/10 16:20	Registre receitas e despesas diariamente. Em 7 dias, você já enxerga padrões claros.	financeiro	rotina	75.00	manual
23	2025-10-10 19:20:45.387+00	Dica gerada em 10/10 16:20	Registre receitas e despesas diariamente. Em 7 dias, você já enxerga padrões claros.	financeiro	rotina	75.00	manual
24	2025-10-10 19:24:09.13+00	Dica gerada em 10/10 16:24	Registre receitas e despesas diariamente. Em 7 dias, você já enxerga padrões claros.	financeiro	rotina	75.00	manual
25	2025-10-10 19:34:16.325+00	Dica gerada em 10/10 16:34	Registre receitas e despesas diariamente. Em 7 dias, você já enxerga padrões claros.	financeiro	rotina	75.00	manual
26	2025-10-10 19:34:16.346+00	Dica gerada em 10/10 16:34	Registre receitas e despesas diariamente. Em 7 dias, você já enxerga padrões claros.	financeiro	rotina	75.00	manual
27	2025-10-10 19:44:34.215+00	Dica gerada em 10/10 16:44	Registre receitas e despesas diariamente. Em 7 dias, você já enxerga padrões claros.	financeiro	rotina	75.00	manual
28	2025-10-10 23:42:10.699+00	Dica gerada em 10/10 20:42	Registre receitas e despesas diariamente. Em 7 dias, você já enxerga padrões claros.	financeiro	rotina	75.00	manual
29	2025-10-10 23:54:04.275+00	Dica gerada em 10/10 20:54	Registre receitas e despesas diariamente. Em 7 dias, você já enxerga padrões claros.	financeiro	rotina	75.00	manual
30	2025-10-11 00:30:25.243+00	Dica gerada em 10/10 21:30	Registre receitas e despesas diariamente. Em 7 dias, você já enxerga padrões claros.	financeiro	rotina	75.00	manual
31	2025-10-11 00:35:00.647+00	Dica gerada em 10/10 21:35	Registre receitas e despesas diariamente. Em 7 dias, você já enxerga padrões claros.	financeiro	rotina	75.00	manual
32	2025-10-11 00:43:23.145+00	Dica gerada em 10/10 21:43	Registre receitas e despesas diariamente. Em 7 dias, você já enxerga padrões claros.	financeiro	rotina	75.00	manual
33	2025-10-11 00:43:23.168+00	Dica gerada em 10/10 21:43	Registre receitas e despesas diariamente. Em 7 dias, você já enxerga padrões claros.	financeiro	rotina	75.00	manual
34	2025-10-11 01:28:57.436+00	Dica gerada em 10/10 22:28	Registre receitas e despesas diariamente. Em 7 dias, você já enxerga padrões claros.	financeiro	rotina	75.00	manual
35	2025-10-11 01:31:51.761+00	Dica gerada em 10/10 22:31	Registre receitas e despesas diariamente. Em 7 dias, você já enxerga padrões claros.	financeiro	rotina	75.00	manual
36	2025-10-11 01:46:42.375+00	Dica gerada em 10/10 22:46	Registre receitas e despesas diariamente. Em 7 dias, você já enxerga padrões claros.	financeiro	rotina	75.00	manual
37	2025-10-11 14:36:00.218+00	Dica gerada em 11/10 11:36	Registre receitas e despesas diariamente. Em 7 dias, você já enxerga padrões claros.	financeiro	rotina	75.00	manual
38	2025-10-11 15:36:15.479+00	Dica gerada em 11/10 12:36	Registre receitas e despesas diariamente. Em 7 dias, você já enxerga padrões claros.	financeiro	rotina	75.00	manual
39	2025-10-11 15:36:24.839+00	Dica gerada em 11/10 12:36	Registre receitas e despesas diariamente. Em 7 dias, você já enxerga padrões claros.	financeiro	rotina	75.00	manual
40	2025-10-11 15:37:02.526+00	Dica gerada em 11/10 12:37	Registre receitas e despesas diariamente. Em 7 dias, você já enxerga padrões claros.	financeiro	rotina	75.00	manual
41	2025-10-11 15:44:04.203+00	Dica gerada em 11/10 12:44	Registre receitas e despesas diariamente. Em 7 dias, você já enxerga padrões claros.	financeiro	rotina	75.00	manual
42	2025-10-11 15:44:04.232+00	Dica gerada em 11/10 12:44	Registre receitas e despesas diariamente. Em 7 dias, você já enxerga padrões claros.	financeiro	rotina	75.00	manual
43	2025-10-11 15:47:53.008+00	Dica gerada em 11/10 12:47	Registre receitas e despesas diariamente. Em 7 dias, você já enxerga padrões claros.	financeiro	rotina	75.00	manual
44	2025-10-11 16:28:30.508+00	Dica gerada em 11/10 13:28	Registre receitas e despesas diariamente. Em 7 dias, você já enxerga padrões claros.	financeiro	rotina	75.00	manual
45	2025-10-11 16:28:30.531+00	Dica gerada em 11/10 13:28	Registre receitas e despesas diariamente. Em 7 dias, você já enxerga padrões claros.	financeiro	rotina	75.00	manual
46	2025-10-11 18:33:44.318+00	Dica gerada em 11/10 15:33	Registre receitas e despesas diariamente. Em 7 dias, você já enxerga padrões claros.	financeiro	rotina	75.00	manual
47	2025-10-11 18:34:23.43+00	Dica gerada em 11/10 15:34	Registre receitas e despesas diariamente. Em 7 dias, você já enxerga padrões claros.	financeiro	rotina	75.00	manual
48	2025-10-11 18:37:40.963+00	Dica gerada em 11/10 15:37	Registre receitas e despesas diariamente. Em 7 dias, você já enxerga padrões claros.	financeiro	rotina	75.00	manual
49	2025-10-11 18:57:27.062+00	Dica gerada em 11/10 15:57	Registre receitas e despesas diariamente. Em 7 dias, você já enxerga padrões claros.	financeiro	rotina	75.00	manual
50	2025-10-11 18:58:45.692+00	Dica gerada em 11/10 15:58	Registre receitas e despesas diariamente. Em 7 dias, você já enxerga padrões claros.	financeiro	rotina	75.00	manual
51	2025-10-12 22:03:32.705+00	Dica gerada em 12/10 19:03	Registre receitas e despesas diariamente. Em 7 dias, você já enxerga padrões claros.	financeiro	rotina	75.00	manual
52	2025-10-12 22:46:48.748+00	Dica gerada em 12/10 19:46	Registre receitas e despesas diariamente. Em 7 dias, você já enxerga padrões claros.	financeiro	rotina	75.00	manual
53	2025-10-12 22:46:48.778+00	Dica gerada em 12/10 19:46	Registre receitas e despesas diariamente. Em 7 dias, você já enxerga padrões claros.	financeiro	rotina	75.00	manual
54	2025-10-12 23:02:15.69+00	Dica gerada em 12/10 20:02	Registre receitas e despesas diariamente. Em 7 dias, você já enxerga padrões claros.	financeiro	rotina	75.00	manual
55	2025-10-12 23:03:51.272+00	Dica gerada em 12/10 20:03	Registre receitas e despesas diariamente. Em 7 dias, você já enxerga padrões claros.	financeiro	rotina	75.00	manual
56	2025-10-12 23:03:53.281+00	Dica gerada em 12/10 20:03	Registre receitas e despesas diariamente. Em 7 dias, você já enxerga padrões claros.	financeiro	rotina	75.00	manual
57	2025-10-12 23:25:21.378+00	Dica gerada em 12/10 20:25	Registre receitas e despesas diariamente. Em 7 dias, você já enxerga padrões claros.	financeiro	rotina	75.00	manual
58	2025-10-12 23:25:26.801+00	Dica gerada em 12/10 20:25	Registre receitas e despesas diariamente. Em 7 dias, você já enxerga padrões claros.	financeiro	rotina	75.00	manual
59	2025-10-12 23:50:23.788+00	Dica gerada em 12/10 20:50	Registre receitas e despesas diariamente. Em 7 dias, você já enxerga padrões claros.	financeiro	rotina	75.00	manual
60	2025-10-12 23:56:37.247+00	Dica gerada em 12/10 20:56	Registre receitas e despesas diariamente. Em 7 dias, você já enxerga padrões claros.	financeiro	rotina	75.00	manual
61	2025-10-12 23:56:37.27+00	Dica gerada em 12/10 20:56	Registre receitas e despesas diariamente. Em 7 dias, você já enxerga padrões claros.	financeiro	rotina	75.00	manual
62	2025-10-12 23:59:13.445+00	Dica gerada em 12/10 20:59	Registre receitas e despesas diariamente. Em 7 dias, você já enxerga padrões claros.	financeiro	rotina	75.00	manual
63	2025-10-12 23:59:14.279+00	Dica gerada em 12/10 20:59	Registre receitas e despesas diariamente. Em 7 dias, você já enxerga padrões claros.	financeiro	rotina	75.00	manual
64	2025-10-12 23:59:14.308+00	Dica gerada em 12/10 20:59	Registre receitas e despesas diariamente. Em 7 dias, você já enxerga padrões claros.	financeiro	rotina	75.00	manual
65	2025-10-12 23:59:14.87+00	Dica gerada em 12/10 20:59	Registre receitas e despesas diariamente. Em 7 dias, você já enxerga padrões claros.	financeiro	rotina	75.00	manual
66	2025-10-13 00:07:06.593+00	Dica gerada em 12/10 21:07	Registre receitas e despesas diariamente. Em 7 dias, você já enxerga padrões claros.	financeiro	rotina	75.00	manual
67	2025-10-13 00:11:45.398+00	Dica gerada em 12/10 21:11	Registre receitas e despesas diariamente. Em 7 dias, você já enxerga padrões claros.	financeiro	rotina	75.00	manual
68	2025-10-13 00:11:46.349+00	Dica gerada em 12/10 21:11	Registre receitas e despesas diariamente. Em 7 dias, você já enxerga padrões claros.	financeiro	rotina	75.00	manual
69	2025-10-13 00:11:46.381+00	Dica gerada em 12/10 21:11	Registre receitas e despesas diariamente. Em 7 dias, você já enxerga padrões claros.	financeiro	rotina	75.00	manual
70	2025-10-13 18:14:59.619+00	Dica gerada em 13/10 15:14	Registre receitas e despesas diariamente. Em 7 dias, você já enxerga padrões claros.	financeiro	rotina	75.00	manual
71	2025-10-13 21:35:44.822+00	Dica gerada em 13/10 18:35	Registre receitas e despesas diariamente. Em 7 dias, você já enxerga padrões claros.	financeiro	rotina	75.00	manual
72	2025-10-13 21:52:21.651+00	Dica gerada em 13/10 18:52	Registre receitas e despesas diariamente. Em 7 dias, você já enxerga padrões claros.	financeiro	rotina	75.00	manual
73	2025-10-13 22:00:53.005+00	Dica gerada em 13/10 19:00	Registre receitas e despesas diariamente. Em 7 dias, você já enxerga padrões claros.	financeiro	rotina	75.00	manual
74	2025-10-13 22:00:53.03+00	Dica gerada em 13/10 19:00	Registre receitas e despesas diariamente. Em 7 dias, você já enxerga padrões claros.	financeiro	rotina	75.00	manual
75	2025-10-13 22:14:41.381+00	Dica gerada em 13/10 19:14	Registre receitas e despesas diariamente. Em 7 dias, você já enxerga padrões claros.	financeiro	rotina	75.00	manual
76	2025-10-13 22:16:36.562+00	Dica gerada em 13/10 19:16	Registre receitas e despesas diariamente. Em 7 dias, você já enxerga padrões claros.	financeiro	rotina	75.00	manual
77	2025-10-13 22:25:43.348+00	Dica gerada em 13/10 19:25	Registre receitas e despesas diariamente. Em 7 dias, você já enxerga padrões claros.	financeiro	rotina	75.00	manual
78	2025-10-14 13:59:10.945+00	Dica gerada em 14/10 10:59	Registre receitas e despesas diariamente. Em 7 dias, você já enxerga padrões claros.	financeiro	rotina	75.00	manual
79	2025-10-14 14:00:13.048+00	Dica gerada em 14/10 11:00	Registre receitas e despesas diariamente. Em 7 dias, você já enxerga padrões claros.	financeiro	rotina	75.00	manual
80	2025-10-14 14:29:37.652+00	Dica gerada em 14/10 11:29	Registre receitas e despesas diariamente. Em 7 dias, você já enxerga padrões claros.	financeiro	rotina	75.00	manual
81	2025-10-14 14:33:42.658+00	Dica gerada em 14/10 11:33	Registre receitas e despesas diariamente. Em 7 dias, você já enxerga padrões claros.	financeiro	rotina	75.00	manual
82	2025-10-14 14:33:42.696+00	Dica gerada em 14/10 11:33	Registre receitas e despesas diariamente. Em 7 dias, você já enxerga padrões claros.	financeiro	rotina	75.00	manual
83	2025-10-14 14:45:37.226+00	Dica gerada em 14/10 11:45	Registre receitas e despesas diariamente. Em 7 dias, você já enxerga padrões claros.	financeiro	rotina	75.00	manual
84	2025-10-14 14:56:58.292+00	Dica gerada em 14/10 11:56	Registre receitas e despesas diariamente. Em 7 dias, você já enxerga padrões claros.	financeiro	rotina	75.00	manual
85	2025-10-14 15:06:53.906+00	Dica gerada em 14/10 12:06	Registre receitas e despesas diariamente. Em 7 dias, você já enxerga padrões claros.	financeiro	rotina	75.00	manual
86	2025-10-14 16:05:24.739+00	Dica gerada em 14/10 13:05	Registre receitas e despesas diariamente. Em 7 dias, você já enxerga padrões claros.	financeiro	rotina	75.00	manual
87	2025-10-14 16:34:25.128+00	Dica gerada em 14/10 13:34	Registre receitas e despesas diariamente. Em 7 dias, você já enxerga padrões claros.	financeiro	rotina	75.00	manual
88	2025-10-14 16:35:19.822+00	Dica gerada em 14/10 13:35	Registre receitas e despesas diariamente. Em 7 dias, você já enxerga padrões claros.	financeiro	rotina	75.00	manual
89	2025-10-14 16:35:48.814+00	Dica gerada em 14/10 13:35	Registre receitas e despesas diariamente. Em 7 dias, você já enxerga padrões claros.	financeiro	rotina	75.00	manual
90	2025-10-14 16:38:53.932+00	Dica gerada em 14/10 13:38	Registre receitas e despesas diariamente. Em 7 dias, você já enxerga padrões claros.	financeiro	rotina	75.00	manual
91	2025-10-14 16:56:17.264+00	Dica gerada em 14/10 13:56	Registre receitas e despesas diariamente. Em 7 dias, você já enxerga padrões claros.	financeiro	rotina	75.00	manual
92	2025-10-14 17:11:14.032+00	Dica gerada em 14/10 14:11	Registre receitas e despesas diariamente. Em 7 dias, você já enxerga padrões claros.	financeiro	rotina	75.00	manual
93	2025-10-14 17:11:16.717+00	Dica gerada em 14/10 14:11	Registre receitas e despesas diariamente. Em 7 dias, você já enxerga padrões claros.	financeiro	rotina	75.00	manual
94	2025-10-14 17:11:16.741+00	Dica gerada em 14/10 14:11	Registre receitas e despesas diariamente. Em 7 dias, você já enxerga padrões claros.	financeiro	rotina	75.00	manual
95	2025-10-14 17:55:10.89+00	Dica gerada em 14/10 14:55	Registre receitas e despesas diariamente. Em 7 dias, você já enxerga padrões claros.	financeiro	rotina	75.00	manual
96	2025-10-14 18:05:34.296+00	Dica gerada em 14/10 15:05	Registre receitas e despesas diariamente. Em 7 dias, você já enxerga padrões claros.	financeiro	rotina	75.00	manual
97	2025-10-14 18:05:34.32+00	Dica gerada em 14/10 15:05	Registre receitas e despesas diariamente. Em 7 dias, você já enxerga padrões claros.	financeiro	rotina	75.00	manual
98	2025-10-14 18:28:47.201+00	Dica gerada em 14/10 15:28	Registre receitas e despesas diariamente. Em 7 dias, você já enxerga padrões claros.	financeiro	rotina	75.00	manual
99	2025-10-15 14:31:53.91+00	Dica gerada em 15/10 11:31	Registre receitas e despesas diariamente. Em 7 dias, você já enxerga padrões claros.	financeiro	rotina	75.00	manual
100	2025-10-15 15:25:51.624+00	Dica gerada em 15/10 12:25	Registre receitas e despesas diariamente. Em 7 dias, você já enxerga padrões claros.	financeiro	rotina	75.00	manual
101	2025-10-15 15:46:57.953+00	Dica gerada em 15/10 12:46	Registre receitas e despesas diariamente. Em 7 dias, você já enxerga padrões claros.	financeiro	rotina	75.00	manual
102	2025-10-15 16:05:36.66+00	Dica gerada em 15/10 13:05	Registre receitas e despesas diariamente. Em 7 dias, você já enxerga padrões claros.	financeiro	rotina	75.00	manual
103	2025-10-15 17:00:06.785+00	Dica gerada em 15/10 14:00	Registre receitas e despesas diariamente. Em 7 dias, você já enxerga padrões claros.	financeiro	rotina	75.00	manual
104	2025-10-16 02:37:54.284+00	Dica gerada em 15/10 23:37	Registre receitas e despesas diariamente. Em 7 dias, você já enxerga padrões claros.	financeiro	rotina	75.00	manual
105	2025-10-16 02:41:16.513+00	Dica gerada em 15/10 23:41	Registre receitas e despesas diariamente. Em 7 dias, você já enxerga padrões claros.	financeiro	rotina	75.00	manual
106	2025-10-16 03:18:36.752+00	Dica gerada em 16/10 00:18	Registre receitas e despesas diariamente. Em 7 dias, você já enxerga padrões claros.	financeiro	rotina	75.00	manual
107	2025-10-16 14:22:09.986+00	Dica gerada em 16/10 11:22	Registre receitas e despesas diariamente. Em 7 dias, você já enxerga padrões claros.	financeiro	rotina	75.00	manual
108	2025-10-17 18:49:42.712+00	Dica gerada em 17/10 15:49	Registre receitas e despesas diariamente. Em 7 dias, você já enxerga padrões claros.	financeiro	rotina	75.00	manual
109	2025-10-17 18:49:49.687+00	Dica gerada em 17/10 15:49	Registre receitas e despesas diariamente. Em 7 dias, você já enxerga padrões claros.	financeiro	rotina	75.00	manual
110	2025-10-17 18:49:57.886+00	Dica gerada em 17/10 15:49	Registre receitas e despesas diariamente. Em 7 dias, você já enxerga padrões claros.	financeiro	rotina	75.00	manual
111	2025-10-17 18:50:18.335+00	Dica gerada em 17/10 15:50	Registre receitas e despesas diariamente. Em 7 dias, você já enxerga padrões claros.	financeiro	rotina	75.00	manual
112	2025-10-17 18:50:25.15+00	Dica gerada em 17/10 15:50	Registre receitas e despesas diariamente. Em 7 dias, você já enxerga padrões claros.	financeiro	rotina	75.00	manual
113	2025-10-17 18:50:46.566+00	Dica gerada em 17/10 15:50	Registre receitas e despesas diariamente. Em 7 dias, você já enxerga padrões claros.	financeiro	rotina	75.00	manual
114	2025-10-17 18:50:52.461+00	Dica gerada em 17/10 15:50	Registre receitas e despesas diariamente. Em 7 dias, você já enxerga padrões claros.	financeiro	rotina	75.00	manual
115	2025-10-18 16:17:39.189+00	Dica gerada em 18/10 13:17	Registre receitas e despesas diariamente. Em 7 dias, você já enxerga padrões claros.	financeiro	rotina	75.00	manual
116	2025-10-18 20:27:45.942+00	Dica gerada em 18/10 17:27	Registre receitas e despesas diariamente. Em 7 dias, você já enxerga padrões claros.	financeiro	rotina	75.00	manual
117	2025-10-18 20:53:36.681+00	Dica gerada em 18/10 17:53	Registre receitas e despesas diariamente. Em 7 dias, você já enxerga padrões claros.	financeiro	rotina	75.00	manual
118	2025-10-18 20:53:38.424+00	Dica gerada em 18/10 17:53	Registre receitas e despesas diariamente. Em 7 dias, você já enxerga padrões claros.	financeiro	rotina	75.00	manual
119	2025-10-18 20:53:40.944+00	Dica gerada em 18/10 17:53	Registre receitas e despesas diariamente. Em 7 dias, você já enxerga padrões claros.	financeiro	rotina	75.00	manual
120	2025-10-18 20:53:41.897+00	Dica gerada em 18/10 17:53	Registre receitas e despesas diariamente. Em 7 dias, você já enxerga padrões claros.	financeiro	rotina	75.00	manual
121	2025-10-18 20:53:42.362+00	Dica gerada em 18/10 17:53	Registre receitas e despesas diariamente. Em 7 dias, você já enxerga padrões claros.	financeiro	rotina	75.00	manual
122	2025-10-18 20:53:43.096+00	Dica gerada em 18/10 17:53	Registre receitas e despesas diariamente. Em 7 dias, você já enxerga padrões claros.	financeiro	rotina	75.00	manual
123	2025-10-18 20:53:48.392+00	Dica gerada em 18/10 17:53	Registre receitas e despesas diariamente. Em 7 dias, você já enxerga padrões claros.	financeiro	rotina	75.00	manual
124	2025-10-18 20:53:49.271+00	Dica gerada em 18/10 17:53	Registre receitas e despesas diariamente. Em 7 dias, você já enxerga padrões claros.	financeiro	rotina	75.00	manual
125	2025-10-18 20:53:52.847+00	Dica gerada em 18/10 17:53	Registre receitas e despesas diariamente. Em 7 dias, você já enxerga padrões claros.	financeiro	rotina	75.00	manual
126	2025-10-18 21:03:23.002+00	Dica gerada em 18/10 18:03	Registre receitas e despesas diariamente. Em 7 dias, você já enxerga padrões claros.	financeiro	rotina	75.00	manual
127	2025-10-18 21:03:24.33+00	Dica gerada em 18/10 18:03	Registre receitas e despesas diariamente. Em 7 dias, você já enxerga padrões claros.	financeiro	rotina	75.00	manual
128	2025-10-18 21:03:24.867+00	Dica gerada em 18/10 18:03	Registre receitas e despesas diariamente. Em 7 dias, você já enxerga padrões claros.	financeiro	rotina	75.00	manual
129	2025-10-18 21:03:46.762+00	Dica gerada em 18/10 18:03	Registre receitas e despesas diariamente. Em 7 dias, você já enxerga padrões claros.	financeiro	rotina	75.00	manual
130	2025-10-18 21:04:17.17+00	Dica gerada em 18/10 18:04	Registre receitas e despesas diariamente. Em 7 dias, você já enxerga padrões claros.	financeiro	rotina	75.00	manual
131	2025-10-18 21:04:23.906+00	Dica gerada em 18/10 18:04	Registre receitas e despesas diariamente. Em 7 dias, você já enxerga padrões claros.	financeiro	rotina	75.00	manual
132	2025-10-18 21:04:32.978+00	Dica gerada em 18/10 18:04	Registre receitas e despesas diariamente. Em 7 dias, você já enxerga padrões claros.	financeiro	rotina	75.00	manual
133	2025-10-18 21:04:54.346+00	Dica gerada em 18/10 18:04	Registre receitas e despesas diariamente. Em 7 dias, você já enxerga padrões claros.	financeiro	rotina	75.00	manual
134	2025-10-18 21:04:56.561+00	Dica gerada em 18/10 18:04	Registre receitas e despesas diariamente. Em 7 dias, você já enxerga padrões claros.	financeiro	rotina	75.00	manual
135	2025-10-18 21:04:56.609+00	Dica gerada em 18/10 18:04	Registre receitas e despesas diariamente. Em 7 dias, você já enxerga padrões claros.	financeiro	rotina	75.00	manual
136	2025-10-18 21:14:09.165+00	Dica gerada em 18/10 18:14	Registre receitas e despesas diariamente. Em 7 dias, você já enxerga padrões claros.	financeiro	rotina	75.00	manual
137	2025-10-18 21:14:15.892+00	Dica gerada em 18/10 18:14	Registre receitas e despesas diariamente. Em 7 dias, você já enxerga padrões claros.	financeiro	rotina	75.00	manual
138	2025-10-18 21:14:56.516+00	Dica gerada em 18/10 18:14	Registre receitas e despesas diariamente. Em 7 dias, você já enxerga padrões claros.	financeiro	rotina	75.00	manual
139	2025-10-18 21:14:57.853+00	Dica gerada em 18/10 18:14	Registre receitas e despesas diariamente. Em 7 dias, você já enxerga padrões claros.	financeiro	rotina	75.00	manual
140	2025-10-18 21:14:58.755+00	Dica gerada em 18/10 18:14	Registre receitas e despesas diariamente. Em 7 dias, você já enxerga padrões claros.	financeiro	rotina	75.00	manual
141	2025-10-18 21:15:01.237+00	Dica gerada em 18/10 18:15	Registre receitas e despesas diariamente. Em 7 dias, você já enxerga padrões claros.	financeiro	rotina	75.00	manual
142	2025-10-18 21:15:06.756+00	Dica gerada em 18/10 18:15	Registre receitas e despesas diariamente. Em 7 dias, você já enxerga padrões claros.	financeiro	rotina	75.00	manual
143	2025-10-18 21:15:06.821+00	Dica gerada em 18/10 18:15	Registre receitas e despesas diariamente. Em 7 dias, você já enxerga padrões claros.	financeiro	rotina	75.00	manual
144	2025-10-18 21:15:07.836+00	Dica gerada em 18/10 18:15	Registre receitas e despesas diariamente. Em 7 dias, você já enxerga padrões claros.	financeiro	rotina	75.00	manual
145	2025-10-18 21:15:07.868+00	Dica gerada em 18/10 18:15	Registre receitas e despesas diariamente. Em 7 dias, você já enxerga padrões claros.	financeiro	rotina	75.00	manual
146	2025-10-18 21:15:36.528+00	Dica gerada em 18/10 18:15	Registre receitas e despesas diariamente. Em 7 dias, você já enxerga padrões claros.	financeiro	rotina	75.00	manual
147	2025-10-18 21:16:34.356+00	Dica gerada em 18/10 18:16	Registre receitas e despesas diariamente. Em 7 dias, você já enxerga padrões claros.	financeiro	rotina	75.00	manual
148	2025-10-18 21:18:48.057+00	Dica gerada em 18/10 18:18	Registre receitas e despesas diariamente. Em 7 dias, você já enxerga padrões claros.	financeiro	rotina	75.00	manual
149	2025-10-18 21:30:27.531+00	Dica gerada em 18/10 18:30	Registre receitas e despesas diariamente. Em 7 dias, você já enxerga padrões claros.	financeiro	rotina	75.00	manual
150	2025-10-18 21:31:15.123+00	Dica gerada em 18/10 18:31	Registre receitas e despesas diariamente. Em 7 dias, você já enxerga padrões claros.	financeiro	rotina	75.00	manual
151	2025-10-18 21:31:26.123+00	Dica gerada em 18/10 18:31	Registre receitas e despesas diariamente. Em 7 dias, você já enxerga padrões claros.	financeiro	rotina	75.00	manual
152	2025-10-18 21:32:03.123+00	Dica gerada em 18/10 18:32	Registre receitas e despesas diariamente. Em 7 dias, você já enxerga padrões claros.	financeiro	rotina	75.00	manual
153	2025-10-18 21:51:37.656+00	Dica gerada em 18/10 18:51	Registre receitas e despesas diariamente. Em 7 dias, você já enxerga padrões claros.	financeiro	rotina	75.00	manual
154	2025-10-18 21:53:23.722+00	Dica gerada em 18/10 18:53	Registre receitas e despesas diariamente. Em 7 dias, você já enxerga padrões claros.	financeiro	rotina	75.00	manual
155	2025-10-18 21:58:34.092+00	Dica gerada em 18/10 18:58	Registre receitas e despesas diariamente. Em 7 dias, você já enxerga padrões claros.	financeiro	rotina	75.00	manual
156	2025-10-18 22:01:59.1+00	Dica gerada em 18/10 19:01	Registre receitas e despesas diariamente. Em 7 dias, você já enxerga padrões claros.	financeiro	rotina	75.00	manual
157	2025-10-18 22:04:09.874+00	Dica gerada em 18/10 19:04	Registre receitas e despesas diariamente. Em 7 dias, você já enxerga padrões claros.	financeiro	rotina	75.00	manual
158	2025-10-18 22:11:49.024+00	Dica gerada em 18/10 19:11	Registre receitas e despesas diariamente. Em 7 dias, você já enxerga padrões claros.	financeiro	rotina	75.00	manual
159	2025-10-18 22:12:04.088+00	Dica gerada em 18/10 19:12	Registre receitas e despesas diariamente. Em 7 dias, você já enxerga padrões claros.	financeiro	rotina	75.00	manual
160	2025-10-18 22:18:10.759+00	Dica gerada em 18/10 19:18	Registre receitas e despesas diariamente. Em 7 dias, você já enxerga padrões claros.	financeiro	rotina	75.00	manual
161	2025-10-18 22:24:18.897+00	Dica gerada em 18/10 19:24	Registre receitas e despesas diariamente. Em 7 dias, você já enxerga padrões claros.	financeiro	rotina	75.00	manual
162	2025-10-18 22:28:09.863+00	Dica gerada em 18/10 19:28	Registre receitas e despesas diariamente. Em 7 dias, você já enxerga padrões claros.	financeiro	rotina	75.00	manual
163	2025-10-18 22:46:30.54+00	Dica gerada em 18/10 19:46	Registre receitas e despesas diariamente. Em 7 dias, você já enxerga padrões claros.	financeiro	rotina	75.00	manual
164	2025-10-18 22:51:39.29+00	Dica gerada em 18/10 19:51	Registre receitas e despesas diariamente. Em 7 dias, você já enxerga padrões claros.	financeiro	rotina	75.00	manual
165	2025-10-18 22:51:39.328+00	Dica gerada em 18/10 19:51	Registre receitas e despesas diariamente. Em 7 dias, você já enxerga padrões claros.	financeiro	rotina	75.00	manual
166	2025-10-18 22:51:51.522+00	Dica gerada em 18/10 19:51	Registre receitas e despesas diariamente. Em 7 dias, você já enxerga padrões claros.	financeiro	rotina	75.00	manual
167	2025-10-18 22:51:51.552+00	Dica gerada em 18/10 19:51	Registre receitas e despesas diariamente. Em 7 dias, você já enxerga padrões claros.	financeiro	rotina	75.00	manual
168	2025-10-18 22:51:52.633+00	Dica gerada em 18/10 19:51	Registre receitas e despesas diariamente. Em 7 dias, você já enxerga padrões claros.	financeiro	rotina	75.00	manual
169	2025-10-18 23:02:08.127+00	Dica gerada em 18/10 20:02	Registre receitas e despesas diariamente. Em 7 dias, você já enxerga padrões claros.	financeiro	rotina	75.00	manual
170	2025-10-18 23:21:15.514+00	Dica gerada em 18/10 20:21	Registre receitas e despesas diariamente. Em 7 dias, você já enxerga padrões claros.	financeiro	rotina	75.00	manual
171	2025-10-18 23:28:24.775+00	Dica gerada em 18/10 20:28	Registre receitas e despesas diariamente. Em 7 dias, você já enxerga padrões claros.	financeiro	rotina	75.00	manual
172	2025-10-18 23:54:00.186+00	Dica gerada em 18/10 20:54	Registre receitas e despesas diariamente. Em 7 dias, você já enxerga padrões claros.	financeiro	rotina	75.00	manual
173	2025-10-19 16:04:15.954+00	Dica gerada em 19/10 13:04	Registre receitas e despesas diariamente. Em 7 dias, você já enxerga padrões claros.	financeiro	rotina	75.00	manual
174	2025-10-19 16:04:19.913+00	Dica gerada em 19/10 13:04	Registre receitas e despesas diariamente. Em 7 dias, você já enxerga padrões claros.	financeiro	rotina	75.00	manual
175	2025-10-19 16:04:37.649+00	Dica gerada em 19/10 13:04	Registre receitas e despesas diariamente. Em 7 dias, você já enxerga padrões claros.	financeiro	rotina	75.00	manual
176	2025-10-19 16:19:28.586+00	Dica gerada em 19/10 13:19	Registre receitas e despesas diariamente. Em 7 dias, você já enxerga padrões claros.	financeiro	rotina	75.00	manual
177	2025-10-19 16:19:36.626+00	Dica gerada em 19/10 13:19	Registre receitas e despesas diariamente. Em 7 dias, você já enxerga padrões claros.	financeiro	rotina	75.00	manual
178	2025-10-19 16:20:17.465+00	Dica gerada em 19/10 13:20	Registre receitas e despesas diariamente. Em 7 dias, você já enxerga padrões claros.	financeiro	rotina	75.00	manual
179	2025-10-19 16:20:23.257+00	Dica gerada em 19/10 13:20	Registre receitas e despesas diariamente. Em 7 dias, você já enxerga padrões claros.	financeiro	rotina	75.00	manual
180	2025-10-19 16:20:28.386+00	Dica gerada em 19/10 13:20	Registre receitas e despesas diariamente. Em 7 dias, você já enxerga padrões claros.	financeiro	rotina	75.00	manual
181	2025-10-19 16:20:28.409+00	Dica gerada em 19/10 13:20	Registre receitas e despesas diariamente. Em 7 dias, você já enxerga padrões claros.	financeiro	rotina	75.00	manual
182	2025-10-19 16:22:24.778+00	Dica gerada em 19/10 13:22	Registre receitas e despesas diariamente. Em 7 dias, você já enxerga padrões claros.	financeiro	rotina	75.00	manual
183	2025-10-19 16:24:28.928+00	Dica gerada em 19/10 13:24	Registre receitas e despesas diariamente. Em 7 dias, você já enxerga padrões claros.	financeiro	rotina	75.00	manual
184	2025-10-19 16:24:49.369+00	Dica gerada em 19/10 13:24	Registre receitas e despesas diariamente. Em 7 dias, você já enxerga padrões claros.	financeiro	rotina	75.00	manual
185	2025-10-19 16:24:49.399+00	Dica gerada em 19/10 13:24	Registre receitas e despesas diariamente. Em 7 dias, você já enxerga padrões claros.	financeiro	rotina	75.00	manual
186	2025-10-19 18:58:35.208+00	Dica gerada em 19/10 15:58	Registre receitas e despesas diariamente. Em 7 dias, você já enxerga padrões claros.	financeiro	rotina	75.00	manual
187	2025-10-19 18:58:41.966+00	Dica gerada em 19/10 15:58	Registre receitas e despesas diariamente. Em 7 dias, você já enxerga padrões claros.	financeiro	rotina	75.00	manual
188	2025-10-19 19:13:22.545+00	Dica gerada em 19/10 16:13	Registre receitas e despesas diariamente. Em 7 dias, você já enxerga padrões claros.	financeiro	rotina	75.00	manual
189	2025-10-19 19:28:38.709+00	Dica gerada em 19/10 16:28	Registre receitas e despesas diariamente. Em 7 dias, você já enxerga padrões claros.	financeiro	rotina	75.00	manual
190	2025-10-19 19:28:38.733+00	Dica gerada em 19/10 16:28	Registre receitas e despesas diariamente. Em 7 dias, você já enxerga padrões claros.	financeiro	rotina	75.00	manual
191	2025-10-19 19:36:20.625+00	Dica gerada em 19/10 16:36	Registre receitas e despesas diariamente. Em 7 dias, você já enxerga padrões claros.	financeiro	rotina	75.00	manual
192	2025-10-19 19:36:21.592+00	Dica gerada em 19/10 16:36	Registre receitas e despesas diariamente. Em 7 dias, você já enxerga padrões claros.	financeiro	rotina	75.00	manual
193	2025-10-19 19:36:47.24+00	Dica gerada em 19/10 16:36	Registre receitas e despesas diariamente. Em 7 dias, você já enxerga padrões claros.	financeiro	rotina	75.00	manual
194	2025-10-19 19:44:09.685+00	Dica gerada em 19/10 16:44	Registre receitas e despesas diariamente. Em 7 dias, você já enxerga padrões claros.	financeiro	rotina	75.00	manual
195	2025-10-19 19:47:27.295+00	Dica gerada em 19/10 16:47	Registre receitas e despesas diariamente. Em 7 dias, você já enxerga padrões claros.	financeiro	rotina	75.00	manual
196	2025-10-19 19:49:40.699+00	Dica gerada em 19/10 16:49	Registre receitas e despesas diariamente. Em 7 dias, você já enxerga padrões claros.	financeiro	rotina	75.00	manual
197	2025-10-19 19:50:08.578+00	Dica gerada em 19/10 16:50	Registre receitas e despesas diariamente. Em 7 dias, você já enxerga padrões claros.	financeiro	rotina	75.00	manual
198	2025-10-19 20:07:19.144+00	Dica gerada em 19/10 17:07	Registre receitas e despesas diariamente. Em 7 dias, você já enxerga padrões claros.	financeiro	rotina	75.00	manual
199	2025-10-19 20:07:31.273+00	Dica gerada em 19/10 17:07	Registre receitas e despesas diariamente. Em 7 dias, você já enxerga padrões claros.	financeiro	rotina	75.00	manual
200	2025-10-19 20:11:22.871+00	Dica gerada em 19/10 17:11	Registre receitas e despesas diariamente. Em 7 dias, você já enxerga padrões claros.	financeiro	rotina	75.00	manual
201	2025-10-19 20:11:26.279+00	Dica gerada em 19/10 17:11	Registre receitas e despesas diariamente. Em 7 dias, você já enxerga padrões claros.	financeiro	rotina	75.00	manual
202	2025-10-19 20:11:33.447+00	Dica gerada em 19/10 17:11	Registre receitas e despesas diariamente. Em 7 dias, você já enxerga padrões claros.	financeiro	rotina	75.00	manual
203	2025-10-19 20:22:58.777+00	Dica gerada em 19/10 17:22	Registre receitas e despesas diariamente. Em 7 dias, você já enxerga padrões claros.	financeiro	rotina	75.00	manual
204	2025-10-19 20:22:58.799+00	Dica gerada em 19/10 17:22	Registre receitas e despesas diariamente. Em 7 dias, você já enxerga padrões claros.	financeiro	rotina	75.00	manual
205	2025-10-19 20:25:26.911+00	Dica gerada em 19/10 17:25	Registre receitas e despesas diariamente. Em 7 dias, você já enxerga padrões claros.	financeiro	rotina	75.00	manual
206	2025-10-19 20:26:03.496+00	Dica gerada em 19/10 17:26	Registre receitas e despesas diariamente. Em 7 dias, você já enxerga padrões claros.	financeiro	rotina	75.00	manual
207	2025-10-19 21:04:00.412+00	Dica gerada em 19/10 18:04	Registre receitas e despesas diariamente. Em 7 dias, você já enxerga padrões claros.	financeiro	rotina	75.00	manual
208	2025-10-19 21:08:32.496+00	Dica gerada em 19/10 18:08	Registre receitas e despesas diariamente. Em 7 dias, você já enxerga padrões claros.	financeiro	rotina	75.00	manual
209	2025-10-19 21:08:36.441+00	Dica gerada em 19/10 18:08	Registre receitas e despesas diariamente. Em 7 dias, você já enxerga padrões claros.	financeiro	rotina	75.00	manual
210	2025-10-19 21:08:36.464+00	Dica gerada em 19/10 18:08	Registre receitas e despesas diariamente. Em 7 dias, você já enxerga padrões claros.	financeiro	rotina	75.00	manual
211	2025-10-19 21:08:38.96+00	Dica gerada em 19/10 18:08	Registre receitas e despesas diariamente. Em 7 dias, você já enxerga padrões claros.	financeiro	rotina	75.00	manual
212	2025-10-19 21:09:17.984+00	Dica gerada em 19/10 18:09	Registre receitas e despesas diariamente. Em 7 dias, você já enxerga padrões claros.	financeiro	rotina	75.00	manual
213	2025-10-19 21:09:19.288+00	Dica gerada em 19/10 18:09	Registre receitas e despesas diariamente. Em 7 dias, você já enxerga padrões claros.	financeiro	rotina	75.00	manual
214	2025-10-19 21:09:19.312+00	Dica gerada em 19/10 18:09	Registre receitas e despesas diariamente. Em 7 dias, você já enxerga padrões claros.	financeiro	rotina	75.00	manual
215	2025-10-19 21:09:33.44+00	Dica gerada em 19/10 18:09	Registre receitas e despesas diariamente. Em 7 dias, você já enxerga padrões claros.	financeiro	rotina	75.00	manual
216	2025-10-19 21:09:33.464+00	Dica gerada em 19/10 18:09	Registre receitas e despesas diariamente. Em 7 dias, você já enxerga padrões claros.	financeiro	rotina	75.00	manual
217	2025-10-19 21:09:35.154+00	Dica gerada em 19/10 18:09	Registre receitas e despesas diariamente. Em 7 dias, você já enxerga padrões claros.	financeiro	rotina	75.00	manual
218	2025-10-19 21:09:35.649+00	Dica gerada em 19/10 18:09	Registre receitas e despesas diariamente. Em 7 dias, você já enxerga padrões claros.	financeiro	rotina	75.00	manual
219	2025-10-19 21:09:46.825+00	Dica gerada em 19/10 18:09	Registre receitas e despesas diariamente. Em 7 dias, você já enxerga padrões claros.	financeiro	rotina	75.00	manual
220	2025-10-19 21:09:46.855+00	Dica gerada em 19/10 18:09	Registre receitas e despesas diariamente. Em 7 dias, você já enxerga padrões claros.	financeiro	rotina	75.00	manual
221	2025-10-19 21:10:01.431+00	Dica gerada em 19/10 18:10	Registre receitas e despesas diariamente. Em 7 dias, você já enxerga padrões claros.	financeiro	rotina	75.00	manual
222	2025-10-20 00:07:31.315+00	Dica gerada em 19/10 21:07	Registre receitas e despesas diariamente. Em 7 dias, você já enxerga padrões claros.	financeiro	rotina	75.00	manual
223	2025-10-20 00:07:36.642+00	Dica gerada em 19/10 21:07	Registre receitas e despesas diariamente. Em 7 dias, você já enxerga padrões claros.	financeiro	rotina	75.00	manual
224	2025-10-20 14:44:05.097+00	Dica gerada em 20/10 11:44	Registre receitas e despesas diariamente. Em 7 dias, você já enxerga padrões claros.	financeiro	rotina	75.00	manual
225	2025-10-20 14:44:09.44+00	Dica gerada em 20/10 11:44	Registre receitas e despesas diariamente. Em 7 dias, você já enxerga padrões claros.	financeiro	rotina	75.00	manual
226	2025-10-20 14:56:51.05+00	Dica gerada em 20/10 11:56	Registre receitas e despesas diariamente. Em 7 dias, você já enxerga padrões claros.	financeiro	rotina	75.00	manual
227	2025-10-20 14:57:19.024+00	Dica gerada em 20/10 11:57	Registre receitas e despesas diariamente. Em 7 dias, você já enxerga padrões claros.	financeiro	rotina	75.00	manual
228	2025-10-20 14:57:19.048+00	Dica gerada em 20/10 11:57	Registre receitas e despesas diariamente. Em 7 dias, você já enxerga padrões claros.	financeiro	rotina	75.00	manual
229	2025-10-20 15:07:52.908+00	Dica gerada em 20/10 12:07	Registre receitas e despesas diariamente. Em 7 dias, você já enxerga padrões claros.	financeiro	rotina	75.00	manual
230	2025-10-20 15:20:20.103+00	Dica gerada em 20/10 12:20	Registre receitas e despesas diariamente. Em 7 dias, você já enxerga padrões claros.	financeiro	rotina	75.00	manual
231	2025-10-20 15:24:33.978+00	Dica gerada em 20/10 12:24	Registre receitas e despesas diariamente. Em 7 dias, você já enxerga padrões claros.	financeiro	rotina	75.00	manual
232	2025-10-20 15:46:25.944+00	Dica gerada em 20/10 12:46	Registre receitas e despesas diariamente. Em 7 dias, você já enxerga padrões claros.	financeiro	rotina	75.00	manual
233	2025-10-20 15:48:27.247+00	Dica gerada em 20/10 12:48	Registre receitas e despesas diariamente. Em 7 dias, você já enxerga padrões claros.	financeiro	rotina	75.00	manual
234	2025-10-20 15:48:31.319+00	Dica gerada em 20/10 12:48	Registre receitas e despesas diariamente. Em 7 dias, você já enxerga padrões claros.	financeiro	rotina	75.00	manual
235	2025-10-20 15:52:57.164+00	Dica gerada em 20/10 12:52	Registre receitas e despesas diariamente. Em 7 dias, você já enxerga padrões claros.	financeiro	rotina	75.00	manual
236	2025-10-20 15:52:57.187+00	Dica gerada em 20/10 12:52	Registre receitas e despesas diariamente. Em 7 dias, você já enxerga padrões claros.	financeiro	rotina	75.00	manual
237	2025-10-20 16:14:59.666+00	Dica gerada em 20/10 13:14	Registre receitas e despesas diariamente. Em 7 dias, você já enxerga padrões claros.	financeiro	rotina	75.00	manual
238	2025-10-20 16:15:02.393+00	Dica gerada em 20/10 13:15	Registre receitas e despesas diariamente. Em 7 dias, você já enxerga padrões claros.	financeiro	rotina	75.00	manual
239	2025-10-20 16:15:37.001+00	Dica gerada em 20/10 13:15	Registre receitas e despesas diariamente. Em 7 dias, você já enxerga padrões claros.	financeiro	rotina	75.00	manual
240	2025-10-20 16:15:48.528+00	Dica gerada em 20/10 13:15	Registre receitas e despesas diariamente. Em 7 dias, você já enxerga padrões claros.	financeiro	rotina	75.00	manual
241	2025-10-20 16:16:18.009+00	Dica gerada em 20/10 13:16	Registre receitas e despesas diariamente. Em 7 dias, você já enxerga padrões claros.	financeiro	rotina	75.00	manual
242	2025-10-20 16:16:18.808+00	Dica gerada em 20/10 13:16	Registre receitas e despesas diariamente. Em 7 dias, você já enxerga padrões claros.	financeiro	rotina	75.00	manual
243	2025-10-20 16:16:19.233+00	Dica gerada em 20/10 13:16	Registre receitas e despesas diariamente. Em 7 dias, você já enxerga padrões claros.	financeiro	rotina	75.00	manual
244	2025-10-20 16:16:32.84+00	Dica gerada em 20/10 13:16	Registre receitas e despesas diariamente. Em 7 dias, você já enxerga padrões claros.	financeiro	rotina	75.00	manual
245	2025-10-20 16:47:23.929+00	Dica gerada em 20/10 13:47	Registre receitas e despesas diariamente. Em 7 dias, você já enxerga padrões claros.	financeiro	rotina	75.00	manual
246	2025-10-20 16:47:29.089+00	Dica gerada em 20/10 13:47	Registre receitas e despesas diariamente. Em 7 dias, você já enxerga padrões claros.	financeiro	rotina	75.00	manual
247	2025-10-20 16:47:31.335+00	Dica gerada em 20/10 13:47	Registre receitas e despesas diariamente. Em 7 dias, você já enxerga padrões claros.	financeiro	rotina	75.00	manual
248	2025-10-20 18:04:39.912+00	Dica gerada em 20/10 15:04	Registre receitas e despesas diariamente. Em 7 dias, você já enxerga padrões claros.	financeiro	rotina	75.00	manual
249	2025-10-20 18:04:39.951+00	Dica gerada em 20/10 15:04	Registre receitas e despesas diariamente. Em 7 dias, você já enxerga padrões claros.	financeiro	rotina	75.00	manual
250	2025-10-20 18:04:46.574+00	Dica gerada em 20/10 15:04	Registre receitas e despesas diariamente. Em 7 dias, você já enxerga padrões claros.	financeiro	rotina	75.00	manual
251	2025-10-20 18:08:08.589+00	Dica gerada em 20/10 15:08	Registre receitas e despesas diariamente. Em 7 dias, você já enxerga padrões claros.	financeiro	rotina	75.00	manual
252	2025-10-20 18:23:01.966+00	Dica gerada em 20/10 15:23	Registre receitas e despesas diariamente. Em 7 dias, você já enxerga padrões claros.	financeiro	rotina	75.00	manual
253	2025-10-20 18:23:11.893+00	Dica gerada em 20/10 15:23	Registre receitas e despesas diariamente. Em 7 dias, você já enxerga padrões claros.	financeiro	rotina	75.00	manual
254	2025-10-20 18:41:28.956+00	Dica gerada em 20/10 15:41	Registre receitas e despesas diariamente. Em 7 dias, você já enxerga padrões claros.	financeiro	rotina	75.00	manual
255	2025-10-20 19:17:48.865+00	Dica gerada em 20/10 16:17	Registre receitas e despesas diariamente. Em 7 dias, você já enxerga padrões claros.	financeiro	rotina	75.00	manual
256	2025-10-20 19:17:49.986+00	Dica gerada em 20/10 16:17	Registre receitas e despesas diariamente. Em 7 dias, você já enxerga padrões claros.	financeiro	rotina	75.00	manual
257	2025-10-21 19:34:56.254+00	Dica gerada em 21/10 16:34	Registre receitas e despesas diariamente. Em 7 dias, você já enxerga padrões claros.	financeiro	rotina	75.00	manual
258	2025-10-21 19:39:42.74+00	Dica gerada em 21/10 16:39	Registre receitas e despesas diariamente. Em 7 dias, você já enxerga padrões claros.	financeiro	rotina	75.00	manual
259	2025-10-21 19:45:04.13+00	Dica gerada em 21/10 16:45	Registre receitas e despesas diariamente. Em 7 dias, você já enxerga padrões claros.	financeiro	rotina	75.00	manual
260	2025-10-21 19:45:07.969+00	Dica gerada em 21/10 16:45	Registre receitas e despesas diariamente. Em 7 dias, você já enxerga padrões claros.	financeiro	rotina	75.00	manual
261	2025-10-21 19:55:33.004+00	Dica gerada em 21/10 16:55	Registre receitas e despesas diariamente. Em 7 dias, você já enxerga padrões claros.	financeiro	rotina	75.00	manual
262	2025-10-21 20:03:27.663+00	Dica gerada em 21/10 17:03	Registre receitas e despesas diariamente. Em 7 dias, você já enxerga padrões claros.	financeiro	rotina	75.00	manual
263	2025-10-21 20:07:48.091+00	Dica gerada em 21/10 17:07	Registre receitas e despesas diariamente. Em 7 dias, você já enxerga padrões claros.	financeiro	rotina	75.00	manual
264	2025-10-21 20:07:48.117+00	Dica gerada em 21/10 17:07	Registre receitas e despesas diariamente. Em 7 dias, você já enxerga padrões claros.	financeiro	rotina	75.00	manual
265	2025-10-21 20:08:18.564+00	Dica gerada em 21/10 17:08	Registre receitas e despesas diariamente. Em 7 dias, você já enxerga padrões claros.	financeiro	rotina	75.00	manual
266	2025-10-21 20:09:38.196+00	Dica gerada em 21/10 17:09	Registre receitas e despesas diariamente. Em 7 dias, você já enxerga padrões claros.	financeiro	rotina	75.00	manual
267	2025-10-21 21:36:25.829+00	Dica gerada em 21/10 18:36	Registre receitas e despesas diariamente. Em 7 dias, você já enxerga padrões claros.	financeiro	rotina	75.00	manual
268	2025-10-21 21:46:55.953+00	Dica gerada em 21/10 18:46	Registre receitas e despesas diariamente. Em 7 dias, você já enxerga padrões claros.	financeiro	rotina	75.00	manual
269	2025-10-21 21:47:23.934+00	Dica gerada em 21/10 18:47	Registre receitas e despesas diariamente. Em 7 dias, você já enxerga padrões claros.	financeiro	rotina	75.00	manual
270	2025-10-21 21:54:21.308+00	Dica gerada em 21/10 18:54	Registre receitas e despesas diariamente. Em 7 dias, você já enxerga padrões claros.	financeiro	rotina	75.00	manual
271	2025-10-21 21:54:34.843+00	Dica gerada em 21/10 18:54	Registre receitas e despesas diariamente. Em 7 dias, você já enxerga padrões claros.	financeiro	rotina	75.00	manual
272	2025-10-21 21:56:06.283+00	Dica gerada em 21/10 18:56	Registre receitas e despesas diariamente. Em 7 dias, você já enxerga padrões claros.	financeiro	rotina	75.00	manual
273	2025-10-21 21:56:07.162+00	Dica gerada em 21/10 18:56	Registre receitas e despesas diariamente. Em 7 dias, você já enxerga padrões claros.	financeiro	rotina	75.00	manual
274	2025-10-21 21:57:10.545+00	Dica gerada em 21/10 18:57	Registre receitas e despesas diariamente. Em 7 dias, você já enxerga padrões claros.	financeiro	rotina	75.00	manual
275	2025-10-21 21:57:12.802+00	Dica gerada em 21/10 18:57	Registre receitas e despesas diariamente. Em 7 dias, você já enxerga padrões claros.	financeiro	rotina	75.00	manual
276	2025-10-21 21:57:13.377+00	Dica gerada em 21/10 18:57	Registre receitas e despesas diariamente. Em 7 dias, você já enxerga padrões claros.	financeiro	rotina	75.00	manual
277	2025-10-21 21:57:14.881+00	Dica gerada em 21/10 18:57	Registre receitas e despesas diariamente. Em 7 dias, você já enxerga padrões claros.	financeiro	rotina	75.00	manual
278	2025-10-21 21:57:23.794+00	Dica gerada em 21/10 18:57	Registre receitas e despesas diariamente. Em 7 dias, você já enxerga padrões claros.	financeiro	rotina	75.00	manual
279	2025-10-21 21:57:24.386+00	Dica gerada em 21/10 18:57	Registre receitas e despesas diariamente. Em 7 dias, você já enxerga padrões claros.	financeiro	rotina	75.00	manual
280	2025-10-21 21:57:26.257+00	Dica gerada em 21/10 18:57	Registre receitas e despesas diariamente. Em 7 dias, você já enxerga padrões claros.	financeiro	rotina	75.00	manual
281	2025-10-21 21:57:26.937+00	Dica gerada em 21/10 18:57	Registre receitas e despesas diariamente. Em 7 dias, você já enxerga padrões claros.	financeiro	rotina	75.00	manual
282	2025-10-21 21:57:27.642+00	Dica gerada em 21/10 18:57	Registre receitas e despesas diariamente. Em 7 dias, você já enxerga padrões claros.	financeiro	rotina	75.00	manual
283	2025-10-21 21:58:10.137+00	Dica gerada em 21/10 18:58	Registre receitas e despesas diariamente. Em 7 dias, você já enxerga padrões claros.	financeiro	rotina	75.00	manual
284	2025-10-21 21:59:15.716+00	Dica gerada em 21/10 18:59	Registre receitas e despesas diariamente. Em 7 dias, você já enxerga padrões claros.	financeiro	rotina	75.00	manual
285	2025-10-21 22:05:07.653+00	Dica gerada em 21/10 19:05	Registre receitas e despesas diariamente. Em 7 dias, você já enxerga padrões claros.	financeiro	rotina	75.00	manual
286	2025-10-21 22:13:17.018+00	Dica gerada em 21/10 19:13	Registre receitas e despesas diariamente. Em 7 dias, você já enxerga padrões claros.	financeiro	rotina	75.00	manual
287	2025-10-21 22:13:17.809+00	Dica gerada em 21/10 19:13	Registre receitas e despesas diariamente. Em 7 dias, você já enxerga padrões claros.	financeiro	rotina	75.00	manual
288	2025-10-21 22:14:09.842+00	Dica gerada em 21/10 19:14	Registre receitas e despesas diariamente. Em 7 dias, você já enxerga padrões claros.	financeiro	rotina	75.00	manual
289	2025-10-21 22:20:07.286+00	Dica gerada em 21/10 19:20	Registre receitas e despesas diariamente. Em 7 dias, você já enxerga padrões claros.	financeiro	rotina	75.00	manual
290	2025-10-21 22:27:50.883+00	Dica gerada em 21/10 19:27	Registre receitas e despesas diariamente. Em 7 dias, você já enxerga padrões claros.	financeiro	rotina	75.00	manual
291	2025-10-21 22:28:49.137+00	Dica gerada em 21/10 19:28	Registre receitas e despesas diariamente. Em 7 dias, você já enxerga padrões claros.	financeiro	rotina	75.00	manual
292	2025-10-21 22:47:28.505+00	Dica gerada em 21/10 19:47	Registre receitas e despesas diariamente. Em 7 dias, você já enxerga padrões claros.	financeiro	rotina	75.00	manual
293	2025-10-21 22:53:42.75+00	Dica gerada em 21/10 19:53	Registre receitas e despesas diariamente. Em 7 dias, você já enxerga padrões claros.	financeiro	rotina	75.00	manual
294	2025-10-21 23:14:30.649+00	Dica gerada em 21/10 20:14	Registre receitas e despesas diariamente. Em 7 dias, você já enxerga padrões claros.	financeiro	rotina	75.00	manual
295	2025-10-22 14:17:29.379+00	Dica gerada em 22/10 11:17	Registre receitas e despesas diariamente. Em 7 dias, você já enxerga padrões claros.	financeiro	rotina	75.00	manual
296	2025-10-22 14:55:58.064+00	Dica gerada em 22/10 11:55	Registre receitas e despesas diariamente. Em 7 dias, você já enxerga padrões claros.	financeiro	rotina	75.00	manual
297	2025-10-22 14:56:11.663+00	Dica gerada em 22/10 11:56	Registre receitas e despesas diariamente. Em 7 dias, você já enxerga padrões claros.	financeiro	rotina	75.00	manual
298	2025-10-22 16:19:35.231+00	Dica gerada em 22/10 13:19	Registre receitas e despesas diariamente. Em 7 dias, você já enxerga padrões claros.	financeiro	rotina	75.00	manual
299	2025-10-22 16:19:56.212+00	Dica gerada em 22/10 13:19	Registre receitas e despesas diariamente. Em 7 dias, você já enxerga padrões claros.	financeiro	rotina	75.00	manual
300	2025-10-22 18:12:54.939+00	Dica gerada em 22/10 15:12	Registre receitas e despesas diariamente. Em 7 dias, você já enxerga padrões claros.	financeiro	rotina	75.00	manual
301	2025-10-23 22:11:39.167+00	Dica gerada em 23/10 19:11	Registre receitas e despesas diariamente. Em 7 dias, você já enxerga padrões claros.	financeiro	rotina	75.00	manual
302	2025-10-23 23:07:26.103+00	Dica gerada em 23/10 20:07	Registre receitas e despesas diariamente. Em 7 dias, você já enxerga padrões claros.	financeiro	rotina	75.00	manual
303	2025-10-23 23:10:58.636+00	Dica gerada em 23/10 20:10	Registre receitas e despesas diariamente. Em 7 dias, você já enxerga padrões claros.	financeiro	rotina	75.00	manual
304	2025-10-23 23:30:34.108+00	Dica gerada em 23/10 20:30	Registre receitas e despesas diariamente. Em 7 dias, você já enxerga padrões claros.	financeiro	rotina	75.00	manual
305	2025-10-23 23:45:00.3+00	Dica gerada em 23/10 20:45	Registre receitas e despesas diariamente. Em 7 dias, você já enxerga padrões claros.	financeiro	rotina	75.00	manual
306	2025-10-23 23:57:04.752+00	Dica gerada em 23/10 20:57	Registre receitas e despesas diariamente. Em 7 dias, você já enxerga padrões claros.	financeiro	rotina	75.00	manual
307	2025-10-23 23:57:05.848+00	Dica gerada em 23/10 20:57	Registre receitas e despesas diariamente. Em 7 dias, você já enxerga padrões claros.	financeiro	rotina	75.00	manual
308	2025-10-24 00:01:33.957+00	Dica gerada em 23/10 21:01	Registre receitas e despesas diariamente. Em 7 dias, você já enxerga padrões claros.	financeiro	rotina	75.00	manual
309	2025-10-24 01:10:10.492+00	Dica gerada em 23/10 22:10	Registre receitas e despesas diariamente. Em 7 dias, você já enxerga padrões claros.	financeiro	rotina	75.00	manual
310	2025-10-24 01:26:39.948+00	Dica gerada em 23/10 22:26	Registre receitas e despesas diariamente. Em 7 dias, você já enxerga padrões claros.	financeiro	rotina	75.00	manual
311	2025-10-24 15:50:50.718+00	Dica gerada em 24/10 12:50	Registre receitas e despesas diariamente. Em 7 dias, você já enxerga padrões claros.	financeiro	rotina	75.00	manual
312	2025-10-24 17:33:24.558+00	Dica gerada em 24/10 14:33	Registre receitas e despesas diariamente. Em 7 dias, você já enxerga padrões claros.	financeiro	rotina	75.00	manual
313	2025-10-24 20:00:14.273+00	Dica gerada em 24/10 17:00	Registre receitas e despesas diariamente. Em 7 dias, você já enxerga padrões claros.	financeiro	rotina	75.00	manual
314	2025-10-24 20:00:32.504+00	Dica gerada em 24/10 17:00	Registre receitas e despesas diariamente. Em 7 dias, você já enxerga padrões claros.	financeiro	rotina	75.00	manual
315	2025-10-24 20:05:00.433+00	Dica gerada em 24/10 17:05	Registre receitas e despesas diariamente. Em 7 dias, você já enxerga padrões claros.	financeiro	rotina	75.00	manual
316	2025-10-24 20:49:42.964+00	Dica gerada em 24/10 17:49	Registre receitas e despesas diariamente. Em 7 dias, você já enxerga padrões claros.	financeiro	rotina	75.00	manual
317	2025-10-24 20:50:59.81+00	Dica gerada em 24/10 17:50	Registre receitas e despesas diariamente. Em 7 dias, você já enxerga padrões claros.	financeiro	rotina	75.00	manual
318	2025-10-24 20:51:00.883+00	Dica gerada em 24/10 17:51	Registre receitas e despesas diariamente. Em 7 dias, você já enxerga padrões claros.	financeiro	rotina	75.00	manual
319	2025-10-24 21:43:43.241+00	Dica gerada em 24/10 18:43	Registre receitas e despesas diariamente. Em 7 dias, você já enxerga padrões claros.	financeiro	rotina	75.00	manual
320	2025-10-24 21:43:47.76+00	Dica gerada em 24/10 18:43	Registre receitas e despesas diariamente. Em 7 dias, você já enxerga padrões claros.	financeiro	rotina	75.00	manual
321	2025-10-24 21:44:37.896+00	Dica gerada em 24/10 18:44	Registre receitas e despesas diariamente. Em 7 dias, você já enxerga padrões claros.	financeiro	rotina	75.00	manual
322	2025-10-24 21:57:55.691+00	Dica gerada em 24/10 18:57	Registre receitas e despesas diariamente. Em 7 dias, você já enxerga padrões claros.	financeiro	rotina	75.00	manual
323	2025-10-24 21:57:56.684+00	Dica gerada em 24/10 18:57	Registre receitas e despesas diariamente. Em 7 dias, você já enxerga padrões claros.	financeiro	rotina	75.00	manual
324	2025-10-24 22:44:16.773+00	Dica gerada em 24/10 19:44	Registre receitas e despesas diariamente. Em 7 dias, você já enxerga padrões claros.	financeiro	rotina	75.00	manual
325	2025-10-24 22:52:12.305+00	Dica gerada em 24/10 19:52	Registre receitas e despesas diariamente. Em 7 dias, você já enxerga padrões claros.	financeiro	rotina	75.00	manual
326	2025-10-24 22:52:13.081+00	Dica gerada em 24/10 19:52	Registre receitas e despesas diariamente. Em 7 dias, você já enxerga padrões claros.	financeiro	rotina	75.00	manual
327	2025-10-24 22:53:04.912+00	Dica gerada em 24/10 19:53	Registre receitas e despesas diariamente. Em 7 dias, você já enxerga padrões claros.	financeiro	rotina	75.00	manual
328	2025-10-24 22:53:59.704+00	Dica gerada em 24/10 19:53	Registre receitas e despesas diariamente. Em 7 dias, você já enxerga padrões claros.	financeiro	rotina	75.00	manual
329	2025-10-24 22:54:01.32+00	Dica gerada em 24/10 19:54	Registre receitas e despesas diariamente. Em 7 dias, você já enxerga padrões claros.	financeiro	rotina	75.00	manual
330	2025-10-24 22:54:12.439+00	Dica gerada em 24/10 19:54	Registre receitas e despesas diariamente. Em 7 dias, você já enxerga padrões claros.	financeiro	rotina	75.00	manual
331	2025-10-24 22:54:13.576+00	Dica gerada em 24/10 19:54	Registre receitas e despesas diariamente. Em 7 dias, você já enxerga padrões claros.	financeiro	rotina	75.00	manual
332	2025-10-24 23:15:15.83+00	Dica gerada em 24/10 20:15	Registre receitas e despesas diariamente. Em 7 dias, você já enxerga padrões claros.	financeiro	rotina	75.00	manual
333	2025-10-24 23:15:16.985+00	Dica gerada em 24/10 20:15	Registre receitas e despesas diariamente. Em 7 dias, você já enxerga padrões claros.	financeiro	rotina	75.00	manual
334	2025-10-24 23:28:50.712+00	Dica gerada em 24/10 20:28	Registre receitas e despesas diariamente. Em 7 dias, você já enxerga padrões claros.	financeiro	rotina	75.00	manual
335	2025-10-24 23:28:59.176+00	Dica gerada em 24/10 20:28	Registre receitas e despesas diariamente. Em 7 dias, você já enxerga padrões claros.	financeiro	rotina	75.00	manual
336	2025-10-24 23:48:48.368+00	Dica gerada em 24/10 20:48	Registre receitas e despesas diariamente. Em 7 dias, você já enxerga padrões claros.	financeiro	rotina	75.00	manual
337	2025-10-25 00:16:22.21+00	Dica gerada em 24/10 21:16	Registre receitas e despesas diariamente. Em 7 dias, você já enxerga padrões claros.	financeiro	rotina	75.00	manual
338	2025-10-25 00:16:23.531+00	Dica gerada em 24/10 21:16	Registre receitas e despesas diariamente. Em 7 dias, você já enxerga padrões claros.	financeiro	rotina	75.00	manual
339	2025-10-25 00:16:24.043+00	Dica gerada em 24/10 21:16	Registre receitas e despesas diariamente. Em 7 dias, você já enxerga padrões claros.	financeiro	rotina	75.00	manual
340	2025-10-25 00:16:39.784+00	Dica gerada em 24/10 21:16	Registre receitas e despesas diariamente. Em 7 dias, você já enxerga padrões claros.	financeiro	rotina	75.00	manual
341	2025-10-25 00:17:13.073+00	Dica gerada em 24/10 21:17	Registre receitas e despesas diariamente. Em 7 dias, você já enxerga padrões claros.	financeiro	rotina	75.00	manual
342	2025-10-25 00:48:24.108+00	Dica gerada em 24/10 21:48	Registre receitas e despesas diariamente. Em 7 dias, você já enxerga padrões claros.	financeiro	rotina	75.00	manual
343	2025-10-25 00:48:24.891+00	Dica gerada em 24/10 21:48	Registre receitas e despesas diariamente. Em 7 dias, você já enxerga padrões claros.	financeiro	rotina	75.00	manual
344	2025-10-25 01:04:49.891+00	Dica gerada em 24/10 22:04	Registre receitas e despesas diariamente. Em 7 dias, você já enxerga padrões claros.	financeiro	rotina	75.00	manual
345	2025-10-25 01:04:50.547+00	Dica gerada em 24/10 22:04	Registre receitas e despesas diariamente. Em 7 dias, você já enxerga padrões claros.	financeiro	rotina	75.00	manual
346	2025-10-25 14:44:41.446+00	Dica gerada em 25/10 11:44	Registre receitas e despesas diariamente. Em 7 dias, você já enxerga padrões claros.	financeiro	rotina	75.00	manual
347	2025-10-25 14:44:42.063+00	Dica gerada em 25/10 11:44	Registre receitas e despesas diariamente. Em 7 dias, você já enxerga padrões claros.	financeiro	rotina	75.00	manual
348	2025-10-25 15:10:39.842+00	Dica gerada em 25/10 12:10	Registre receitas e despesas diariamente. Em 7 dias, você já enxerga padrões claros.	financeiro	rotina	75.00	manual
349	2025-10-25 15:11:17.244+00	Dica gerada em 25/10 12:11	Registre receitas e despesas diariamente. Em 7 dias, você já enxerga padrões claros.	financeiro	rotina	75.00	manual
350	2025-10-25 19:36:23.998+00	Dica gerada em 25/10 16:36	Registre receitas e despesas diariamente. Em 7 dias, você já enxerga padrões claros.	financeiro	rotina	75.00	manual
351	2025-10-25 19:36:24.822+00	Dica gerada em 25/10 16:36	Registre receitas e despesas diariamente. Em 7 dias, você já enxerga padrões claros.	financeiro	rotina	75.00	manual
352	2025-10-25 19:36:25.366+00	Dica gerada em 25/10 16:36	Registre receitas e despesas diariamente. Em 7 dias, você já enxerga padrões claros.	financeiro	rotina	75.00	manual
353	2025-10-27 19:22:36.256+00	Dica gerada em 27/10 16:22	Registre receitas e despesas diariamente. Em 7 dias, você já enxerga padrões claros.	financeiro	rotina	75.00	manual
354	2025-10-27 23:16:54.738+00	Dica gerada em 27/10 20:16	Registre receitas e despesas diariamente. Em 7 dias, você já enxerga padrões claros.	financeiro	rotina	75.00	manual
355	2025-10-27 23:16:55.241+00	Dica gerada em 27/10 20:16	Registre receitas e despesas diariamente. Em 7 dias, você já enxerga padrões claros.	financeiro	rotina	75.00	manual
356	2025-10-27 23:56:12.655+00	Dica gerada em 27/10 20:56	Registre receitas e despesas diariamente. Em 7 dias, você já enxerga padrões claros.	financeiro	rotina	75.00	manual
357	2025-10-27 23:56:13.151+00	Dica gerada em 27/10 20:56	Registre receitas e despesas diariamente. Em 7 dias, você já enxerga padrões claros.	financeiro	rotina	75.00	manual
358	2025-10-28 01:02:59.152+00	Dica gerada em 27/10 22:02	Registre receitas e despesas diariamente. Em 7 dias, você já enxerga padrões claros.	financeiro	rotina	75.00	manual
359	2025-10-28 01:02:59.648+00	Dica gerada em 27/10 22:02	Registre receitas e despesas diariamente. Em 7 dias, você já enxerga padrões claros.	financeiro	rotina	75.00	manual
360	2025-10-28 01:03:00.048+00	Dica gerada em 27/10 22:03	Registre receitas e despesas diariamente. Em 7 dias, você já enxerga padrões claros.	financeiro	rotina	75.00	manual
361	2025-10-28 01:03:28.007+00	Dica gerada em 27/10 22:03	Registre receitas e despesas diariamente. Em 7 dias, você já enxerga padrões claros.	financeiro	rotina	75.00	manual
362	2025-10-28 01:05:29.088+00	Dica gerada em 27/10 22:05	Registre receitas e despesas diariamente. Em 7 dias, você já enxerga padrões claros.	financeiro	rotina	75.00	manual
363	2025-10-28 01:12:25.004+00	Dica gerada em 27/10 22:12	Registre receitas e despesas diariamente. Em 7 dias, você já enxerga padrões claros.	financeiro	rotina	75.00	manual
364	2025-10-28 01:12:26.099+00	Dica gerada em 27/10 22:12	Registre receitas e despesas diariamente. Em 7 dias, você já enxerga padrões claros.	financeiro	rotina	75.00	manual
365	2025-10-28 14:38:50.418+00	Dica gerada em 28/10 11:38	Registre receitas e despesas diariamente. Em 7 dias, você já enxerga padrões claros.	financeiro	rotina	75.00	manual
366	2025-10-28 14:38:51.113+00	Dica gerada em 28/10 11:38	Registre receitas e despesas diariamente. Em 7 dias, você já enxerga padrões claros.	financeiro	rotina	75.00	manual
367	2025-10-29 18:16:27.204+00	Dica gerada em 29/10 15:16	Registre receitas e despesas diariamente. Em 7 dias, você já enxerga padrões claros.	financeiro	rotina	75.00	manual
368	2025-10-29 18:16:40.651+00	Dica gerada em 29/10 15:16	Registre receitas e despesas diariamente. Em 7 dias, você já enxerga padrões claros.	financeiro	rotina	75.00	manual
369	2025-10-29 18:21:49.995+00	Dica gerada em 29/10 15:21	Registre receitas e despesas diariamente. Em 7 dias, você já enxerga padrões claros.	financeiro	rotina	75.00	manual
370	2025-10-29 18:21:50.594+00	Dica gerada em 29/10 15:21	Registre receitas e despesas diariamente. Em 7 dias, você já enxerga padrões claros.	financeiro	rotina	75.00	manual
371	2025-10-29 18:44:07.999+00	Dica gerada em 29/10 15:44	Registre receitas e despesas diariamente. Em 7 dias, você já enxerga padrões claros.	financeiro	rotina	75.00	manual
372	2025-10-29 18:44:08.534+00	Dica gerada em 29/10 15:44	Registre receitas e despesas diariamente. Em 7 dias, você já enxerga padrões claros.	financeiro	rotina	75.00	manual
373	2025-10-30 00:43:25.251+00	Dica gerada em 29/10 21:43	Registre receitas e despesas diariamente. Em 7 dias, você já enxerga padrões claros.	financeiro	rotina	75.00	manual
374	2025-10-30 16:18:59.078+00	Dica gerada em 30/10 13:18	Registre receitas e despesas diariamente. Em 7 dias, você já enxerga padrões claros.	financeiro	rotina	75.00	manual
375	2025-10-31 18:13:14.901+00	Dica gerada em 31/10 15:13	Registre receitas e despesas diariamente. Em 7 dias, você já enxerga padrões claros.	financeiro	rotina	75.00	manual
376	2025-10-31 18:13:18.236+00	Dica gerada em 31/10 15:13	Registre receitas e despesas diariamente. Em 7 dias, você já enxerga padrões claros.	financeiro	rotina	75.00	manual
377	2025-10-31 18:13:19.238+00	Dica gerada em 31/10 15:13	Registre receitas e despesas diariamente. Em 7 dias, você já enxerga padrões claros.	financeiro	rotina	75.00	manual
378	2025-11-01 19:45:36.097+00	Dica gerada em 01/11 16:45	Registre receitas e despesas diariamente. Em 7 dias, você já enxerga padrões claros.	financeiro	rotina	75.00	manual
379	2025-11-01 19:45:37.026+00	Dica gerada em 01/11 16:45	Registre receitas e despesas diariamente. Em 7 dias, você já enxerga padrões claros.	financeiro	rotina	75.00	manual
380	2025-11-01 21:31:11.535+00	Dica gerada em 01/11 18:31	Registre receitas e despesas diariamente. Em 7 dias, você já enxerga padrões claros.	financeiro	rotina	75.00	manual
381	2025-11-01 23:41:57.926+00	Dica gerada em 01/11 20:41	Registre receitas e despesas diariamente. Em 7 dias, você já enxerga padrões claros.	financeiro	rotina	75.00	manual
382	2025-11-02 00:39:59.857+00	Dica gerada em 01/11 21:39	Registre receitas e despesas diariamente. Em 7 dias, você já enxerga padrões claros.	financeiro	rotina	75.00	manual
383	2025-11-02 00:40:04.192+00	Dica gerada em 01/11 21:40	Registre receitas e despesas diariamente. Em 7 dias, você já enxerga padrões claros.	financeiro	rotina	75.00	manual
384	2025-11-02 21:06:13.379+00	Dica gerada em 02/11 18:06	Registre receitas e despesas diariamente. Em 7 dias, você já enxerga padrões claros.	financeiro	rotina	75.00	manual
385	2025-11-02 21:06:14.034+00	Dica gerada em 02/11 18:06	Registre receitas e despesas diariamente. Em 7 dias, você já enxerga padrões claros.	financeiro	rotina	75.00	manual
386	2025-11-02 23:23:35.019+00	Dica gerada em 02/11 20:23	Registre receitas e despesas diariamente. Em 7 dias, você já enxerga padrões claros.	financeiro	rotina	75.00	manual
387	2025-11-02 23:23:35.906+00	Dica gerada em 02/11 20:23	Registre receitas e despesas diariamente. Em 7 dias, você já enxerga padrões claros.	financeiro	rotina	75.00	manual
388	2025-11-02 23:23:35.94+00	Dica gerada em 02/11 20:23	Registre receitas e despesas diariamente. Em 7 dias, você já enxerga padrões claros.	financeiro	rotina	75.00	manual
389	2025-11-03 02:37:59.608+00	Dica gerada em 02/11 23:37	Registre receitas e despesas diariamente. Em 7 dias, você já enxerga padrões claros.	financeiro	rotina	75.00	manual
390	2025-11-03 14:17:57.983+00	Dica gerada em 03/11 11:17	Registre receitas e despesas diariamente. Em 7 dias, você já enxerga padrões claros.	financeiro	rotina	75.00	manual
391	2025-11-03 14:18:29.31+00	Dica gerada em 03/11 11:18	Registre receitas e despesas diariamente. Em 7 dias, você já enxerga padrões claros.	financeiro	rotina	75.00	manual
392	2025-11-03 14:18:29.798+00	Dica gerada em 03/11 11:18	Registre receitas e despesas diariamente. Em 7 dias, você já enxerga padrões claros.	financeiro	rotina	75.00	manual
393	2025-11-03 14:18:33.71+00	Dica gerada em 03/11 11:18	Registre receitas e despesas diariamente. Em 7 dias, você já enxerga padrões claros.	financeiro	rotina	75.00	manual
394	2025-11-03 18:38:08.072+00	Dica gerada em 03/11 15:38	Registre receitas e despesas diariamente. Em 7 dias, você já enxerga padrões claros.	financeiro	rotina	75.00	manual
395	2025-11-03 18:38:08.592+00	Dica gerada em 03/11 15:38	Registre receitas e despesas diariamente. Em 7 dias, você já enxerga padrões claros.	financeiro	rotina	75.00	manual
396	2025-11-03 18:38:09.008+00	Dica gerada em 03/11 15:38	Registre receitas e despesas diariamente. Em 7 dias, você já enxerga padrões claros.	financeiro	rotina	75.00	manual
397	2025-11-03 18:38:09.328+00	Dica gerada em 03/11 15:38	Registre receitas e despesas diariamente. Em 7 dias, você já enxerga padrões claros.	financeiro	rotina	75.00	manual
398	2025-11-04 22:33:53.82+00	Dica gerada em 04/11 19:33	Registre receitas e despesas diariamente. Em 7 dias, você já enxerga padrões claros.	financeiro	rotina	75.00	manual
399	2025-11-04 22:37:05.471+00	Dica gerada em 04/11 19:37	Registre receitas e despesas diariamente. Em 7 dias, você já enxerga padrões claros.	financeiro	rotina	75.00	manual
400	2025-11-04 23:04:11.842+00	Dica gerada em 04/11 20:04	Registre receitas e despesas diariamente. Em 7 dias, você já enxerga padrões claros.	financeiro	rotina	75.00	manual
401	2025-11-04 23:04:12.561+00	Dica gerada em 04/11 20:04	Registre receitas e despesas diariamente. Em 7 dias, você já enxerga padrões claros.	financeiro	rotina	75.00	manual
402	2025-11-04 23:04:12.977+00	Dica gerada em 04/11 20:04	Registre receitas e despesas diariamente. Em 7 dias, você já enxerga padrões claros.	financeiro	rotina	75.00	manual
403	2025-11-04 23:04:13.305+00	Dica gerada em 04/11 20:04	Registre receitas e despesas diariamente. Em 7 dias, você já enxerga padrões claros.	financeiro	rotina	75.00	manual
404	2025-11-04 23:04:13.577+00	Dica gerada em 04/11 20:04	Registre receitas e despesas diariamente. Em 7 dias, você já enxerga padrões claros.	financeiro	rotina	75.00	manual
405	2025-11-04 23:04:13.841+00	Dica gerada em 04/11 20:04	Registre receitas e despesas diariamente. Em 7 dias, você já enxerga padrões claros.	financeiro	rotina	75.00	manual
406	2025-11-04 23:05:22.521+00	Dica gerada em 04/11 20:05	Registre receitas e despesas diariamente. Em 7 dias, você já enxerga padrões claros.	financeiro	rotina	75.00	manual
407	2025-11-04 23:05:23.48+00	Dica gerada em 04/11 20:05	Registre receitas e despesas diariamente. Em 7 dias, você já enxerga padrões claros.	financeiro	rotina	75.00	manual
408	2025-11-04 23:05:24.32+00	Dica gerada em 04/11 20:05	Registre receitas e despesas diariamente. Em 7 dias, você já enxerga padrões claros.	financeiro	rotina	75.00	manual
409	2025-11-04 23:05:27.425+00	Dica gerada em 04/11 20:05	Registre receitas e despesas diariamente. Em 7 dias, você já enxerga padrões claros.	financeiro	rotina	75.00	manual
410	2025-11-04 23:52:16.484+00	Dica gerada em 04/11 20:52	Registre receitas e despesas diariamente. Em 7 dias, você já enxerga padrões claros.	financeiro	rotina	75.00	manual
411	2025-11-04 23:52:17.291+00	Dica gerada em 04/11 20:52	Registre receitas e despesas diariamente. Em 7 dias, você já enxerga padrões claros.	financeiro	rotina	75.00	manual
412	2025-11-04 23:52:23.195+00	Dica gerada em 04/11 20:52	Registre receitas e despesas diariamente. Em 7 dias, você já enxerga padrões claros.	financeiro	rotina	75.00	manual
413	2025-11-04 23:52:23.659+00	Dica gerada em 04/11 20:52	Registre receitas e despesas diariamente. Em 7 dias, você já enxerga padrões claros.	financeiro	rotina	75.00	manual
\.


--
-- Data for Name: financeiro_recomendacaoia; Type: TABLE DATA; Schema: public; Owner: spaco_jhusena_user
--

COPY public.financeiro_recomendacaoia (id, texto, tipo, criado_em, usuario_id) FROM stdin;
1	Ótimo! Saldo POSITIVO com margem de 57.1%. Reforce a reserva e programe um aporte extra no Tesouro Selic esta semana.	positiva	2025-10-11 01:14:57.239+00	1
2	Ótimo! Saldo POSITIVO com margem de 57.1%. Reforce a reserva e programe um aporte extra no Tesouro Selic esta semana.	positiva	2025-10-11 01:15:22.006+00	1
3	Ótimo! Saldo POSITIVO com margem de 57.1%. Reforce a reserva e programe um aporte extra no Tesouro Selic esta semana.	positiva	2025-10-11 01:15:22.693+00	1
4	Ótimo! Saldo POSITIVO com margem de 57.1%. Reforce a reserva e programe um aporte extra no Tesouro Selic esta semana.	positiva	2025-10-11 01:15:47.983+00	1
5	Ótimo! Saldo POSITIVO com margem de 57.1%. Reforce a reserva e programe um aporte extra no Tesouro Selic esta semana.	positiva	2025-10-11 01:15:48.518+00	1
6	Ótimo! Saldo POSITIVO com margem de 57.1%. Reforce a reserva e programe um aporte extra no Tesouro Selic esta semana.	positiva	2025-10-11 01:28:50.726+00	1
7	Ótimo! Saldo POSITIVO com margem de 57.1%. Reforce a reserva e programe um aporte extra no Tesouro Selic esta semana.	positiva	2025-10-11 01:29:09.509+00	1
8	Ótimo! Saldo POSITIVO com margem de 57.1%. Reforce a reserva e programe um aporte extra no Tesouro Selic esta semana.	positiva	2025-10-11 01:29:11.326+00	1
9	Ótimo! Saldo POSITIVO com margem de 57.1%. Reforce a reserva e programe um aporte extra no Tesouro Selic esta semana.	positiva	2025-10-11 01:34:18.436+00	1
10	Ótimo! Saldo POSITIVO com margem de 57.1%. Reforce a reserva e programe um aporte extra no Tesouro Selic esta semana.	positiva	2025-10-11 01:34:22.194+00	1
11	Ótimo! Saldo POSITIVO com margem de 57.1%. Reforce a reserva e programe um aporte extra no Tesouro Selic esta semana.	positiva	2025-10-11 01:38:44.752+00	1
12	Ótimo! Saldo POSITIVO com margem de 57.1%. Reforce a reserva e programe um aporte extra no Tesouro Selic esta semana.	positiva	2025-10-11 01:39:13.52+00	1
13	Ótimo! Saldo POSITIVO com margem de 57.1%. Reforce a reserva e programe um aporte extra no Tesouro Selic esta semana.	positiva	2025-10-11 01:43:11.342+00	1
14	Ótimo! Saldo POSITIVO com margem de 57.1%. Reforce a reserva e programe um aporte extra no Tesouro Selic esta semana.	positiva	2025-10-11 14:57:59.253+00	1
15	Ótimo! Saldo POSITIVO com margem de 57.1%. Reforce a reserva e programe um aporte extra no Tesouro Selic esta semana.	positiva	2025-10-11 15:35:17.947+00	1
16	Ótimo! Saldo POSITIVO com margem de 57.1%. Reforce a reserva e programe um aporte extra no Tesouro Selic esta semana.	positiva	2025-10-11 16:28:34.174+00	1
17	Ótimo! Saldo POSITIVO com margem de 57.1%. Reforce a reserva e programe um aporte extra no Tesouro Selic esta semana.	positiva	2025-10-11 17:15:29.229+00	1
18	Ótimo! Saldo POSITIVO com margem de 57.1%. Reforce a reserva e programe um aporte extra no Tesouro Selic esta semana.	positiva	2025-10-11 17:18:57.437+00	1
19	Ótimo! Saldo POSITIVO com margem de 57.1%. Reforce a reserva e programe um aporte extra no Tesouro Selic esta semana.	positiva	2025-10-11 17:21:21.048+00	1
20	Ótimo! Saldo POSITIVO com margem de 57.1%. Reforce a reserva e programe um aporte extra no Tesouro Selic esta semana.	positiva	2025-10-11 17:49:47.504+00	1
21	Ótimo! Saldo POSITIVO com margem de 57.1%. Reforce a reserva e programe um aporte extra no Tesouro Selic esta semana.	positiva	2025-10-11 17:49:48.347+00	1
22	Ótimo! Saldo POSITIVO com margem de 57.1%. Reforce a reserva e programe um aporte extra no Tesouro Selic esta semana.	positiva	2025-10-11 17:53:27.096+00	1
23	Ótimo! Saldo POSITIVO com margem de 57.1%. Reforce a reserva e programe um aporte extra no Tesouro Selic esta semana.	positiva	2025-10-11 17:53:44.481+00	1
24	Ótimo! Saldo POSITIVO com margem de 57.1%. Reforce a reserva e programe um aporte extra no Tesouro Selic esta semana.	positiva	2025-10-11 17:54:33.308+00	1
25	Ótimo! Saldo POSITIVO com margem de 57.1%. Reforce a reserva e programe um aporte extra no Tesouro Selic esta semana.	positiva	2025-10-11 18:28:30.203+00	1
26	Ótimo! Saldo POSITIVO com margem de 57.1%. Reforce a reserva e programe um aporte extra no Tesouro Selic esta semana.	positiva	2025-10-11 18:31:12.776+00	1
27	Ótimo! Saldo POSITIVO com margem de 57.1%. Reforce a reserva e programe um aporte extra no Tesouro Selic esta semana.	positiva	2025-10-11 18:33:39.506+00	1
28	Ótimo! Saldo POSITIVO com margem de 57.1%. Reforce a reserva e programe um aporte extra no Tesouro Selic esta semana.	positiva	2025-10-11 18:35:03.77+00	1
29	Ótimo! Saldo POSITIVO com margem de 57.1%. Reforce a reserva e programe um aporte extra no Tesouro Selic esta semana.	positiva	2025-10-11 18:37:16.489+00	1
30	Ótimo! Saldo POSITIVO com margem de 57.1%. Reforce a reserva e programe um aporte extra no Tesouro Selic esta semana.	positiva	2025-10-11 18:57:32.899+00	1
31	Ótimo! Saldo POSITIVO com margem de 57.1%. Reforce a reserva e programe um aporte extra no Tesouro Selic esta semana.	positiva	2025-10-11 18:58:41.008+00	1
32	Ótimo! Saldo POSITIVO com margem de 57.1%. Reforce a reserva e programe um aporte extra no Tesouro Selic esta semana.	positiva	2025-10-12 22:03:17.855+00	1
33	Ótimo! Saldo POSITIVO com margem de 57.1%. Reforce a reserva e programe um aporte extra no Tesouro Selic esta semana.	positiva	2025-10-12 22:03:19.273+00	1
34	Ótimo! Saldo POSITIVO com margem de 57.1%. Reforce a reserva e programe um aporte extra no Tesouro Selic esta semana.	positiva	2025-10-12 22:03:22.705+00	1
35	Ótimo! Saldo POSITIVO com margem de 57.1%. Reforce a reserva e programe um aporte extra no Tesouro Selic esta semana.	positiva	2025-10-12 22:46:41.906+00	1
36	Ótimo! Saldo POSITIVO com margem de 57.1%. Reforce a reserva e programe um aporte extra no Tesouro Selic esta semana.	positiva	2025-10-12 23:02:06.659+00	1
37	Ótimo! Saldo POSITIVO com margem de 57.1%. Reforce a reserva e programe um aporte extra no Tesouro Selic esta semana.	positiva	2025-10-12 23:54:27.354+00	1
38	Ótimo! Saldo POSITIVO com margem de 57.1%. Reforce a reserva e programe um aporte extra no Tesouro Selic esta semana.	positiva	2025-10-12 23:56:45.526+00	1
39	Ótimo! Saldo POSITIVO com margem de 57.1%. Reforce a reserva e programe um aporte extra no Tesouro Selic esta semana.	positiva	2025-10-12 23:59:18.653+00	1
40	Ótimo! Saldo POSITIVO com margem de 57.1%. Reforce a reserva e programe um aporte extra no Tesouro Selic esta semana.	positiva	2025-10-13 00:07:13.461+00	1
41	Ótimo! Saldo POSITIVO com margem de 57.1%. Reforce a reserva e programe um aporte extra no Tesouro Selic esta semana.	positiva	2025-10-13 18:17:41.308+00	1
42	✅ Superávit de R$ 40.00. Sugestão: aportar ~R$ 8.00 no Tesouro Selic.	positiva	2025-10-13 21:35:33.95+00	1
43	Ótimo! Saldo POSITIVO com margem de 57.1%. Reforce a reserva e programe um aporte extra no Tesouro Selic esta semana.	positiva	2025-10-13 21:35:55.241+00	1
44	✅ Superávit de R$ 40.00. Sugestão: aportar ~R$ 8.00 no Tesouro Selic.	positiva	2025-10-13 21:40:39.341+00	1
45	✅ Superávit de R$ 40.00. Sugestão: aportar ~R$ 8.00 no Tesouro Selic.	positiva	2025-10-13 21:40:40.299+00	1
46	Ótimo! Saldo POSITIVO com margem de 57.1%. Reforce a reserva e programe um aporte extra no Tesouro Selic esta semana.	positiva	2025-10-13 21:52:03.049+00	1
47	✅ Superávit de R$ 40.00. Sugestão: aportar ~R$ 8.00 no Tesouro Selic.	positiva	2025-10-13 21:52:25.875+00	1
48	✅ Superávit de R$ 40.00. Sugestão: aportar ~R$ 8.00 no Tesouro Selic.	positiva	2025-10-13 21:52:31.65+00	1
49	Ótimo! Saldo POSITIVO com margem de 57.1%. Reforce a reserva e programe um aporte extra no Tesouro Selic esta semana.	positiva	2025-10-13 21:52:34.314+00	1
50	Ótimo! Saldo POSITIVO com margem de 57.1%. Reforce a reserva e programe um aporte extra no Tesouro Selic esta semana.	positiva	2025-10-13 21:59:43.982+00	1
51	✅ Superávit de R$ 40.00. Sugestão: aportar ~R$ 8.00 no Tesouro Selic.	positiva	2025-10-13 21:59:52.143+00	1
52	✅ Superávit de R$ 40.00. Sugestão: aportar ~R$ 8.00 no Tesouro Selic.	positiva	2025-10-13 21:59:54.685+00	1
53	Ótimo! Saldo POSITIVO com margem de 57.1%. Reforce a reserva e programe um aporte extra no Tesouro Selic esta semana.	positiva	2025-10-13 21:59:57.747+00	1
54	✅ Superávit de R$ 40.00. Sugestão: aportar ~R$ 8.00 no Tesouro Selic.	positiva	2025-10-13 22:00:00.669+00	1
55	Ótimo! Saldo POSITIVO com margem de 57.1%. Reforce a reserva e programe um aporte extra no Tesouro Selic esta semana.	positiva	2025-10-13 22:00:36.543+00	1
56	✅ Superávit de R$ 40.00. Sugestão: aportar ~R$ 8.00 no Tesouro Selic.	positiva	2025-10-13 22:00:38.902+00	1
57	✅ Superávit de R$ 40.00. Sugestão: aportar ~R$ 8.00 no Tesouro Selic.	positiva	2025-10-13 22:00:42.99+00	1
58	Ótimo! Saldo POSITIVO com margem de 57.1%. Reforce a reserva e programe um aporte extra no Tesouro Selic esta semana.	positiva	2025-10-13 22:01:00.21+00	1
59	Ótimo! Saldo POSITIVO com margem de 57.1%. Reforce a reserva e programe um aporte extra no Tesouro Selic esta semana.	positiva	2025-10-13 22:01:01.221+00	1
60	✅ Superávit de R$ 40.00. Sugestão: aportar ~R$ 8.00 no Tesouro Selic.	positiva	2025-10-13 22:01:15.813+00	1
61	Ótimo! Saldo POSITIVO com margem de 57.1%. Reforce a reserva e programe um aporte extra no Tesouro Selic esta semana.	positiva	2025-10-13 22:14:30.106+00	1
62	Ótimo! Saldo POSITIVO com margem de 57.1%. Reforce a reserva e programe um aporte extra no Tesouro Selic esta semana.	positiva	2025-10-13 22:14:35.429+00	1
63	Ótimo! Saldo POSITIVO com margem de 57.1%. Reforce a reserva e programe um aporte extra no Tesouro Selic esta semana.	positiva	2025-10-13 22:14:36.062+00	1
64	✅ Superávit de  40.00. Sugestão: aportar ~R$ 8.00 no Tesouro Selic.	positiva	2025-10-13 22:14:47.005+00	1
65	✅ Superávit de  40.00. Sugestão: aportar ~R$ 8.00 no Tesouro Selic.	positiva	2025-10-13 22:14:54.307+00	1
66	Ótimo! Saldo POSITIVO com margem de 57.1%. Reforce a reserva e programe um aporte extra no Tesouro Selic esta semana.	positiva	2025-10-13 22:16:16.231+00	1
67	✅ Superávit de  R$ 40,00. Sugestão: aportar ~R$ 8.00 no Tesouro Selic.	positiva	2025-10-13 22:16:20.946+00	1
68	✅ Superávit de  R$ 40,00. Sugestão: aportar ~R$ 8.00 no Tesouro Selic.	positiva	2025-10-13 22:16:24.394+00	1
69	Ótimo! Saldo POSITIVO com margem de 57.1%. Reforce a reserva e programe um aporte extra no Tesouro Selic esta semana.	positiva	2025-10-13 22:16:27.828+00	1
70	Ótimo! Saldo POSITIVO com margem de 57.1%. Reforce a reserva e programe um aporte extra no Tesouro Selic esta semana.	positiva	2025-10-13 22:22:36.258+00	1
71	✅ Superávit de  R$ 40,00. Sugestão: aportar ~R$ 8.00 no Tesouro Selic.	positiva	2025-10-13 22:22:39.286+00	1
72	Ótimo! Saldo POSITIVO com margem de 57.1%. Reforce a reserva e programe um aporte extra no Tesouro Selic esta semana.	positiva	2025-10-13 22:22:45.928+00	1
73	Ótimo! Saldo POSITIVO com margem de 57.1%. Reforce a reserva e programe um aporte extra no Tesouro Selic esta semana.	positiva	2025-10-13 22:22:47.423+00	1
74	Ótimo! Saldo POSITIVO com margem de 57.1%. Reforce a reserva e programe um aporte extra no Tesouro Selic esta semana.	positiva	2025-10-13 22:22:47.969+00	1
75	Ótimo! Saldo POSITIVO com margem de 57.1%. Reforce a reserva e programe um aporte extra no Tesouro Selic esta semana.	positiva	2025-10-13 22:23:11.384+00	1
76	Ótimo! Saldo POSITIVO com margem de 57.1%. Reforce a reserva e programe um aporte extra no Tesouro Selic esta semana.	positiva	2025-10-13 22:23:14.252+00	1
77	Ótimo! Saldo POSITIVO com margem de 57.1%. Reforce a reserva e programe um aporte extra no Tesouro Selic esta semana.	positiva	2025-10-13 22:23:15.1+00	1
78	Ótimo! Saldo POSITIVO com margem de 57.1%. Reforce a reserva e programe um aporte extra no Tesouro Selic esta semana.	positiva	2025-10-13 22:25:23.367+00	1
79	Ótimo! Saldo POSITIVO com margem de 57.1%. Reforce a reserva e programe um aporte extra no Tesouro Selic esta semana.	positiva	2025-10-13 22:25:26.253+00	1
80	Ótimo! Saldo POSITIVO com margem de 57.1%. Reforce a reserva e programe um aporte extra no Tesouro Selic esta semana.	positiva	2025-10-13 22:25:26.795+00	1
81	✅ Superávit de  R$ 40,00. Sugestão: aportar ~R$ 8.00 no Tesouro Selic.	positiva	2025-10-13 22:25:36.876+00	1
82	✅ Superávit de  R$ 40,00. Sugestão: aportar ~R$ 8.00 no Tesouro Selic.	positiva	2025-10-13 22:25:38.004+00	1
83	Ótimo! Saldo POSITIVO com margem de 57.1%. Reforce a reserva e programe um aporte extra no Tesouro Selic esta semana.	positiva	2025-10-13 22:25:46.126+00	1
84	Ótimo! Saldo POSITIVO com margem de 57.1%. Reforce a reserva e programe um aporte extra no Tesouro Selic esta semana.	positiva	2025-10-13 22:25:46.703+00	1
85	✅ Superávit de  R$ 40,00. Sugestão: aportar ~R$ 8.00 no Tesouro Selic.	positiva	2025-10-13 22:25:53.053+00	1
86	✅ Superávit de  R$ 40,00. Sugestão: aportar ~R$ 8.00 no Tesouro Selic.	positiva	2025-10-13 22:25:54.364+00	1
87	Ótimo! Saldo POSITIVO com margem de 57.1%. Reforce a reserva e programe um aporte extra no Tesouro Selic esta semana.	positiva	2025-10-13 22:26:02.1+00	1
88	Ótimo! Saldo POSITIVO com margem de 57.1%. Reforce a reserva e programe um aporte extra no Tesouro Selic esta semana.	positiva	2025-10-13 22:27:57.759+00	1
89	Ótimo! Saldo POSITIVO com margem de 57.1%. Reforce a reserva e programe um aporte extra no Tesouro Selic esta semana.	positiva	2025-10-13 22:27:58.532+00	1
90	Ótimo! Saldo POSITIVO com margem de 57.1%. Reforce a reserva e programe um aporte extra no Tesouro Selic esta semana.	positiva	2025-10-13 22:33:00.482+00	1
91	Ótimo! Saldo POSITIVO com margem de 57.1%. Reforce a reserva e programe um aporte extra no Tesouro Selic esta semana.	positiva	2025-10-13 22:33:07.373+00	1
92	✅ Superávit de  R$ 40,00. Sugestão: aportar ~R$ 8.00 no Tesouro Selic.	positiva	2025-10-13 22:33:09.008+00	1
93	Ótimo! Saldo POSITIVO com margem de 57.1%. Reforce a reserva e programe um aporte extra no Tesouro Selic esta semana.	positiva	2025-10-14 13:59:03.792+00	2
94	✅ Superávit de  R$ 40,00. Sugestão: aportar ~R$ 8.00 no Tesouro Selic.	positiva	2025-10-14 14:00:20.25+00	2
95	Ótimo! Saldo POSITIVO com margem de 57.1%. Reforce a reserva e programe um aporte extra no Tesouro Selic esta semana.	positiva	2025-10-14 14:00:31.037+00	2
96	Ótimo! Saldo POSITIVO com margem de 57.1%. Reforce a reserva e programe um aporte extra no Tesouro Selic esta semana.	positiva	2025-10-14 14:25:31.821+00	2
97	Ótimo! Saldo POSITIVO com margem de 57.1%. Reforce a reserva e programe um aporte extra no Tesouro Selic esta semana.	positiva	2025-10-14 14:25:40.177+00	2
98	Ótimo! Saldo POSITIVO com margem de 57.1%. Reforce a reserva e programe um aporte extra no Tesouro Selic esta semana.	positiva	2025-10-14 14:28:54.214+00	2
99	Ótimo! Saldo POSITIVO com margem de 57.1%. Reforce a reserva e programe um aporte extra no Tesouro Selic esta semana.	positiva	2025-10-14 14:29:13.509+00	2
100	Ótimo! Saldo POSITIVO com margem de 57.1%. Reforce a reserva e programe um aporte extra no Tesouro Selic esta semana.	positiva	2025-10-14 14:33:31.656+00	2
101	Ótimo! Saldo POSITIVO com margem de 57.1%. Reforce a reserva e programe um aporte extra no Tesouro Selic esta semana.	positiva	2025-10-14 14:33:52.805+00	2
102	Ótimo! Saldo POSITIVO com margem de 57.1%. Reforce a reserva e programe um aporte extra no Tesouro Selic esta semana.	positiva	2025-10-14 14:34:33.642+00	2
103	Ótimo! Saldo POSITIVO com margem de 57.1%. Reforce a reserva e programe um aporte extra no Tesouro Selic esta semana.	positiva	2025-10-14 14:35:29.232+00	2
104	Ótimo! Saldo POSITIVO com margem de 57.1%. Reforce a reserva e programe um aporte extra no Tesouro Selic esta semana.	positiva	2025-10-14 14:45:23.369+00	2
105	✅ Superávit de  R$ 40,00. Sugestão: aportar ~R$ 8.00 no Tesouro Selic.	positiva	2025-10-14 14:45:32.779+00	2
106	Ótimo! Saldo POSITIVO com margem de 57.1%. Reforce a reserva e programe um aporte extra no Tesouro Selic esta semana.	positiva	2025-10-14 14:49:34.452+00	2
107	Ótimo! Saldo POSITIVO com margem de 57.1%. Reforce a reserva e programe um aporte extra no Tesouro Selic esta semana.	positiva	2025-10-14 14:49:49.164+00	2
108	Ótimo! Saldo POSITIVO com margem de 57.1%. Reforce a reserva e programe um aporte extra no Tesouro Selic esta semana.	positiva	2025-10-14 14:50:15.071+00	2
109	Ótimo! Saldo POSITIVO com margem de 57.1%. Reforce a reserva e programe um aporte extra no Tesouro Selic esta semana.	positiva	2025-10-14 14:51:25.787+00	2
110	Ótimo! Saldo POSITIVO com margem de 57.1%. Reforce a reserva e programe um aporte extra no Tesouro Selic esta semana.	positiva	2025-10-14 14:55:38.039+00	2
111	Ótimo! Saldo POSITIVO com margem de 57.1%. Reforce a reserva e programe um aporte extra no Tesouro Selic esta semana.	positiva	2025-10-14 14:56:55.428+00	2
112	Ótimo! Saldo POSITIVO com margem de 57.1%. Reforce a reserva e programe um aporte extra no Tesouro Selic esta semana.	positiva	2025-10-14 14:57:39.372+00	2
113	Ótimo! Saldo POSITIVO com margem de 57.1%. Reforce a reserva e programe um aporte extra no Tesouro Selic esta semana.	positiva	2025-10-14 15:02:14.391+00	2
114	Ótimo! Saldo POSITIVO com margem de 57.1%. Reforce a reserva e programe um aporte extra no Tesouro Selic esta semana.	positiva	2025-10-14 15:02:38.12+00	2
115	Ótimo! Saldo POSITIVO com margem de 57.1%. Reforce a reserva e programe um aporte extra no Tesouro Selic esta semana.	positiva	2025-10-14 15:05:07.206+00	2
116	Ótimo! Saldo POSITIVO com margem de 57.1%. Reforce a reserva e programe um aporte extra no Tesouro Selic esta semana.	positiva	2025-10-14 15:06:49.252+00	2
117	Ótimo! Saldo POSITIVO com margem de 57.1%. Reforce a reserva e programe um aporte extra no Tesouro Selic esta semana.	positiva	2025-10-14 15:11:32.581+00	2
118	Ótimo! Saldo POSITIVO com margem de 57.1%. Reforce a reserva e programe um aporte extra no Tesouro Selic esta semana.	positiva	2025-10-14 15:12:22.72+00	2
119	Ótimo! Saldo POSITIVO com margem de 57.1%. Reforce a reserva e programe um aporte extra no Tesouro Selic esta semana.	positiva	2025-10-14 15:12:42.137+00	2
120	Ótimo! Saldo POSITIVO com margem de 57.1%. Reforce a reserva e programe um aporte extra no Tesouro Selic esta semana.	positiva	2025-10-14 15:21:27.783+00	2
121	Ótimo! Saldo POSITIVO com margem de 57.1%. Reforce a reserva e programe um aporte extra no Tesouro Selic esta semana.	positiva	2025-10-14 15:22:55.264+00	2
122	Ótimo! Saldo POSITIVO com margem de 57.1%. Reforce a reserva e programe um aporte extra no Tesouro Selic esta semana.	positiva	2025-10-14 15:25:15.456+00	2
123	✅ Superávit de  R$ 40,00. Sugestão: aportar ~R$ 8.00 no Tesouro Selic.	positiva	2025-10-14 15:25:37.31+00	2
124	Ótimo! Saldo POSITIVO com margem de 57.1%. Reforce a reserva e programe um aporte extra no Tesouro Selic esta semana.	positiva	2025-10-14 16:02:56.459+00	2
125	Ótimo! Saldo POSITIVO com margem de 57.1%. Reforce a reserva e programe um aporte extra no Tesouro Selic esta semana.	positiva	2025-10-14 16:05:12.506+00	2
126	Ótimo! Saldo POSITIVO com margem de 57.1%. Reforce a reserva e programe um aporte extra no Tesouro Selic esta semana.	positiva	2025-10-14 16:34:51.518+00	2
127	Ótimo! Saldo POSITIVO com margem de 57.1%. Reforce a reserva e programe um aporte extra no Tesouro Selic esta semana.	positiva	2025-10-14 16:35:14.331+00	2
128	Ótimo! Saldo POSITIVO com margem de 57.1%. Reforce a reserva e programe um aporte extra no Tesouro Selic esta semana.	positiva	2025-10-14 16:35:33.832+00	2
129	Ótimo! Saldo POSITIVO com margem de 57.1%. Reforce a reserva e programe um aporte extra no Tesouro Selic esta semana.	positiva	2025-10-14 16:35:44.72+00	2
130	Ótimo! Saldo POSITIVO com margem de 57.1%. Reforce a reserva e programe um aporte extra no Tesouro Selic esta semana.	positiva	2025-10-14 16:36:05.157+00	2
131	Ótimo! Saldo POSITIVO com margem de 57.1%. Reforce a reserva e programe um aporte extra no Tesouro Selic esta semana.	positiva	2025-10-14 16:36:28.175+00	2
132	Ótimo! Saldo POSITIVO com margem de 57.1%. Reforce a reserva e programe um aporte extra no Tesouro Selic esta semana.	positiva	2025-10-14 16:38:26.338+00	2
133	Ótimo! Saldo POSITIVO com margem de 57.1%. Reforce a reserva e programe um aporte extra no Tesouro Selic esta semana.	positiva	2025-10-14 16:38:50.345+00	2
134	Ótimo! Saldo POSITIVO com margem de 57.1%. Reforce a reserva e programe um aporte extra no Tesouro Selic esta semana.	positiva	2025-10-14 16:41:21.778+00	2
135	Ótimo! Saldo POSITIVO com margem de 57.1%. Reforce a reserva e programe um aporte extra no Tesouro Selic esta semana.	positiva	2025-10-14 16:44:37.614+00	2
136	Ótimo! Saldo POSITIVO com margem de 57.1%. Reforce a reserva e programe um aporte extra no Tesouro Selic esta semana.	positiva	2025-10-14 16:53:24.565+00	2
137	Ótimo! Saldo POSITIVO com margem de 57.1%. Reforce a reserva e programe um aporte extra no Tesouro Selic esta semana.	positiva	2025-10-14 16:54:05.464+00	2
138	Ótimo! Saldo POSITIVO com margem de 57.1%. Reforce a reserva e programe um aporte extra no Tesouro Selic esta semana.	positiva	2025-10-14 16:56:04.356+00	2
139	Ótimo! Saldo POSITIVO com margem de 57.1%. Reforce a reserva e programe um aporte extra no Tesouro Selic esta semana.	positiva	2025-10-14 17:03:36.952+00	2
140	Ótimo! Saldo POSITIVO com margem de 57.1%. Reforce a reserva e programe um aporte extra no Tesouro Selic esta semana.	positiva	2025-10-14 17:03:47.123+00	2
369	[TEST] Ótimo! Saldo POSITIVO com margem de 57.1%. Reforce a reserva.	positiva	2025-10-29 19:30:28.877+00	1
141	Ótimo! Saldo POSITIVO com margem de 57.1%. Reforce a reserva e programe um aporte extra no Tesouro Selic esta semana.	positiva	2025-10-14 17:07:04.095+00	2
142	Ótimo! Saldo POSITIVO com margem de 57.1%. Reforce a reserva e programe um aporte extra no Tesouro Selic esta semana.	positiva	2025-10-14 17:08:26.033+00	2
143	Ótimo! Saldo POSITIVO com margem de 57.1%. Reforce a reserva e programe um aporte extra no Tesouro Selic esta semana.	positiva	2025-10-14 17:08:56.158+00	2
144	Ótimo! Saldo POSITIVO com margem de 57.1%. Reforce a reserva e programe um aporte extra no Tesouro Selic esta semana.	positiva	2025-10-14 17:09:27.657+00	2
145	Ótimo! Saldo POSITIVO com margem de 57.1%. Reforce a reserva e programe um aporte extra no Tesouro Selic esta semana.	positiva	2025-10-14 17:10:11.231+00	2
146	✅ Superávit de  R$ 40,00. Sugestão: aportar ~R$ 8.00 no Tesouro Selic.	positiva	2025-10-14 17:10:27.902+00	2
147	✅ Superávit de  R$ 40,00. Sugestão: aportar ~R$ 8.00 no Tesouro Selic.	positiva	2025-10-14 17:10:30.198+00	2
148	Ótimo! Saldo POSITIVO com margem de 57.1%. Reforce a reserva e programe um aporte extra no Tesouro Selic esta semana.	positiva	2025-10-14 17:11:04.824+00	2
149	✅ Superávit de  R$ 40,00. Sugestão: aportar ~R$ 8.00 no Tesouro Selic.	positiva	2025-10-14 17:11:11.125+00	2
150	Ótimo! Saldo POSITIVO com margem de 57.1%. Reforce a reserva e programe um aporte extra no Tesouro Selic esta semana.	positiva	2025-10-14 17:11:19.431+00	2
151	Ótimo! Saldo POSITIVO com margem de 57.1%. Reforce a reserva e programe um aporte extra no Tesouro Selic esta semana.	positiva	2025-10-14 17:11:37.715+00	2
152	Ótimo! Saldo POSITIVO com margem de 57.1%. Reforce a reserva e programe um aporte extra no Tesouro Selic esta semana.	positiva	2025-10-14 17:12:00.732+00	2
153	Ótimo! Saldo POSITIVO com margem de 57.1%. Reforce a reserva e programe um aporte extra no Tesouro Selic esta semana.	positiva	2025-10-14 17:12:13.235+00	2
154	Ótimo! Saldo POSITIVO com margem de 57.1%. Reforce a reserva e programe um aporte extra no Tesouro Selic esta semana.	positiva	2025-10-14 18:00:25.975+00	2
155	Ótimo! Saldo POSITIVO com margem de 57.1%. Reforce a reserva e programe um aporte extra no Tesouro Selic esta semana.	positiva	2025-10-14 18:01:39.586+00	2
156	Ótimo! Saldo POSITIVO com margem de 57.1%. Reforce a reserva e programe um aporte extra no Tesouro Selic esta semana.	positiva	2025-10-14 18:01:49.792+00	2
157	Ótimo! Saldo POSITIVO com margem de 57.1%. Reforce a reserva e programe um aporte extra no Tesouro Selic esta semana.	positiva	2025-10-14 18:01:51.614+00	2
158	Ótimo! Saldo POSITIVO com margem de 57.1%. Reforce a reserva e programe um aporte extra no Tesouro Selic esta semana.	positiva	2025-10-14 18:03:00.729+00	2
159	Ótimo! Saldo POSITIVO com margem de 57.1%. Reforce a reserva e programe um aporte extra no Tesouro Selic esta semana.	positiva	2025-10-14 18:03:06.971+00	2
160	Ótimo! Saldo POSITIVO com margem de 57.1%. Reforce a reserva e programe um aporte extra no Tesouro Selic esta semana.	positiva	2025-10-14 18:04:22.851+00	2
161	Ótimo! Saldo POSITIVO com margem de 57.1%. Reforce a reserva e programe um aporte extra no Tesouro Selic esta semana.	positiva	2025-10-14 18:05:19.311+00	2
162	Ótimo! Saldo POSITIVO com margem de 57.1%. Reforce a reserva e programe um aporte extra no Tesouro Selic esta semana.	positiva	2025-10-14 18:05:39.896+00	2
163	Ótimo! Saldo POSITIVO com margem de 57.1%. Reforce a reserva e programe um aporte extra no Tesouro Selic esta semana.	positiva	2025-10-14 18:07:16.344+00	2
164	Ótimo! Saldo POSITIVO com margem de 57.1%. Reforce a reserva e programe um aporte extra no Tesouro Selic esta semana.	positiva	2025-10-14 18:28:28.238+00	2
165	✅ Superávit de  R$ 40,00. Sugestão: aportar ~R$ 8.00 no Tesouro Selic.	positiva	2025-10-14 18:28:43.169+00	2
166	Ótimo! Saldo POSITIVO com margem de 57.1%. Reforce a reserva e programe um aporte extra no Tesouro Selic esta semana.	positiva	2025-10-14 18:28:50.482+00	2
167	Ótimo! Saldo POSITIVO com margem de 57.1%. Reforce a reserva e programe um aporte extra no Tesouro Selic esta semana.	positiva	2025-10-14 18:28:51.138+00	2
168	Ótimo! Saldo POSITIVO com margem de 57.1%. Reforce a reserva e programe um aporte extra no Tesouro Selic esta semana.	positiva	2025-10-14 18:29:18.486+00	2
169	Ótimo! Saldo POSITIVO com margem de 57.1%. Reforce a reserva e programe um aporte extra no Tesouro Selic esta semana.	positiva	2025-10-14 18:40:17.419+00	2
170	Ótimo! Saldo POSITIVO com margem de 57.1%. Reforce a reserva e programe um aporte extra no Tesouro Selic esta semana.	positiva	2025-10-14 18:42:41.842+00	2
171	Ótimo! Saldo POSITIVO com margem de 57.1%. Reforce a reserva e programe um aporte extra no Tesouro Selic esta semana.	positiva	2025-10-14 18:43:36.929+00	2
172	Ótimo! Saldo POSITIVO com margem de 57.1%. Reforce a reserva e programe um aporte extra no Tesouro Selic esta semana.	positiva	2025-10-14 18:46:31.791+00	2
173	Ótimo! Saldo POSITIVO com margem de 57.1%. Reforce a reserva e programe um aporte extra no Tesouro Selic esta semana.	positiva	2025-10-15 14:31:36.137+00	2
174	Ótimo! Saldo POSITIVO com margem de 57.1%. Reforce a reserva e programe um aporte extra no Tesouro Selic esta semana.	positiva	2025-10-15 14:31:58.959+00	2
175	Ótimo! Saldo POSITIVO com margem de 57.1%. Reforce a reserva e programe um aporte extra no Tesouro Selic esta semana.	positiva	2025-10-15 14:58:02.694+00	2
176	Ótimo! Saldo POSITIVO com margem de 57.1%. Reforce a reserva e programe um aporte extra no Tesouro Selic esta semana.	positiva	2025-10-15 15:06:35.598+00	2
177	Ótimo! Saldo POSITIVO com margem de 57.1%. Reforce a reserva e programe um aporte extra no Tesouro Selic esta semana.	positiva	2025-10-15 15:14:24.851+00	2
178	Ótimo! Saldo POSITIVO com margem de 57.1%. Reforce a reserva e programe um aporte extra no Tesouro Selic esta semana.	positiva	2025-10-15 15:25:30.832+00	2
179	Ótimo! Saldo POSITIVO com margem de 57.1%. Reforce a reserva e programe um aporte extra no Tesouro Selic esta semana.	positiva	2025-10-15 15:26:05.536+00	2
180	Ótimo! Saldo POSITIVO com margem de 57.1%. Reforce a reserva e programe um aporte extra no Tesouro Selic esta semana.	positiva	2025-10-15 15:43:59.988+00	2
181	Ótimo! Saldo POSITIVO com margem de 57.1%. Reforce a reserva e programe um aporte extra no Tesouro Selic esta semana.	positiva	2025-10-15 15:45:00.928+00	2
182	Ótimo! Saldo POSITIVO com margem de 57.1%. Reforce a reserva e programe um aporte extra no Tesouro Selic esta semana.	positiva	2025-10-15 15:53:09.247+00	2
183	Ótimo! Saldo POSITIVO com margem de 57.1%. Reforce a reserva e programe um aporte extra no Tesouro Selic esta semana.	positiva	2025-10-15 15:54:26.332+00	2
184	Ótimo! Saldo POSITIVO com margem de 57.1%. Reforce a reserva e programe um aporte extra no Tesouro Selic esta semana.	positiva	2025-10-15 15:56:29.731+00	2
185	Ótimo! Saldo POSITIVO com margem de 57.1%. Reforce a reserva e programe um aporte extra no Tesouro Selic esta semana.	positiva	2025-10-15 16:05:14.571+00	2
186	Ótimo! Saldo POSITIVO com margem de 57.1%. Reforce a reserva e programe um aporte extra no Tesouro Selic esta semana.	positiva	2025-10-15 16:06:59.026+00	2
187	Ótimo! Saldo POSITIVO com margem de 57.1%. Reforce a reserva e programe um aporte extra no Tesouro Selic esta semana.	positiva	2025-10-15 16:18:47.091+00	2
188	Ótimo! Saldo POSITIVO com margem de 57.1%. Reforce a reserva e programe um aporte extra no Tesouro Selic esta semana.	positiva	2025-10-15 16:37:35.619+00	2
189	Ótimo! Saldo POSITIVO com margem de 57.1%. Reforce a reserva e programe um aporte extra no Tesouro Selic esta semana.	positiva	2025-10-15 17:00:43.826+00	2
190	Ótimo! Saldo POSITIVO com margem de 57.1%. Reforce a reserva e programe um aporte extra no Tesouro Selic esta semana.	positiva	2025-10-15 17:07:12.751+00	2
191	Ótimo! Saldo POSITIVO com margem de 57.1%. Reforce a reserva e programe um aporte extra no Tesouro Selic esta semana.	positiva	2025-10-16 02:37:33.474+00	2
192	Ótimo! Saldo POSITIVO com margem de 57.1%. Reforce a reserva e programe um aporte extra no Tesouro Selic esta semana.	positiva	2025-10-16 02:37:42.376+00	2
193	Ótimo! Saldo POSITIVO com margem de 57.1%. Reforce a reserva e programe um aporte extra no Tesouro Selic esta semana.	positiva	2025-10-16 02:37:43.086+00	2
194	Ótimo! Saldo POSITIVO com margem de 57.1%. Reforce a reserva e programe um aporte extra no Tesouro Selic esta semana.	positiva	2025-10-16 02:37:44.243+00	2
195	Ótimo! Saldo POSITIVO com margem de 57.1%. Reforce a reserva e programe um aporte extra no Tesouro Selic esta semana.	positiva	2025-10-16 02:39:53.209+00	2
196	Ótimo! Saldo POSITIVO com margem de 57.1%. Reforce a reserva e programe um aporte extra no Tesouro Selic esta semana.	positiva	2025-10-16 02:41:12.737+00	2
197	Ótimo! Saldo POSITIVO com margem de 57.1%. Reforce a reserva e programe um aporte extra no Tesouro Selic esta semana.	positiva	2025-10-16 03:02:57.84+00	2
198	Ótimo! Saldo POSITIVO com margem de 57.1%. Reforce a reserva e programe um aporte extra no Tesouro Selic esta semana.	positiva	2025-10-16 03:04:06.298+00	2
199	Ótimo! Saldo POSITIVO com margem de 57.1%. Reforce a reserva e programe um aporte extra no Tesouro Selic esta semana.	positiva	2025-10-16 03:04:24.672+00	2
200	Ótimo! Saldo POSITIVO com margem de 57.1%. Reforce a reserva e programe um aporte extra no Tesouro Selic esta semana.	positiva	2025-10-16 03:15:25.303+00	2
201	Ótimo! Saldo POSITIVO com margem de 57.1%. Reforce a reserva e programe um aporte extra no Tesouro Selic esta semana.	positiva	2025-10-16 03:17:01.191+00	2
202	Ótimo! Saldo POSITIVO com margem de 57.1%. Reforce a reserva e programe um aporte extra no Tesouro Selic esta semana.	positiva	2025-10-16 03:18:28.852+00	2
203	Ótimo! Saldo POSITIVO com margem de 57.1%. Reforce a reserva e programe um aporte extra no Tesouro Selic esta semana.	positiva	2025-10-16 03:19:34.601+00	2
204	Ótimo! Saldo POSITIVO com margem de 57.1%. Reforce a reserva e programe um aporte extra no Tesouro Selic esta semana.	positiva	2025-10-16 03:21:50.562+00	2
205	Ótimo! Saldo POSITIVO com margem de 57.1%. Reforce a reserva e programe um aporte extra no Tesouro Selic esta semana.	positiva	2025-10-16 03:23:08.512+00	2
206	Ótimo! Saldo POSITIVO com margem de 57.1%. Reforce a reserva e programe um aporte extra no Tesouro Selic esta semana.	positiva	2025-10-16 03:25:51.142+00	2
207	Ótimo! Saldo POSITIVO com margem de 57.1%. Reforce a reserva e programe um aporte extra no Tesouro Selic esta semana.	positiva	2025-10-16 03:26:28.167+00	2
208	Ótimo! Saldo POSITIVO com margem de 57.1%. Reforce a reserva e programe um aporte extra no Tesouro Selic esta semana.	positiva	2025-10-16 03:28:31.643+00	2
209	Ótimo! Saldo POSITIVO com margem de 57.1%. Reforce a reserva e programe um aporte extra no Tesouro Selic esta semana.	positiva	2025-10-16 03:34:57.432+00	2
210	Ótimo! Saldo POSITIVO com margem de 57.1%. Reforce a reserva e programe um aporte extra no Tesouro Selic esta semana.	positiva	2025-10-16 03:38:26.496+00	2
211	Ótimo! Saldo POSITIVO com margem de 57.1%. Reforce a reserva e programe um aporte extra no Tesouro Selic esta semana.	positiva	2025-10-16 03:41:09.971+00	2
212	Ótimo! Saldo POSITIVO com margem de 57.1%. Reforce a reserva e programe um aporte extra no Tesouro Selic esta semana.	positiva	2025-10-16 03:41:41.731+00	2
213	Ótimo! Saldo POSITIVO com margem de 57.1%. Reforce a reserva e programe um aporte extra no Tesouro Selic esta semana.	positiva	2025-10-16 03:42:25.961+00	2
214	Ótimo! Saldo POSITIVO com margem de 57.1%. Reforce a reserva e programe um aporte extra no Tesouro Selic esta semana.	positiva	2025-10-16 03:42:55.235+00	2
215	Ótimo! Saldo POSITIVO com margem de 57.1%. Reforce a reserva e programe um aporte extra no Tesouro Selic esta semana.	positiva	2025-10-16 03:56:56.431+00	2
216	Ótimo! Saldo POSITIVO com margem de 57.1%. Reforce a reserva e programe um aporte extra no Tesouro Selic esta semana.	positiva	2025-10-16 14:13:02.489+00	2
217	Ótimo! Saldo POSITIVO com margem de 57.1%. Reforce a reserva e programe um aporte extra no Tesouro Selic esta semana.	positiva	2025-10-16 14:20:58.303+00	2
218	Ótimo! Saldo POSITIVO com margem de 57.1%. Reforce a reserva e programe um aporte extra no Tesouro Selic esta semana.	positiva	2025-10-17 19:06:01.643+00	2
219	Ótimo! Saldo POSITIVO com margem de 57.1%. Reforce a reserva e programe um aporte extra no Tesouro Selic esta semana.	positiva	2025-10-17 19:06:03.226+00	2
220	Ótimo! Saldo POSITIVO com margem de 57.1%. Reforce a reserva e programe um aporte extra no Tesouro Selic esta semana.	positiva	2025-10-17 19:06:17.99+00	2
221	Ótimo! Saldo POSITIVO com margem de 57.1%. Reforce a reserva e programe um aporte extra no Tesouro Selic esta semana.	positiva	2025-10-17 19:14:44.634+00	2
222	Ótimo! Saldo POSITIVO com margem de 57.1%. Reforce a reserva e programe um aporte extra no Tesouro Selic esta semana.	positiva	2025-10-17 19:14:45.747+00	2
223	Ótimo! Saldo POSITIVO com margem de 57.1%. Reforce a reserva e programe um aporte extra no Tesouro Selic esta semana.	positiva	2025-10-17 19:14:46.75+00	2
224	Ótimo! Saldo POSITIVO com margem de 57.1%. Reforce a reserva e programe um aporte extra no Tesouro Selic esta semana.	positiva	2025-10-17 19:14:47.27+00	2
225	Ótimo! Saldo POSITIVO com margem de 57.1%. Reforce a reserva e programe um aporte extra no Tesouro Selic esta semana.	positiva	2025-10-17 19:14:54.67+00	2
226	Ótimo! Saldo POSITIVO com margem de 57.1%. Reforce a reserva e programe um aporte extra no Tesouro Selic esta semana.	positiva	2025-10-17 19:15:10.415+00	2
227	Ótimo! Saldo POSITIVO com margem de 57.1%. Reforce a reserva e programe um aporte extra no Tesouro Selic esta semana.	positiva	2025-10-17 19:15:11.111+00	2
228	Ótimo! Saldo POSITIVO com margem de 57.1%. Reforce a reserva e programe um aporte extra no Tesouro Selic esta semana.	positiva	2025-10-17 19:15:20.137+00	2
229	Ótimo! Saldo POSITIVO com margem de 57.1%. Reforce a reserva e programe um aporte extra no Tesouro Selic esta semana.	positiva	2025-10-17 19:15:20.509+00	2
230	Ótimo! Saldo POSITIVO com margem de 57.1%. Reforce a reserva e programe um aporte extra no Tesouro Selic esta semana.	positiva	2025-10-17 19:15:20.771+00	2
231	Ótimo! Saldo POSITIVO com margem de 57.1%. Reforce a reserva e programe um aporte extra no Tesouro Selic esta semana.	positiva	2025-10-18 20:26:05.88+00	2
232	Ótimo! Saldo POSITIVO com margem de 57.1%. Reforce a reserva e programe um aporte extra no Tesouro Selic esta semana.	positiva	2025-10-18 20:26:09.072+00	2
233	Ótimo! Saldo POSITIVO com margem de 57.1%. Reforce a reserva e programe um aporte extra no Tesouro Selic esta semana.	positiva	2025-10-18 20:26:10.363+00	2
234	Ótimo! Saldo POSITIVO com margem de 57.1%. Reforce a reserva e programe um aporte extra no Tesouro Selic esta semana.	positiva	2025-10-18 20:26:10.904+00	2
235	Ótimo! Saldo POSITIVO com margem de 57.1%. Reforce a reserva e programe um aporte extra no Tesouro Selic esta semana.	positiva	2025-10-18 20:26:12.114+00	2
236	Ótimo! Saldo POSITIVO com margem de 57.1%. Reforce a reserva e programe um aporte extra no Tesouro Selic esta semana.	positiva	2025-10-18 20:26:28.83+00	2
237	Ótimo! Saldo POSITIVO com margem de 57.1%. Reforce a reserva e programe um aporte extra no Tesouro Selic esta semana.	positiva	2025-10-18 20:27:20.25+00	2
238	Ótimo! Saldo POSITIVO com margem de 57.1%. Reforce a reserva e programe um aporte extra no Tesouro Selic esta semana.	positiva	2025-10-18 20:27:34.395+00	2
239	Ótimo! Saldo POSITIVO com margem de 57.1%. Reforce a reserva e programe um aporte extra no Tesouro Selic esta semana.	positiva	2025-10-18 20:28:03.966+00	2
240	Ótimo! Saldo POSITIVO com margem de 57.1%. Reforce a reserva e programe um aporte extra no Tesouro Selic esta semana.	positiva	2025-10-18 20:28:11.119+00	2
241	Ótimo! Saldo POSITIVO com margem de 57.1%. Reforce a reserva e programe um aporte extra no Tesouro Selic esta semana.	positiva	2025-10-18 20:28:43.804+00	2
242	Ótimo! Saldo POSITIVO com margem de 57.1%. Reforce a reserva e programe um aporte extra no Tesouro Selic esta semana.	positiva	2025-10-18 20:29:00.945+00	2
243	Ótimo! Saldo POSITIVO com margem de 57.1%. Reforce a reserva e programe um aporte extra no Tesouro Selic esta semana.	positiva	2025-10-18 20:39:21.122+00	2
244	Ótimo! Saldo POSITIVO com margem de 57.1%. Reforce a reserva e programe um aporte extra no Tesouro Selic esta semana.	positiva	2025-10-18 20:39:47.655+00	2
245	Ótimo! Saldo POSITIVO com margem de 57.1%. Reforce a reserva e programe um aporte extra no Tesouro Selic esta semana.	positiva	2025-10-18 20:39:48.261+00	2
246	Ótimo! Saldo POSITIVO com margem de 57.1%. Reforce a reserva e programe um aporte extra no Tesouro Selic esta semana.	positiva	2025-10-18 20:39:51.366+00	2
247	Ótimo! Saldo POSITIVO com margem de 57.1%. Reforce a reserva e programe um aporte extra no Tesouro Selic esta semana.	positiva	2025-10-18 20:40:05.61+00	2
248	Ótimo! Saldo POSITIVO com margem de 57.1%. Reforce a reserva e programe um aporte extra no Tesouro Selic esta semana.	positiva	2025-10-18 20:42:04.45+00	2
249	Ótimo! Saldo POSITIVO com margem de 57.1%. Reforce a reserva e programe um aporte extra no Tesouro Selic esta semana.	positiva	2025-10-18 20:43:20.921+00	2
250	Ótimo! Saldo POSITIVO com margem de 57.1%. Reforce a reserva e programe um aporte extra no Tesouro Selic esta semana.	positiva	2025-10-18 20:43:33.678+00	2
251	Ótimo! Saldo POSITIVO com margem de 57.1%. Reforce a reserva e programe um aporte extra no Tesouro Selic esta semana.	positiva	2025-10-18 20:43:36.595+00	2
252	Ótimo! Saldo POSITIVO com margem de 57.1%. Reforce a reserva e programe um aporte extra no Tesouro Selic esta semana.	positiva	2025-10-18 20:43:55.066+00	2
253	Ótimo! Saldo POSITIVO com margem de 57.1%. Reforce a reserva e programe um aporte extra no Tesouro Selic esta semana.	positiva	2025-10-18 20:44:25.907+00	2
254	Ótimo! Saldo POSITIVO com margem de 57.1%. Reforce a reserva e programe um aporte extra no Tesouro Selic esta semana.	positiva	2025-10-18 20:44:27.314+00	2
255	Ótimo! Saldo POSITIVO com margem de 57.1%. Reforce a reserva e programe um aporte extra no Tesouro Selic esta semana.	positiva	2025-10-18 20:44:28.051+00	2
256	Ótimo! Saldo POSITIVO com margem de 57.1%. Reforce a reserva e programe um aporte extra no Tesouro Selic esta semana.	positiva	2025-10-18 20:44:28.817+00	2
257	Ótimo! Saldo POSITIVO com margem de 57.1%. Reforce a reserva e programe um aporte extra no Tesouro Selic esta semana.	positiva	2025-10-18 20:44:29.388+00	2
258	Ótimo! Saldo POSITIVO com margem de 57.1%. Reforce a reserva e programe um aporte extra no Tesouro Selic esta semana.	positiva	2025-10-18 20:53:24.89+00	2
259	Ótimo! Saldo POSITIVO com margem de 57.1%. Reforce a reserva e programe um aporte extra no Tesouro Selic esta semana.	positiva	2025-10-18 21:10:32.432+00	2
260	Ótimo! Saldo POSITIVO com margem de 57.1%. Reforce a reserva e programe um aporte extra no Tesouro Selic esta semana.	positiva	2025-10-18 21:14:02.365+00	2
261	Ótimo! Saldo POSITIVO com margem de 57.1%. Reforce a reserva e programe um aporte extra no Tesouro Selic esta semana.	positiva	2025-10-18 21:14:03.409+00	2
262	Ótimo! Saldo POSITIVO com margem de 57.1%. Reforce a reserva e programe um aporte extra no Tesouro Selic esta semana.	positiva	2025-10-18 21:16:24.618+00	2
263	Ótimo! Saldo POSITIVO com margem de 57.1%. Reforce a reserva e programe um aporte extra no Tesouro Selic esta semana.	positiva	2025-10-18 21:18:27.285+00	2
264	Ótimo! Saldo POSITIVO com margem de 57.1%. Reforce a reserva e programe um aporte extra no Tesouro Selic esta semana.	positiva	2025-10-18 21:31:11.474+00	2
265	Ótimo! Saldo POSITIVO com margem de 57.1%. Reforce a reserva e programe um aporte extra no Tesouro Selic esta semana.	positiva	2025-10-18 21:31:30.897+00	2
266	Ótimo! Saldo POSITIVO com margem de 57.1%. Reforce a reserva e programe um aporte extra no Tesouro Selic esta semana.	positiva	2025-10-18 21:51:43.498+00	2
267	Ótimo! Saldo POSITIVO com margem de 57.1%. Reforce a reserva e programe um aporte extra no Tesouro Selic esta semana.	positiva	2025-10-18 21:51:47.213+00	2
268	Ótimo! Saldo POSITIVO com margem de 57.1%. Reforce a reserva e programe um aporte extra no Tesouro Selic esta semana.	positiva	2025-10-18 21:51:52.856+00	2
269	Ótimo! Saldo POSITIVO com margem de 57.1%. Reforce a reserva e programe um aporte extra no Tesouro Selic esta semana.	positiva	2025-10-18 21:52:04.479+00	2
270	Exemplo NEUTRO	neutra	2025-10-20 14:51:33.155+00	1
271	Exemplo POSITIVO	neutra	2025-10-20 14:51:47.955+00	1
272	Exemplo ALERTA	alerta	2025-10-20 14:52:29.779+00	1
273	Ótimo! Saldo POSITIVO com margem de 57.1%. Reforce a reserva e programe um aporte extra no Tesouro Selic esta semana.	positiva	2025-10-20 19:08:37.205+00	2
274	Ótimo! Saldo POSITIVO com margem de 57.1%. Reforce a reserva e programe um aporte extra no Tesouro Selic esta semana.	positiva	2025-10-20 19:17:57.226+00	2
275	Ótimo! Saldo POSITIVO com margem de 57.1%. Reforce a reserva e programe um aporte extra no Tesouro Selic esta semana.	positiva	2025-10-21 19:55:34.415+00	2
276	Ótimo! Saldo POSITIVO com margem de 57.1%. Reforce a reserva e programe um aporte extra no Tesouro Selic esta semana.	positiva	2025-10-21 21:47:42.467+00	2
277	Ótimo! Saldo POSITIVO com margem de 57.1%. Reforce a reserva e programe um aporte extra no Tesouro Selic esta semana.	positiva	2025-10-21 21:54:28.116+00	2
278	Ótimo! Saldo POSITIVO com margem de 57.1%. Reforce a reserva e programe um aporte extra no Tesouro Selic esta semana.	positiva	2025-10-21 21:54:29.134+00	2
279	Ótimo! Saldo POSITIVO com margem de 57.1%. Reforce a reserva e programe um aporte extra no Tesouro Selic esta semana.	positiva	2025-10-21 21:58:36.602+00	2
280	Ótimo! Saldo POSITIVO com margem de 57.1%. Reforce a reserva e programe um aporte extra no Tesouro Selic esta semana.	positiva	2025-10-21 22:05:16.356+00	2
281	Ótimo! Saldo POSITIVO com margem de 57.1%. Reforce a reserva e programe um aporte extra no Tesouro Selic esta semana.	positiva	2025-10-21 22:14:19.94+00	2
282	Ótimo! Saldo POSITIVO com margem de 57.1%. Reforce a reserva e programe um aporte extra no Tesouro Selic esta semana.	positiva	2025-10-21 22:14:41.024+00	2
283	Ótimo! Saldo POSITIVO com margem de 57.1%. Reforce a reserva e programe um aporte extra no Tesouro Selic esta semana.	positiva	2025-10-21 22:14:41.699+00	2
284	Ótimo! Saldo POSITIVO com margem de 57.1%. Reforce a reserva e programe um aporte extra no Tesouro Selic esta semana.	positiva	2025-10-21 22:20:17.38+00	2
285	Ótimo! Saldo POSITIVO com margem de 57.1%. Reforce a reserva e programe um aporte extra no Tesouro Selic esta semana.	positiva	2025-10-21 22:28:42.929+00	2
286	Ótimo! Saldo POSITIVO com margem de 57.1%. Reforce a reserva e programe um aporte extra no Tesouro Selic esta semana.	positiva	2025-10-21 22:28:43.583+00	2
287	Ótimo! Saldo POSITIVO com margem de 57.1%. Reforce a reserva e programe um aporte extra no Tesouro Selic esta semana.	positiva	2025-10-21 22:28:44.436+00	2
288	Ótimo! Saldo POSITIVO com margem de 57.1%. Reforce a reserva e programe um aporte extra no Tesouro Selic esta semana.	positiva	2025-10-21 22:58:33.173+00	2
289	Ótimo! Saldo POSITIVO com margem de 57.1%. Reforce a reserva e programe um aporte extra no Tesouro Selic esta semana.	positiva	2025-10-22 14:17:16.729+00	2
290	Ótimo! Saldo POSITIVO com margem de 57.1%. Reforce a reserva e programe um aporte extra no Tesouro Selic esta semana.	positiva	2025-10-22 14:17:19.89+00	2
291	Ótimo! Saldo POSITIVO com margem de 57.1%. Reforce a reserva e programe um aporte extra no Tesouro Selic esta semana.	positiva	2025-10-22 14:29:39.311+00	2
292	Ótimo! Saldo POSITIVO com margem de 57.1%. Reforce a reserva e programe um aporte extra no Tesouro Selic esta semana.	positiva	2025-10-22 14:56:06.056+00	2
293	Ótimo! Saldo POSITIVO com margem de 57.1%. Reforce a reserva e programe um aporte extra no Tesouro Selic esta semana.	positiva	2025-10-22 18:12:32.295+00	2
294	Ótimo! Saldo POSITIVO com margem de 57.1%. Reforce a reserva e programe um aporte extra no Tesouro Selic esta semana.	positiva	2025-10-23 22:11:24.319+00	2
295	Ótimo! Saldo POSITIVO com margem de 57.1%. Reforce a reserva e programe um aporte extra no Tesouro Selic esta semana.	positiva	2025-10-23 22:29:51.866+00	2
296	Ótimo! Saldo POSITIVO com margem de 57.1%. Reforce a reserva e programe um aporte extra no Tesouro Selic esta semana.	positiva	2025-10-23 22:29:52.81+00	2
297	Ótimo! Saldo POSITIVO com margem de 57.1%. Reforce a reserva e programe um aporte extra no Tesouro Selic esta semana.	positiva	2025-10-23 22:29:53.508+00	2
298	Ótimo! Saldo POSITIVO com margem de 57.1%. Reforce a reserva e programe um aporte extra no Tesouro Selic esta semana.	positiva	2025-10-23 22:29:54.108+00	2
299	Ótimo! Saldo POSITIVO com margem de 57.1%. Reforce a reserva e programe um aporte extra no Tesouro Selic esta semana.	positiva	2025-10-23 22:34:12.426+00	2
300	Ótimo! Saldo POSITIVO com margem de 57.1%. Reforce a reserva e programe um aporte extra no Tesouro Selic esta semana.	positiva	2025-10-23 23:07:40.214+00	2
301	Ótimo! Saldo POSITIVO com margem de 57.1%. Reforce a reserva e programe um aporte extra no Tesouro Selic esta semana.	positiva	2025-10-23 23:07:41.026+00	2
302	Ótimo! Saldo POSITIVO com margem de 57.1%. Reforce a reserva e programe um aporte extra no Tesouro Selic esta semana.	positiva	2025-10-23 23:30:14.714+00	2
303	Ótimo! Saldo POSITIVO com margem de 57.1%. Reforce a reserva e programe um aporte extra no Tesouro Selic esta semana.	positiva	2025-10-23 23:30:15.862+00	2
304	Ótimo! Saldo POSITIVO com margem de 57.1%. Reforce a reserva e programe um aporte extra no Tesouro Selic esta semana.	positiva	2025-10-24 00:45:17.319+00	2
305	Ótimo! Saldo POSITIVO com margem de 57.1%. Reforce a reserva e programe um aporte extra no Tesouro Selic esta semana.	positiva	2025-10-24 00:45:18.576+00	2
306	Ótimo! Saldo POSITIVO com margem de 57.1%. Reforce a reserva e programe um aporte extra no Tesouro Selic esta semana.	positiva	2025-10-24 00:45:19.574+00	2
307	Ótimo! Saldo POSITIVO com margem de 57.1%. Reforce a reserva e programe um aporte extra no Tesouro Selic esta semana.	positiva	2025-10-24 01:10:46.114+00	2
308	Ótimo! Saldo POSITIVO com margem de 57.1%. Reforce a reserva e programe um aporte extra no Tesouro Selic esta semana.	positiva	2025-10-24 01:26:27.87+00	2
309	Ótimo! Saldo POSITIVO com margem de 57.1%. Reforce a reserva e programe um aporte extra no Tesouro Selic esta semana.	positiva	2025-10-24 01:26:29.215+00	2
310	Ótimo! Saldo POSITIVO com margem de 57.1%. Reforce a reserva e programe um aporte extra no Tesouro Selic esta semana.	positiva	2025-10-24 01:43:40.508+00	2
311	Ótimo! Saldo POSITIVO com margem de 57.1%. Reforce a reserva e programe um aporte extra no Tesouro Selic esta semana.	positiva	2025-10-24 21:43:31.053+00	2
312	Ótimo! Saldo POSITIVO com margem de 57.1%. Reforce a reserva e programe um aporte extra no Tesouro Selic esta semana.	positiva	2025-10-25 14:44:36.283+00	2
313	Ótimo! Saldo POSITIVO com margem de 57.1%. Reforce a reserva e programe um aporte extra no Tesouro Selic esta semana.	positiva	2025-10-25 15:53:07.861+00	2
314	Ótimo! Saldo POSITIVO com margem de 57.1%. Reforce a reserva e programe um aporte extra no Tesouro Selic esta semana.	positiva	2025-10-25 16:02:01.811+00	2
315	Ótimo! Saldo POSITIVO com margem de 57.1%. Reforce a reserva e programe um aporte extra no Tesouro Selic esta semana.	positiva	2025-10-25 16:03:04.595+00	2
316	Ótimo! Saldo POSITIVO com margem de 57.1%. Reforce a reserva e programe um aporte extra no Tesouro Selic esta semana.	positiva	2025-10-25 16:11:58.154+00	2
317	Ótimo! Saldo POSITIVO com margem de 57.1%. Reforce a reserva e programe um aporte extra no Tesouro Selic esta semana.	positiva	2025-10-25 16:17:10.06+00	2
318	Ótimo! Saldo POSITIVO com margem de 57.1%. Reforce a reserva e programe um aporte extra no Tesouro Selic esta semana.	positiva	2025-10-25 16:19:19.539+00	2
319	Ótimo! Saldo POSITIVO com margem de 57.1%. Reforce a reserva e programe um aporte extra no Tesouro Selic esta semana.	positiva	2025-10-25 16:24:30.001+00	2
320	Ótimo! Saldo POSITIVO com margem de 57.1%. Reforce a reserva e programe um aporte extra no Tesouro Selic esta semana.	positiva	2025-10-25 16:24:49.751+00	2
321	Ótimo! Saldo POSITIVO com margem de 57.1%. Reforce a reserva e programe um aporte extra no Tesouro Selic esta semana.	positiva	2025-10-25 16:25:17.061+00	2
322	Ótimo! Saldo POSITIVO com margem de 57.1%. Reforce a reserva e programe um aporte extra no Tesouro Selic esta semana.	positiva	2025-10-25 19:07:09.206+00	2
323	Ótimo! Saldo POSITIVO com margem de 57.1%. Reforce a reserva e programe um aporte extra no Tesouro Selic esta semana.	positiva	2025-10-25 19:08:04.661+00	2
324	Ótimo! Saldo POSITIVO com margem de 57.1%. Reforce a reserva e programe um aporte extra no Tesouro Selic esta semana.	positiva	2025-10-25 19:12:15.437+00	2
325	Ótimo! Saldo POSITIVO com margem de 57.1%. Reforce a reserva e programe um aporte extra no Tesouro Selic esta semana.	positiva	2025-10-25 19:19:40.163+00	2
326	Ótimo! Saldo POSITIVO com margem de 57.1%. Reforce a reserva e programe um aporte extra no Tesouro Selic esta semana.	positiva	2025-10-25 19:20:11.244+00	2
327	Ótimo! Saldo POSITIVO com margem de 57.1%. Reforce a reserva e programe um aporte extra no Tesouro Selic esta semana.	positiva	2025-10-25 19:32:25.2+00	2
328	Ótimo! Saldo POSITIVO com margem de 57.1%. Reforce a reserva e programe um aporte extra no Tesouro Selic esta semana.	positiva	2025-10-27 18:41:22.245+00	2
329	Ótimo! Saldo POSITIVO com margem de 57.1%. Reforce a reserva e programe um aporte extra no Tesouro Selic esta semana.	positiva	2025-10-27 19:41:01.931+00	2
330	Ótimo! Saldo POSITIVO com margem de 57.1%. Reforce a reserva e programe um aporte extra no Tesouro Selic esta semana.	positiva	2025-10-27 19:41:16.248+00	2
331	Ótimo! Saldo POSITIVO com margem de 57.1%. Reforce a reserva e programe um aporte extra no Tesouro Selic esta semana.	positiva	2025-10-27 23:16:27.693+00	2
332	Ótimo! Saldo POSITIVO com margem de 57.1%. Reforce a reserva e programe um aporte extra no Tesouro Selic esta semana.	positiva	2025-10-27 23:16:31.661+00	2
333	Ótimo! Saldo POSITIVO com margem de 57.1%. Reforce a reserva e programe um aporte extra no Tesouro Selic esta semana.	positiva	2025-10-27 23:16:46.03+00	2
334	Ótimo! Saldo POSITIVO com margem de 57.1%. Reforce a reserva e programe um aporte extra no Tesouro Selic esta semana.	positiva	2025-10-27 23:16:46.846+00	2
335	Ótimo! Saldo POSITIVO com margem de 57.1%. Reforce a reserva e programe um aporte extra no Tesouro Selic esta semana.	positiva	2025-10-27 23:44:47.066+00	2
336	Ótimo! Saldo POSITIVO com margem de 57.1%. Reforce a reserva e programe um aporte extra no Tesouro Selic esta semana.	positiva	2025-10-27 23:56:09.147+00	2
337	Ótimo! Saldo POSITIVO com margem de 57.1%. Reforce a reserva e programe um aporte extra no Tesouro Selic esta semana.	positiva	2025-10-28 00:41:07.998+00	2
338	Ótimo! Saldo POSITIVO com margem de 57.1%. Reforce a reserva e programe um aporte extra no Tesouro Selic esta semana.	positiva	2025-10-28 01:02:56.605+00	2
339	Ótimo! Saldo POSITIVO com margem de 57.1%. Reforce a reserva e programe um aporte extra no Tesouro Selic esta semana.	positiva	2025-10-28 01:03:24.202+00	2
340	Ótimo! Saldo POSITIVO com margem de 57.1%. Reforce a reserva e programe um aporte extra no Tesouro Selic esta semana.	positiva	2025-10-28 01:05:27.217+00	2
341	Ótimo! Saldo POSITIVO com margem de 57.1%. Reforce a reserva e programe um aporte extra no Tesouro Selic esta semana.	positiva	2025-10-28 01:12:12.631+00	2
342	Ótimo! Saldo POSITIVO com margem de 57.1%. Reforce a reserva e programe um aporte extra no Tesouro Selic esta semana.	positiva	2025-10-28 01:12:30.672+00	2
343	Ótimo! Saldo POSITIVO com margem de 57.1%. Reforce a reserva e programe um aporte extra no Tesouro Selic esta semana.	positiva	2025-10-28 01:19:17.468+00	2
344	Ótimo! Saldo POSITIVO com margem de 57.1%. Reforce a reserva e programe um aporte extra no Tesouro Selic esta semana.	positiva	2025-10-28 01:23:58.925+00	2
345	Ótimo! Saldo POSITIVO com margem de 57.1%. Reforce a reserva e programe um aporte extra no Tesouro Selic esta semana.	positiva	2025-10-28 01:36:43.31+00	2
346	Ótimo! Saldo POSITIVO com margem de 57.1%. Reforce a reserva e programe um aporte extra no Tesouro Selic esta semana.	positiva	2025-10-28 14:38:40.532+00	2
347	Ótimo! Saldo POSITIVO com margem de 57.1%. Reforce a reserva e programe um aporte extra no Tesouro Selic esta semana.	positiva	2025-10-28 14:38:55.837+00	2
348	Ótimo! Saldo POSITIVO com margem de 57.1%. Reforce a reserva e programe um aporte extra no Tesouro Selic esta semana.	positiva	2025-10-28 15:54:52.221+00	2
349	Ótimo! Saldo POSITIVO com margem de 57.1%. Reforce a reserva e programe um aporte extra no Tesouro Selic esta semana.	positiva	2025-10-28 16:13:53.181+00	2
350	Ótimo! Saldo POSITIVO com margem de 57.1%. Reforce a reserva e programe um aporte extra no Tesouro Selic esta semana.	positiva	2025-10-28 16:15:38.71+00	2
351	Ótimo! Saldo POSITIVO com margem de 57.1%. Reforce a reserva e programe um aporte extra no Tesouro Selic esta semana.	positiva	2025-10-28 16:16:24.355+00	2
352	Ótimo! Saldo POSITIVO com margem de 57.1%. Reforce a reserva e programe um aporte extra no Tesouro Selic esta semana.	positiva	2025-10-28 16:16:30.604+00	2
353	Ótimo! Saldo POSITIVO com margem de 57.1%. Reforce a reserva e programe um aporte extra no Tesouro Selic esta semana.	positiva	2025-10-29 18:16:16.817+00	2
354	Ótimo! Saldo POSITIVO com margem de 57.1%. Reforce a reserva e programe um aporte extra no Tesouro Selic esta semana.	positiva	2025-10-29 18:16:23.582+00	2
355	Ótimo! Saldo POSITIVO com margem de 57.1%. Reforce a reserva e programe um aporte extra no Tesouro Selic esta semana.	positiva	2025-10-29 18:16:35.853+00	2
356	Ótimo! Saldo POSITIVO com margem de 57.1%. Reforce a reserva e programe um aporte extra no Tesouro Selic esta semana.	positiva	2025-10-29 18:16:38.664+00	2
357	Ótimo! Saldo POSITIVO com margem de 57.1%. Reforce a reserva e programe um aporte extra no Tesouro Selic esta semana.	positiva	2025-10-29 18:16:39.31+00	2
358	Ótimo! Saldo POSITIVO com margem de 57.1%. Reforce a reserva e programe um aporte extra no Tesouro Selic esta semana.	positiva	2025-10-29 18:17:06.906+00	2
359	Ótimo! Saldo POSITIVO com margem de 57.1%. Reforce a reserva e programe um aporte extra no Tesouro Selic esta semana.	positiva	2025-10-29 18:21:27.608+00	2
360	Ótimo! Saldo POSITIVO com margem de 57.1%. Reforce a reserva e programe um aporte extra no Tesouro Selic esta semana.	positiva	2025-10-29 18:21:35.396+00	2
361	Ótimo! Saldo POSITIVO com margem de 57.1%. Reforce a reserva e programe um aporte extra no Tesouro Selic esta semana.	positiva	2025-10-29 18:27:56.498+00	2
362	Ótimo! Saldo POSITIVO com margem de 57.1%. Reforce a reserva e programe um aporte extra no Tesouro Selic esta semana.	positiva	2025-10-29 18:28:11.893+00	2
363	Ótimo! Saldo POSITIVO com margem de 57.1%. Reforce a reserva e programe um aporte extra no Tesouro Selic esta semana.	positiva	2025-10-29 18:28:24.92+00	2
364	Ótimo! Saldo POSITIVO com margem de 57.1%. Reforce a reserva e programe um aporte extra no Tesouro Selic esta semana.	positiva	2025-10-29 18:33:59.064+00	2
365	Ótimo! Saldo POSITIVO com margem de 57.1%. Reforce a reserva e programe um aporte extra no Tesouro Selic esta semana.	positiva	2025-10-29 18:43:47.283+00	2
366	Ótimo! Saldo POSITIVO com margem de 57.1%. Reforce a reserva e programe um aporte extra no Tesouro Selic esta semana.	positiva	2025-10-29 18:44:01.211+00	2
367	Ótimo! Saldo POSITIVO com margem de 57.1%. Reforce a reserva e programe um aporte extra no Tesouro Selic esta semana.	positiva	2025-10-29 18:44:05.426+00	2
368	Ótimo! Saldo POSITIVO com margem de 57.1%. Reforce a reserva e programe um aporte extra no Tesouro Selic esta semana.	positiva	2025-10-29 18:44:13.17+00	2
370	[TEST] Atenção: queda de receita -12% este mês. Ajuste gastos.	alerta	2025-10-29 19:30:28.877+00	1
371	[TEST] Situação estável. Variação de 2% frente ao mês anterior.	neutra	2025-10-29 19:30:28.877+00	1
372	Ótimo! Saldo POSITIVO com margem de 57.1%. Reforce a reserva e programe um aporte extra no Tesouro Selic esta semana.	positiva	2025-10-29 19:46:21.663+00	2
373	Ótimo! Saldo POSITIVO com margem de 57.1%. Reforce a reserva e programe um aporte extra no Tesouro Selic esta semana.	positiva	2025-10-29 19:58:34.793+00	2
374	Ótimo! Saldo POSITIVO com margem de 57.1%. Reforce a reserva e programe um aporte extra no Tesouro Selic esta semana.	positiva	2025-10-29 21:37:41.882+00	2
375	Ótimo! Saldo POSITIVO com margem de 57.1%. Reforce a reserva e programe um aporte extra no Tesouro Selic esta semana.	positiva	2025-10-29 23:47:25.525+00	2
376	Ótimo! Saldo POSITIVO com margem de 57.1%. Reforce a reserva e programe um aporte extra no Tesouro Selic esta semana.	positiva	2025-10-29 23:50:40.636+00	2
377	Ótimo! Saldo POSITIVO com margem de 57.1%. Reforce a reserva e programe um aporte extra no Tesouro Selic esta semana.	positiva	2025-10-30 00:43:34.276+00	2
378	Ótimo! Saldo POSITIVO com margem de 57.1%. Reforce a reserva e programe um aporte extra no Tesouro Selic esta semana.	positiva	2025-10-30 01:36:41.299+00	2
379	Ótimo! Saldo POSITIVO com margem de 57.1%. Reforce a reserva e programe um aporte extra no Tesouro Selic esta semana.	positiva	2025-10-30 01:36:58.346+00	2
380	Ótimo! Saldo POSITIVO com margem de 57.1%. Reforce a reserva e programe um aporte extra no Tesouro Selic esta semana.	positiva	2025-10-30 01:59:31.296+00	2
381	Ótimo! Saldo POSITIVO com margem de 57.1%. Reforce a reserva e programe um aporte extra no Tesouro Selic esta semana.	positiva	2025-10-30 15:05:41.148+00	2
382	Ótimo! Saldo POSITIVO com margem de 57.1%. Reforce a reserva e programe um aporte extra no Tesouro Selic esta semana.	positiva	2025-10-30 15:06:05.613+00	2
383	Ótimo! Saldo POSITIVO com margem de 57.1%. Reforce a reserva e programe um aporte extra no Tesouro Selic esta semana.	positiva	2025-10-30 15:09:57.433+00	2
384	Ótimo! Saldo POSITIVO com margem de 57.1%. Reforce a reserva e programe um aporte extra no Tesouro Selic esta semana.	positiva	2025-10-30 15:16:46.415+00	2
385	Ótimo! Saldo POSITIVO com margem de 57.1%. Reforce a reserva e programe um aporte extra no Tesouro Selic esta semana.	positiva	2025-10-30 16:19:10.483+00	2
386	Ótimo! Saldo POSITIVO com margem de 57.1%. Reforce a reserva e programe um aporte extra no Tesouro Selic esta semana.	positiva	2025-10-30 16:35:50.138+00	2
387	Ótimo! Saldo POSITIVO com margem de 57.1%. Reforce a reserva e programe um aporte extra no Tesouro Selic esta semana.	positiva	2025-10-30 18:08:10.383+00	2
388	Ótimo! Saldo POSITIVO com margem de 57.1%. Reforce a reserva e programe um aporte extra no Tesouro Selic esta semana.	positiva	2025-10-30 18:08:40.054+00	2
389	Ótimo! Saldo POSITIVO com margem de 57.1%. Reforce a reserva e programe um aporte extra no Tesouro Selic esta semana.	positiva	2025-10-30 18:33:52.811+00	2
390	Ótimo! Saldo POSITIVO com margem de 57.1%. Reforce a reserva e programe um aporte extra no Tesouro Selic esta semana.	positiva	2025-10-30 18:34:18.457+00	2
391	Ótimo! Saldo POSITIVO com margem de 57.1%. Reforce a reserva e programe um aporte extra no Tesouro Selic esta semana.	positiva	2025-10-30 19:05:55.619+00	2
392	Ótimo! Saldo POSITIVO com margem de 57.1%. Reforce a reserva e programe um aporte extra no Tesouro Selic esta semana.	positiva	2025-10-31 18:01:28.374+00	2
393	Ótimo! Saldo POSITIVO com margem de 57.1%. Reforce a reserva e programe um aporte extra no Tesouro Selic esta semana.	positiva	2025-10-31 18:01:34.551+00	2
394	Ótimo! Saldo POSITIVO com margem de 57.1%. Reforce a reserva e programe um aporte extra no Tesouro Selic esta semana.	positiva	2025-10-31 18:01:35.399+00	2
395	Ótimo! Saldo POSITIVO com margem de 57.1%. Reforce a reserva e programe um aporte extra no Tesouro Selic esta semana.	positiva	2025-10-31 18:13:02+00	2
396	Ótimo! Saldo POSITIVO com margem de 57.1%. Reforce a reserva e programe um aporte extra no Tesouro Selic esta semana.	positiva	2025-10-31 18:28:14.714+00	2
397	Ótimo! Saldo POSITIVO com margem de 57.1%. Reforce a reserva e programe um aporte extra no Tesouro Selic esta semana.	positiva	2025-10-31 18:28:30.56+00	2
398	Ótimo! Saldo POSITIVO com margem de 57.1%. Reforce a reserva e programe um aporte extra no Tesouro Selic esta semana.	positiva	2025-10-31 18:29:33.921+00	2
399	Ótimo! Saldo POSITIVO com margem de 57.1%. Reforce a reserva e programe um aporte extra no Tesouro Selic esta semana.	positiva	2025-11-01 19:45:30.635+00	2
400	Ótimo! Saldo POSITIVO com margem de 57.1%. Reforce a reserva e programe um aporte extra no Tesouro Selic esta semana.	positiva	2025-11-01 19:45:54.949+00	2
401	Ótimo! Saldo POSITIVO com margem de 57.1%. Reforce a reserva e programe um aporte extra no Tesouro Selic esta semana.	positiva	2025-11-01 21:31:02.122+00	2
402	Ótimo! Saldo POSITIVO com margem de 57.1%. Reforce a reserva e programe um aporte extra no Tesouro Selic esta semana.	positiva	2025-11-01 21:31:05.251+00	2
403	Ótimo! Saldo POSITIVO com margem de 57.1%. Reforce a reserva e programe um aporte extra no Tesouro Selic esta semana.	positiva	2025-11-01 21:54:49.279+00	1
404	Alerta: margem negativa de -4,2% no período. Revise despesas fixas.	alerta	2025-11-01 23:12:02.575+00	2
405	Situação neutra: dentro da meta, variação de 0,5% nas receitas.	neutra	2025-11-01 23:12:02.62+00	2
406	Ótimo! Saldo POSITIVO com margem de 57.1%. Reforce a reserva e programe um aporte extra no Tesouro Selic esta semana.	positiva	2025-11-01 23:41:53.767+00	2
407	Ótimo! Saldo POSITIVO com margem de 57.1%. Reforce a reserva e programe um aporte extra no Tesouro Selic esta semana.	positiva	2025-11-02 00:39:49.731+00	2
408	Ótimo! Saldo POSITIVO com margem de 57.1%. Reforce a reserva e programe um aporte extra no Tesouro Selic esta semana.	positiva	2025-11-02 00:39:54.276+00	2
409	Ótimo! Saldo POSITIVO com margem de 57.1%. Reforce a reserva e programe um aporte extra no Tesouro Selic esta semana.	positiva	2025-11-02 16:18:08.5+00	2
410	Ótimo! Saldo POSITIVO com margem de 57.1%. Reforce a reserva e programe um aporte extra no Tesouro Selic esta semana.	positiva	2025-11-02 16:18:11.378+00	2
411	Ótimo! Saldo POSITIVO com margem de 57.1%. Reforce a reserva e programe um aporte extra no Tesouro Selic esta semana.	positiva	2025-11-02 17:23:59.108+00	2
412	Ótimo! Saldo POSITIVO com margem de 57.1%. Reforce a reserva e programe um aporte extra no Tesouro Selic esta semana.	positiva	2025-11-02 17:24:03.972+00	2
413	Ótimo! Saldo POSITIVO com margem de 57.1%. Reforce a reserva e programe um aporte extra no Tesouro Selic esta semana.	positiva	2025-11-02 20:15:11.384+00	2
414	Ótimo! Saldo POSITIVO com margem de 57.1%. Reforce a reserva e programe um aporte extra no Tesouro Selic esta semana.	positiva	2025-11-02 20:15:14.438+00	2
415	Ótimo! Saldo POSITIVO com margem de 57.1%. Reforce a reserva e programe um aporte extra no Tesouro Selic esta semana.	positiva	2025-11-02 20:48:23.557+00	2
416	Ótimo! Saldo POSITIVO com margem de 57.1%. Reforce a reserva e programe um aporte extra no Tesouro Selic esta semana.	positiva	2025-11-02 20:48:27.932+00	2
417	Ótimo! Saldo POSITIVO com margem de 57.1%. Reforce a reserva e programe um aporte extra no Tesouro Selic esta semana.	positiva	2025-11-02 20:48:55.605+00	2
418	Ótimo! Saldo POSITIVO com margem de 57.1%. Reforce a reserva e programe um aporte extra no Tesouro Selic esta semana.	positiva	2025-11-02 21:05:57.195+00	2
419	Ótimo! Saldo POSITIVO com margem de 57.1%. Reforce a reserva e programe um aporte extra no Tesouro Selic esta semana.	positiva	2025-11-02 21:06:11.485+00	2
420	Ótimo! Saldo POSITIVO com margem de 57.1%. Reforce a reserva e programe um aporte extra no Tesouro Selic esta semana.	positiva	2025-11-02 22:35:02.796+00	2
421	Ótimo! Saldo POSITIVO com margem de 57.1%. Reforce a reserva e programe um aporte extra no Tesouro Selic esta semana.	positiva	2025-11-02 23:23:16.736+00	2
422	Ótimo! Saldo POSITIVO com margem de 57.1%. Reforce a reserva e programe um aporte extra no Tesouro Selic esta semana.	positiva	2025-11-02 23:23:31.782+00	2
423	Ótimo! Saldo POSITIVO com margem de 57.1%. Reforce a reserva e programe um aporte extra no Tesouro Selic esta semana.	positiva	2025-11-02 23:23:32.596+00	2
424	Ótimo! Saldo POSITIVO com margem de 57.1%. Reforce a reserva e programe um aporte extra no Tesouro Selic esta semana.	positiva	2025-11-03 02:37:53.697+00	2
425	Ótimo! Saldo POSITIVO com margem de 57.1%. Reforce a reserva e programe um aporte extra no Tesouro Selic esta semana.	positiva	2025-11-03 14:17:30.162+00	2
426	Ótimo! Saldo POSITIVO com margem de 57.1%. Reforce a reserva e programe um aporte extra no Tesouro Selic esta semana.	positiva	2025-11-03 14:18:26+00	2
427	Ótimo! Saldo POSITIVO com margem de 57.1%. Reforce a reserva e programe um aporte extra no Tesouro Selic esta semana.	positiva	2025-11-03 18:38:06.523+00	2
428	Ótimo! Saldo POSITIVO com margem de 57.1%. Reforce a reserva e programe um aporte extra no Tesouro Selic esta semana.	positiva	2025-11-04 22:33:50.872+00	2
429	Ótimo! Saldo POSITIVO com margem de 57.1%. Reforce a reserva e programe um aporte extra no Tesouro Selic esta semana.	positiva	2025-11-04 22:37:07.756+00	2
430	Ótimo! Saldo POSITIVO com margem de 56.7%. Reforce a reserva e programe um aporte extra no Tesouro Selic esta semana.	positiva	2025-11-04 23:04:07.494+00	2
431	Ótimo! Saldo POSITIVO com margem de 88.4%. Reforce a reserva e programe um aporte extra no Tesouro Selic esta semana.	positiva	2025-11-06 22:13:36+00	2
432	Ótimo! Saldo POSITIVO com margem de 88.4%. Reforce a reserva e programe um aporte extra no Tesouro Selic esta semana.	positiva	2025-11-06 22:13:36.586+00	2
433	Ótimo! Saldo POSITIVO com margem de 88.4%. Reforce a reserva e programe um aporte extra no Tesouro Selic esta semana.	positiva	2025-11-06 22:13:38.704+00	2
434	Ótimo! Saldo POSITIVO com margem de 88.4%. Reforce a reserva e programe um aporte extra no Tesouro Selic esta semana.	positiva	2025-11-06 22:13:44.967+00	2
435	Ótimo! Saldo POSITIVO com margem de 88.4%. Reforce a reserva e programe um aporte extra no Tesouro Selic esta semana.	positiva	2025-11-06 22:13:47.543+00	2
436	Ótimo! Saldo POSITIVO com margem de 88.4%. Reforce a reserva e programe um aporte extra no Tesouro Selic esta semana.	positiva	2025-11-06 22:13:48.839+00	2
437	Ótimo! Saldo POSITIVO com margem de 88.4%. Reforce a reserva e programe um aporte extra no Tesouro Selic esta semana.	positiva	2025-11-06 22:14:11.08+00	2
438	Ótimo! Saldo POSITIVO com margem de 88.4%. Reforce a reserva e programe um aporte extra no Tesouro Selic esta semana.	positiva	2025-11-06 22:14:11.758+00	2
439	Ótimo! Saldo POSITIVO com margem de 88.4%. Reforce a reserva e programe um aporte extra no Tesouro Selic esta semana.	positiva	2025-11-06 22:14:25.296+00	2
440	Ótimo! Saldo POSITIVO com margem de 88.4%. Reforce a reserva e programe um aporte extra no Tesouro Selic esta semana.	positiva	2025-11-06 22:14:27.584+00	2
441	Ótimo! Saldo POSITIVO com margem de 88.4%. Reforce a reserva e programe um aporte extra no Tesouro Selic esta semana.	positiva	2025-11-06 22:14:28.575+00	2
442	Ótimo! Saldo POSITIVO com margem de 88.4%. Reforce a reserva e programe um aporte extra no Tesouro Selic esta semana.	positiva	2025-11-06 22:14:29.146+00	2
443	Ótimo! Saldo POSITIVO com margem de 88.4%. Reforce a reserva e programe um aporte extra no Tesouro Selic esta semana.	positiva	2025-11-06 22:14:33.656+00	2
444	Ótimo! Saldo POSITIVO com margem de 88.4%. Reforce a reserva e programe um aporte extra no Tesouro Selic esta semana.	positiva	2025-11-06 22:14:34.079+00	2
445	Ótimo! Saldo POSITIVO com margem de 88.4%. Reforce a reserva e programe um aporte extra no Tesouro Selic esta semana.	positiva	2025-11-06 22:14:49.464+00	2
446	Ótimo! Saldo POSITIVO com margem de 88.4%. Reforce a reserva e programe um aporte extra no Tesouro Selic esta semana.	positiva	2025-11-06 22:14:49.864+00	2
447	Ótimo! Saldo POSITIVO com margem de 88.4%. Reforce a reserva e programe um aporte extra no Tesouro Selic esta semana.	positiva	2025-11-06 22:14:56.527+00	2
448	Ótimo! Saldo POSITIVO com margem de 88.4%. Reforce a reserva e programe um aporte extra no Tesouro Selic esta semana.	positiva	2025-11-06 22:14:58.16+00	2
449	Ótimo! Saldo POSITIVO com margem de 88.4%. Reforce a reserva e programe um aporte extra no Tesouro Selic esta semana.	positiva	2025-11-06 22:14:58.743+00	2
450	Ótimo! Saldo POSITIVO com margem de 88.4%. Reforce a reserva e programe um aporte extra no Tesouro Selic esta semana.	positiva	2025-11-06 22:14:59.743+00	2
451	Ótimo! Saldo POSITIVO com margem de 88.4%. Reforce a reserva e programe um aporte extra no Tesouro Selic esta semana.	positiva	2025-11-06 22:15:00.198+00	2
452	Ótimo! Saldo POSITIVO com margem de 88.4%. Reforce a reserva e programe um aporte extra no Tesouro Selic esta semana.	positiva	2025-11-06 22:15:00.59+00	2
453	Ótimo! Saldo POSITIVO com margem de 88.4%. Reforce a reserva e programe um aporte extra no Tesouro Selic esta semana.	positiva	2025-11-06 22:15:02.031+00	2
454	Ótimo! Saldo POSITIVO com margem de 88.4%. Reforce a reserva e programe um aporte extra no Tesouro Selic esta semana.	positiva	2025-11-06 22:15:16.64+00	2
455	Ótimo! Saldo POSITIVO com margem de 88.4%. Reforce a reserva e programe um aporte extra no Tesouro Selic esta semana.	positiva	2025-11-06 22:15:17.816+00	2
456	Ótimo! Saldo POSITIVO com margem de 88.4%. Reforce a reserva e programe um aporte extra no Tesouro Selic esta semana.	positiva	2025-11-06 22:15:18.839+00	2
457	Ótimo! Saldo POSITIVO com margem de 88.4%. Reforce a reserva e programe um aporte extra no Tesouro Selic esta semana.	positiva	2025-11-06 22:15:19.608+00	2
458	Ótimo! Saldo POSITIVO com margem de 88.4%. Reforce a reserva e programe um aporte extra no Tesouro Selic esta semana.	positiva	2025-11-06 22:15:20.208+00	2
459	Ótimo! Saldo POSITIVO com margem de 88.4%. Reforce a reserva e programe um aporte extra no Tesouro Selic esta semana.	positiva	2025-11-06 22:15:22.335+00	2
460	Ótimo! Saldo POSITIVO com margem de 88.4%. Reforce a reserva e programe um aporte extra no Tesouro Selic esta semana.	positiva	2025-11-06 22:15:22.903+00	2
461	Ótimo! Saldo POSITIVO com margem de 88.4%. Reforce a reserva e programe um aporte extra no Tesouro Selic esta semana.	positiva	2025-11-06 22:15:27.287+00	2
462	Ótimo! Saldo POSITIVO com margem de 88.4%. Reforce a reserva e programe um aporte extra no Tesouro Selic esta semana.	positiva	2025-11-06 22:15:27.792+00	2
463	Ótimo! Saldo POSITIVO com margem de 88.4%. Reforce a reserva e programe um aporte extra no Tesouro Selic esta semana.	positiva	2025-11-06 22:15:38.968+00	2
464	Ótimo! Saldo POSITIVO com margem de 88.4%. Reforce a reserva e programe um aporte extra no Tesouro Selic esta semana.	positiva	2025-11-06 22:15:43.575+00	2
465	Ótimo! Saldo POSITIVO com margem de 88.4%. Reforce a reserva e programe um aporte extra no Tesouro Selic esta semana.	positiva	2025-11-06 22:15:44.486+00	2
466	Ótimo! Saldo POSITIVO com margem de 88.4%. Reforce a reserva e programe um aporte extra no Tesouro Selic esta semana.	positiva	2025-11-06 22:15:52.056+00	2
467	Ótimo! Saldo POSITIVO com margem de 88.4%. Reforce a reserva e programe um aporte extra no Tesouro Selic esta semana.	positiva	2025-11-06 22:16:05.487+00	2
468	Ótimo! Saldo POSITIVO com margem de 88.4%. Reforce a reserva e programe um aporte extra no Tesouro Selic esta semana.	positiva	2025-11-06 22:22:09.077+00	2
469	Ótimo! Saldo POSITIVO com margem de 88.4%. Reforce a reserva e programe um aporte extra no Tesouro Selic esta semana.	positiva	2025-11-06 22:22:15.004+00	2
470	Ótimo! Saldo POSITIVO com margem de 88.4%. Reforce a reserva e programe um aporte extra no Tesouro Selic esta semana.	positiva	2025-11-06 22:22:17.115+00	2
471	Ótimo! Saldo POSITIVO com margem de 88.4%. Reforce a reserva e programe um aporte extra no Tesouro Selic esta semana.	positiva	2025-11-06 22:22:18.236+00	2
472	Ótimo! Saldo POSITIVO com margem de 88.4%. Reforce a reserva e programe um aporte extra no Tesouro Selic esta semana.	positiva	2025-11-06 22:22:18.996+00	2
473	Ótimo! Saldo POSITIVO com margem de 88.4%. Reforce a reserva e programe um aporte extra no Tesouro Selic esta semana.	positiva	2025-11-06 22:22:19.732+00	2
474	Ótimo! Saldo POSITIVO com margem de 88.4%. Reforce a reserva e programe um aporte extra no Tesouro Selic esta semana.	positiva	2025-11-06 22:22:20.612+00	2
475	Ótimo! Saldo POSITIVO com margem de 88.4%. Reforce a reserva e programe um aporte extra no Tesouro Selic esta semana.	positiva	2025-11-06 22:22:29.972+00	2
476	Ótimo! Saldo POSITIVO com margem de 88.4%. Reforce a reserva e programe um aporte extra no Tesouro Selic esta semana.	positiva	2025-11-06 22:22:31.316+00	2
477	Ótimo! Saldo POSITIVO com margem de 88.4%. Reforce a reserva e programe um aporte extra no Tesouro Selic esta semana.	positiva	2025-11-06 22:22:34.332+00	2
478	Ótimo! Saldo POSITIVO com margem de 88.4%. Reforce a reserva e programe um aporte extra no Tesouro Selic esta semana.	positiva	2025-11-06 22:22:35.148+00	2
479	Ótimo! Saldo POSITIVO com margem de 88.4%. Reforce a reserva e programe um aporte extra no Tesouro Selic esta semana.	positiva	2025-11-06 22:22:35.812+00	2
480	Ótimo! Saldo POSITIVO com margem de 88.4%. Reforce a reserva e programe um aporte extra no Tesouro Selic esta semana.	positiva	2025-11-06 22:25:04.172+00	2
481	Ótimo! Saldo POSITIVO com margem de 88.4%. Reforce a reserva e programe um aporte extra no Tesouro Selic esta semana.	positiva	2025-11-06 22:25:05.171+00	2
482	Ótimo! Saldo POSITIVO com margem de 88.4%. Reforce a reserva e programe um aporte extra no Tesouro Selic esta semana.	positiva	2025-11-06 22:25:06.57+00	2
483	Ótimo! Saldo POSITIVO com margem de 88.4%. Reforce a reserva e programe um aporte extra no Tesouro Selic esta semana.	positiva	2025-11-06 22:25:07.643+00	2
484	Ótimo! Saldo POSITIVO com margem de 88.4%. Reforce a reserva e programe um aporte extra no Tesouro Selic esta semana.	positiva	2025-11-06 22:25:33.082+00	2
485	Ótimo! Saldo POSITIVO com margem de 88.4%. Reforce a reserva e programe um aporte extra no Tesouro Selic esta semana.	positiva	2025-11-06 23:05:12.281+00	2
486	Ótimo! Saldo POSITIVO com margem de 88.4%. Reforce a reserva e programe um aporte extra no Tesouro Selic esta semana.	positiva	2025-11-06 23:05:19.728+00	2
487	Ótimo! Saldo POSITIVO com margem de 88.4%. Reforce a reserva e programe um aporte extra no Tesouro Selic esta semana.	positiva	2025-11-07 00:59:46.393+00	2
488	Ótimo! Saldo POSITIVO com margem de 88.4%. Reforce a reserva e programe um aporte extra no Tesouro Selic esta semana.	positiva	2025-11-07 01:05:35.248+00	2
489	Ótimo! Saldo POSITIVO com margem de 88.4%. Reforce a reserva e programe um aporte extra no Tesouro Selic esta semana.	positiva	2025-11-07 01:05:38.292+00	2
490	Ótimo! Saldo POSITIVO com margem de 88.4%. Reforce a reserva e programe um aporte extra no Tesouro Selic esta semana.	positiva	2025-11-07 01:31:20.967+00	2
491	Ótimo! Saldo POSITIVO com margem de 88.4%. Reforce a reserva e programe um aporte extra no Tesouro Selic esta semana.	positiva	2025-11-07 01:31:24.837+00	2
492	Ótimo! Saldo POSITIVO com margem de 88.4%. Reforce a reserva e programe um aporte extra no Tesouro Selic esta semana.	positiva	2025-11-07 22:35:33.396+00	2
493	Ótimo! Saldo POSITIVO com margem de 88.4%. Reforce a reserva e programe um aporte extra no Tesouro Selic esta semana.	positiva	2025-11-07 22:35:34.39+00	2
494	Ótimo! Saldo POSITIVO com margem de 88.4%. Reforce a reserva e programe um aporte extra no Tesouro Selic esta semana.	positiva	2025-11-07 22:35:35.324+00	2
495	Ótimo! Saldo POSITIVO com margem de 88.4%. Reforce a reserva e programe um aporte extra no Tesouro Selic esta semana.	positiva	2025-11-07 23:10:10.815+00	2
496	Ótimo! Saldo POSITIVO com margem de 88.4%. Reforce a reserva e programe um aporte extra no Tesouro Selic esta semana.	positiva	2025-11-07 23:10:13.379+00	2
497	Ótimo! Saldo POSITIVO com margem de 88.4%. Reforce a reserva e programe um aporte extra no Tesouro Selic esta semana.	positiva	2025-11-08 00:49:05.418+00	2
498	Ótimo! Saldo POSITIVO com margem de 88.4%. Reforce a reserva e programe um aporte extra no Tesouro Selic esta semana.	positiva	2025-11-08 01:02:03.414+00	2
499	Ótimo! Saldo POSITIVO com margem de 88.4%. Reforce a reserva e programe um aporte extra no Tesouro Selic esta semana.	positiva	2025-11-08 01:14:55.516+00	2
500	Ótimo! Saldo POSITIVO com margem de 88.4%. Reforce a reserva e programe um aporte extra no Tesouro Selic esta semana.	positiva	2025-11-08 01:14:58.127+00	2
501	Ótimo! Saldo POSITIVO com margem de 88.4%. Reforce a reserva e programe um aporte extra no Tesouro Selic esta semana.	positiva	2025-11-08 01:22:05.309+00	2
502	Ótimo! Saldo POSITIVO com margem de 88.4%. Reforce a reserva e programe um aporte extra no Tesouro Selic esta semana.	positiva	2025-11-08 01:32:23.008+00	2
503	Ótimo! Saldo POSITIVO com margem de 88.4%. Reforce a reserva e programe um aporte extra no Tesouro Selic esta semana.	positiva	2025-11-08 17:20:52.881+00	2
504	Ótimo! Saldo POSITIVO com margem de 88.4%. Reforce a reserva e programe um aporte extra no Tesouro Selic esta semana.	positiva	2025-11-10 21:23:33.661+00	2
505	Ótimo! Saldo POSITIVO com margem de 88.4%. Reforce a reserva e programe um aporte extra no Tesouro Selic esta semana.	positiva	2025-11-10 23:17:47.377+00	2
506	Ótimo! Saldo POSITIVO com margem de 88.4%. Reforce a reserva e programe um aporte extra no Tesouro Selic esta semana.	positiva	2025-11-10 23:41:58.813+00	2
507	Ótimo! Saldo POSITIVO com margem de 88.4%. Reforce a reserva e programe um aporte extra no Tesouro Selic esta semana.	positiva	2025-11-10 23:42:04.515+00	2
508	Ótimo! Saldo POSITIVO com margem de 88.4%. Reforce a reserva e programe um aporte extra no Tesouro Selic esta semana.	positiva	2025-11-10 23:42:25.12+00	2
509	Ótimo! Saldo POSITIVO com margem de 88.4%. Reforce a reserva e programe um aporte extra no Tesouro Selic esta semana.	positiva	2025-11-10 23:42:41.179+00	2
510	Ótimo! Saldo POSITIVO com margem de 88.4%. Reforce a reserva e programe um aporte extra no Tesouro Selic esta semana.	positiva	2025-11-10 23:44:20.323+00	2
511	Ótimo! Saldo POSITIVO com margem de 88.4%. Reforce a reserva e programe um aporte extra no Tesouro Selic esta semana.	positiva	2025-11-10 23:44:30.529+00	2
512	Ótimo! Saldo POSITIVO com margem de 88.4%. Reforce a reserva e programe um aporte extra no Tesouro Selic esta semana.	positiva	2025-11-10 23:44:58.523+00	2
513	Corte 10–15% de despesas variáveis nesta semana e adie compras não essenciais.	neutra	2025-11-19 20:10:42.216+00	2
514	Corte 10–15% de despesas variáveis nesta semana e adie compras não essenciais.	neutra	2025-11-19 20:10:48.168+00	2
515	Corte 10–15% de despesas variáveis nesta semana e adie compras não essenciais.	neutra	2025-11-19 20:10:52.52+00	2
516	Corte 10–15% de despesas variáveis nesta semana e adie compras não essenciais.	neutra	2025-11-19 20:10:53.823+00	2
517	Corte 10–15% de despesas variáveis nesta semana e adie compras não essenciais.	neutra	2025-11-20 21:13:10.05+00	2
518	Corte 10–15% de despesas variáveis nesta semana e adie compras não essenciais.	neutra	2025-11-20 21:13:14.433+00	2
519	Corte 10–15% de despesas variáveis nesta semana e adie compras não essenciais.	neutra	2025-11-20 21:16:13.868+00	2
520	Corte 10–15% de despesas variáveis nesta semana e adie compras não essenciais.	neutra	2025-11-20 21:16:42.247+00	2
521	Corte 10–15% de despesas variáveis nesta semana e adie compras não essenciais.	neutra	2025-11-20 21:16:47.921+00	2
522	Corte 10–15% de despesas variáveis nesta semana e adie compras não essenciais.	neutra	2025-11-20 21:17:57.782+00	2
523	Corte 10–15% de despesas variáveis nesta semana e adie compras não essenciais.	neutra	2025-11-20 21:40:53.224+00	2
524	Corte 10–15% de despesas variáveis nesta semana e adie compras não essenciais.	neutra	2025-11-20 21:52:50.273+00	2
525	Corte 10–15% de despesas variáveis nesta semana e adie compras não essenciais.	neutra	2025-11-20 21:52:55.353+00	2
526	Corte 10–15% de despesas variáveis nesta semana e adie compras não essenciais.	neutra	2025-11-20 21:52:58.018+00	2
527	Corte 10–15% de despesas variáveis nesta semana e adie compras não essenciais.	neutra	2025-11-20 21:52:59.666+00	2
528	Corte 10–15% de despesas variáveis nesta semana e adie compras não essenciais.	neutra	2025-11-20 21:53:03.025+00	2
529	Corte 10–15% de despesas variáveis nesta semana e adie compras não essenciais.	neutra	2025-11-20 21:53:05.93+00	2
530	Corte 10–15% de despesas variáveis nesta semana e adie compras não essenciais.	neutra	2025-11-20 21:53:20.706+00	2
531	Corte 10–15% de despesas variáveis nesta semana e adie compras não essenciais.	neutra	2025-11-20 21:53:36.228+00	2
532	Corte 10–15% de despesas variáveis nesta semana e adie compras não essenciais.	neutra	2025-11-20 21:53:37.441+00	2
533	Corte 10–15% de despesas variáveis nesta semana e adie compras não essenciais.	neutra	2025-11-20 21:54:26.304+00	2
534	Corte 10–15% de despesas variáveis nesta semana e adie compras não essenciais.	neutra	2025-11-20 21:54:28.088+00	2
535	Corte 10–15% de despesas variáveis nesta semana e adie compras não essenciais.	neutra	2025-11-20 21:54:28.634+00	2
536	Corte 10–15% de despesas variáveis nesta semana e adie compras não essenciais.	neutra	2025-11-20 21:54:38.025+00	2
537	⚠️ Gastos consumiram 671% das receitas. Revise fixas e renegocie serviços.	alerta	2025-11-21 00:05:19.881+00	2
538	Corte 10–15% de despesas variáveis nesta semana e adie compras não essenciais.	neutra	2025-11-21 00:06:37.242+00	2
539	Corte 10–15% de despesas variáveis nesta semana e adie compras não essenciais.	neutra	2025-11-21 00:11:46.231+00	2
540	⚠️ Gastos consumiram 671% das receitas. Revise fixas e renegocie serviços.	alerta	2025-11-21 00:13:22.443+00	2
541	Corte 10–15% de despesas variáveis nesta semana e adie compras não essenciais.	neutra	2025-11-21 00:18:13.121+00	2
542	⚠️ Gastos consumiram 671% das receitas. Revise fixas e renegocie serviços.	alerta	2025-11-21 00:18:13.119+00	2
543	⚠️ Gastos consumiram 671% das receitas. Revise fixas e renegocie serviços.	alerta	2025-11-21 00:30:24.752+00	2
544	Corte 10–15% de despesas variáveis nesta semana e adie compras não essenciais.	neutra	2025-11-21 00:30:24.753+00	2
545	Corte 10–15% de despesas variáveis nesta semana e adie compras não essenciais.	neutra	2025-11-21 00:31:57.394+00	2
546	Corte 10–15% de despesas variáveis nesta semana e adie compras não essenciais.	neutra	2025-11-21 00:32:27.283+00	2
547	⚠️ Gastos consumiram 671% das receitas. Revise fixas e renegocie serviços.	alerta	2025-11-21 00:49:34.846+00	2
548	Corte 10–15% de despesas variáveis nesta semana e adie compras não essenciais.	neutra	2025-11-21 00:49:46.993+00	2
549	Corte 10–15% de despesas variáveis nesta semana e adie compras não essenciais.	neutra	2025-11-21 00:49:50.664+00	2
550	⚠️ Gastos consumiram 671% das receitas. Revise fixas e renegocie serviços.	alerta	2025-11-21 00:50:04.036+00	2
551	⚠️ Gastos consumiram 671% das receitas. Revise fixas e renegocie serviços.	alerta	2025-11-21 01:26:43.16+00	2
552	⚠️ Gastos consumiram 671% das receitas. Revise fixas e renegocie serviços.	alerta	2025-11-21 01:41:07.835+00	2
553	⚠️ Gastos consumiram 671% das receitas. Revise fixas e renegocie serviços.	alerta	2025-11-21 23:31:34.038+00	2
554	Corte 10–15% de despesas variáveis nesta semana e adie compras não essenciais.	neutra	2025-11-22 01:29:39.229+00	2
555	Corte 10–15% de despesas variáveis nesta semana e adie compras não essenciais.	neutra	2025-11-22 01:29:44.916+00	2
556	Corte 10–15% de despesas variáveis nesta semana e adie compras não essenciais.	neutra	2025-11-22 01:31:48.547+00	2
557	Corte 10–15% de despesas variáveis nesta semana e adie compras não essenciais.	neutra	2025-11-22 14:44:59.116+00	2
558	Corte 10–15% de despesas variáveis nesta semana e adie compras não essenciais.	neutra	2025-11-24 19:24:18.439+00	2
559	Corte 10–15% de despesas variáveis nesta semana e adie compras não essenciais.	neutra	2025-11-24 19:24:38.974+00	2
560	Corte 10–15% de despesas variáveis nesta semana e adie compras não essenciais.	neutra	2025-11-24 19:35:10.776+00	2
561	Corte 10–15% de despesas variáveis nesta semana e adie compras não essenciais.	neutra	2025-11-24 19:35:39.315+00	2
562	Corte 10–15% de despesas variáveis nesta semana e adie compras não essenciais.	neutra	2025-11-24 19:38:08.407+00	2
563	Corte 10–15% de despesas variáveis nesta semana e adie compras não essenciais.	neutra	2025-11-24 19:40:32.198+00	2
564	Corte 10–15% de despesas variáveis nesta semana e adie compras não essenciais.	neutra	2025-11-24 19:58:04.995+00	2
565	Corte 10–15% de despesas variáveis nesta semana e adie compras não essenciais.	neutra	2025-11-24 19:58:07.701+00	2
566	Corte 10–15% de despesas variáveis nesta semana e adie compras não essenciais.	neutra	2025-11-24 19:58:16.106+00	2
567	Corte 10–15% de despesas variáveis nesta semana e adie compras não essenciais.	neutra	2025-11-24 20:01:13.642+00	2
568	Corte 10–15% de despesas variáveis nesta semana e adie compras não essenciais.	neutra	2025-11-24 20:43:08.152+00	2
569	Corte 10–15% de despesas variáveis nesta semana e adie compras não essenciais.	neutra	2025-11-24 20:45:33.398+00	2
570	Corte 10–15% de despesas variáveis nesta semana e adie compras não essenciais.	neutra	2025-11-24 20:46:24.062+00	2
571	Corte 10–15% de despesas variáveis nesta semana e adie compras não essenciais.	neutra	2025-11-24 20:47:50.668+00	2
572	Corte 10–15% de despesas variáveis nesta semana e adie compras não essenciais.	neutra	2025-11-24 20:52:59.826+00	2
573	Corte 10–15% de despesas variáveis nesta semana e adie compras não essenciais.	neutra	2025-11-24 20:53:28.947+00	2
574	Corte 10–15% de despesas variáveis nesta semana e adie compras não essenciais.	neutra	2025-11-24 22:09:17.245+00	2
575	Corte 10–15% de despesas variáveis nesta semana e adie compras não essenciais.	neutra	2025-11-24 22:32:44.818+00	2
576	Corte 10–15% de despesas variáveis nesta semana e adie compras não essenciais.	neutra	2025-11-24 22:33:00.871+00	2
577	Corte 10–15% de despesas variáveis nesta semana e adie compras não essenciais.	neutra	2025-11-24 22:33:31.039+00	2
578	Corte 10–15% de despesas variáveis nesta semana e adie compras não essenciais.	neutra	2025-11-24 22:33:44.023+00	2
579	Corte 10–15% de despesas variáveis nesta semana e adie compras não essenciais.	neutra	2025-11-24 22:34:21.089+00	2
580	Corte 10–15% de despesas variáveis nesta semana e adie compras não essenciais.	neutra	2025-11-24 22:37:37.58+00	2
581	Corte 10–15% de despesas variáveis nesta semana e adie compras não essenciais.	neutra	2025-11-24 22:38:11.181+00	2
582	Corte 10–15% de despesas variáveis nesta semana e adie compras não essenciais.	neutra	2025-11-24 22:39:58.329+00	2
583	Corte 10–15% de despesas variáveis nesta semana e adie compras não essenciais.	neutra	2025-11-24 22:40:21.451+00	2
584	Corte 10–15% de despesas variáveis nesta semana e adie compras não essenciais.	neutra	2025-11-24 22:41:12.603+00	2
585	Corte 10–15% de despesas variáveis nesta semana e adie compras não essenciais.	neutra	2025-11-24 22:46:50.047+00	2
586	Corte 10–15% de despesas variáveis nesta semana e adie compras não essenciais.	neutra	2025-11-24 22:47:19.782+00	2
587	Corte 10–15% de despesas variáveis nesta semana e adie compras não essenciais.	neutra	2025-11-24 23:04:11.773+00	2
588	Corte 10–15% de despesas variáveis nesta semana e adie compras não essenciais.	neutra	2025-11-24 23:05:49.703+00	2
589	Corte 10–15% de despesas variáveis nesta semana e adie compras não essenciais.	neutra	2025-11-24 23:06:03.723+00	2
590	Corte 10–15% de despesas variáveis nesta semana e adie compras não essenciais.	neutra	2025-11-24 23:07:02.628+00	2
591	Corte 10–15% de despesas variáveis nesta semana e adie compras não essenciais.	neutra	2025-11-24 23:11:41.323+00	2
592	Corte 10–15% de despesas variáveis nesta semana e adie compras não essenciais.	neutra	2025-11-24 23:20:40.774+00	2
593	⚠️ Gastos consumiram 184% das receitas. Revise fixas e renegocie serviços.	alerta	2025-11-24 23:42:41.343+00	2
594	Corte 10–15% de despesas variáveis nesta semana e adie compras não essenciais.	neutra	2025-11-24 23:44:15.182+00	2
595	⚠️ Gastos consumiram 184% das receitas. Revise fixas e renegocie serviços.	alerta	2025-11-24 23:44:33.218+00	2
596	⚠️ Gastos consumiram 184% das receitas. Revise fixas e renegocie serviços.	alerta	2025-11-24 23:44:34.387+00	2
597	⚠️ Gastos consumiram 184% das receitas. Revise fixas e renegocie serviços.	alerta	2025-11-24 23:44:36.561+00	2
598	⚠️ Gastos consumiram 184% das receitas. Revise fixas e renegocie serviços.	alerta	2025-11-24 23:44:36.961+00	2
599	⚠️ Gastos consumiram 184% das receitas. Revise fixas e renegocie serviços.	alerta	2025-11-24 23:44:37.393+00	2
600	⚠️ Gastos consumiram 184% das receitas. Revise fixas e renegocie serviços.	alerta	2025-11-24 23:45:12.003+00	2
601	⚠️ Gastos consumiram 184% das receitas. Revise fixas e renegocie serviços.	alerta	2025-11-24 23:45:45.928+00	2
602	⚠️ Gastos consumiram 184% das receitas. Revise fixas e renegocie serviços.	alerta	2025-11-24 23:56:51.474+00	2
603	Corte 10–15% de despesas variáveis nesta semana e adie compras não essenciais.	neutra	2025-11-24 23:56:51.476+00	2
604	⚠️ Gastos consumiram 184% das receitas. Revise fixas e renegocie serviços.	alerta	2025-11-25 00:00:40.416+00	2
605	Corte 10–15% de despesas variáveis nesta semana e adie compras não essenciais.	neutra	2025-11-25 00:00:40.418+00	2
606	Corte 10–15% de despesas variáveis nesta semana e adie compras não essenciais.	neutra	2025-11-25 00:02:59.733+00	2
607	⚠️ Gastos consumiram 184% das receitas. Revise fixas e renegocie serviços.	alerta	2025-11-25 00:02:59.754+00	2
608	Corte 10–15% de despesas variáveis nesta semana e adie compras não essenciais.	neutra	2025-11-25 00:41:09.934+00	2
609	Corte 10–15% de despesas variáveis nesta semana e adie compras não essenciais.	neutra	2025-11-25 00:41:23.13+00	2
610	Corte 10–15% de despesas variáveis nesta semana e adie compras não essenciais.	neutra	2025-11-25 00:41:23.917+00	2
611	Corte 10–15% de despesas variáveis nesta semana e adie compras não essenciais.	neutra	2025-11-25 00:41:53.476+00	2
612	Corte 10–15% de despesas variáveis nesta semana e adie compras não essenciais.	neutra	2025-11-25 00:41:54.707+00	2
613	Corte 10–15% de despesas variáveis nesta semana e adie compras não essenciais.	neutra	2025-11-25 00:41:55.284+00	2
614	Corte 10–15% de despesas variáveis nesta semana e adie compras não essenciais.	neutra	2025-11-25 00:43:24.012+00	2
615	Corte 10–15% de despesas variáveis nesta semana e adie compras não essenciais.	neutra	2025-11-25 00:43:41.227+00	2
616	Corte 10–15% de despesas variáveis nesta semana e adie compras não essenciais.	neutra	2025-11-25 01:05:41.549+00	2
617	Corte 10–15% de despesas variáveis nesta semana e adie compras não essenciais.	neutra	2025-11-25 01:30:13.386+00	2
618	Corte 10–15% de despesas variáveis nesta semana e adie compras não essenciais.	neutra	2025-11-25 01:33:45.308+00	2
619	Corte 10–15% de despesas variáveis nesta semana e adie compras não essenciais.	neutra	2025-11-25 01:34:01.572+00	2
620	Corte 10–15% de despesas variáveis nesta semana e adie compras não essenciais.	neutra	2025-11-25 01:39:43.994+00	2
621	Corte 10–15% de despesas variáveis nesta semana e adie compras não essenciais.	neutra	2025-11-25 01:52:38.579+00	2
622	Corte 10–15% de despesas variáveis nesta semana e adie compras não essenciais.	neutra	2025-11-25 01:53:29.661+00	2
623	Corte 10–15% de despesas variáveis nesta semana e adie compras não essenciais.	neutra	2025-11-25 01:53:40.569+00	2
624	Corte 10–15% de despesas variáveis nesta semana e adie compras não essenciais.	neutra	2025-11-25 01:55:16.594+00	2
625	Corte 10–15% de despesas variáveis nesta semana e adie compras não essenciais.	neutra	2025-11-25 02:16:33.167+00	2
626	Corte 10–15% de despesas variáveis nesta semana e adie compras não essenciais.	neutra	2025-11-25 02:18:55.324+00	2
627	Corte 10–15% de despesas variáveis nesta semana e adie compras não essenciais.	neutra	2025-11-25 02:18:55.357+00	2
628	Corte 10–15% de despesas variáveis nesta semana e adie compras não essenciais.	neutra	2025-11-25 02:22:46.376+00	2
629	Corte 10–15% de despesas variáveis nesta semana e adie compras não essenciais.	neutra	2025-11-25 02:22:56.679+00	2
630	Corte 10–15% de despesas variáveis nesta semana e adie compras não essenciais.	neutra	2025-11-25 02:23:16.479+00	2
631	Corte 10–15% de despesas variáveis nesta semana e adie compras não essenciais.	neutra	2025-11-25 02:24:22.216+00	2
632	Corte 10–15% de despesas variáveis nesta semana e adie compras não essenciais.	neutra	2025-11-25 02:25:24.945+00	2
633	Corte 10–15% de despesas variáveis nesta semana e adie compras não essenciais.	neutra	2025-11-25 02:25:41.797+00	2
634	Corte 10–15% de despesas variáveis nesta semana e adie compras não essenciais.	neutra	2025-11-25 02:27:00.459+00	2
635	Corte 10–15% de despesas variáveis nesta semana e adie compras não essenciais.	neutra	2025-11-25 02:27:47.062+00	2
636	Corte 10–15% de despesas variáveis nesta semana e adie compras não essenciais.	neutra	2025-11-25 02:33:54.686+00	2
637	Corte 10–15% de despesas variáveis nesta semana e adie compras não essenciais.	neutra	2025-11-25 02:34:39.206+00	2
638	Corte 10–15% de despesas variáveis nesta semana e adie compras não essenciais.	neutra	2025-11-25 02:35:19.097+00	2
639	Corte 10–15% de despesas variáveis nesta semana e adie compras não essenciais.	neutra	2025-11-25 02:35:48.643+00	2
640	Corte 10–15% de despesas variáveis nesta semana e adie compras não essenciais.	neutra	2025-11-25 02:36:11.892+00	2
641	Corte 10–15% de despesas variáveis nesta semana e adie compras não essenciais.	neutra	2025-11-25 02:36:25.975+00	2
642	Corte 10–15% de despesas variáveis nesta semana e adie compras não essenciais.	neutra	2025-11-25 02:36:49.975+00	2
643	Corte 10–15% de despesas variáveis nesta semana e adie compras não essenciais.	neutra	2025-11-25 02:37:15.666+00	2
644	Corte 10–15% de despesas variáveis nesta semana e adie compras não essenciais.	neutra	2025-11-25 22:41:24.003+00	2
645	Corte 10–15% de despesas variáveis nesta semana e adie compras não essenciais.	neutra	2025-11-25 22:53:56.972+00	2
646	Corte 10–15% de despesas variáveis nesta semana e adie compras não essenciais.	neutra	2025-11-26 23:34:59.62+00	2
647	Corte 10–15% de despesas variáveis nesta semana e adie compras não essenciais.	neutra	2025-11-27 00:55:12.559+00	2
648	Corte 10–15% de despesas variáveis nesta semana e adie compras não essenciais.	neutra	2025-11-27 15:50:14.099+00	2
649	Corte 10–15% de despesas variáveis nesta semana e adie compras não essenciais.	neutra	2025-12-02 21:39:41.591+00	2
650	Corte 10–15% de despesas variáveis nesta semana e adie compras não essenciais.	neutra	2025-12-02 21:40:16.743+00	2
651	Corte 10–15% de despesas variáveis nesta semana e adie compras não essenciais.	neutra	2025-12-02 21:49:21.909+00	2
652	Corte 10–15% de despesas variáveis nesta semana e adie compras não essenciais.	neutra	2025-12-02 21:56:36.845+00	2
653	Corte 10–15% de despesas variáveis nesta semana e adie compras não essenciais.	neutra	2025-12-02 22:01:34.967+00	2
654	Corte 10–15% de despesas variáveis nesta semana e adie compras não essenciais.	neutra	2025-12-02 22:01:43.005+00	2
655	Corte 10–15% de despesas variáveis nesta semana e adie compras não essenciais.	neutra	2025-12-02 22:01:48.315+00	2
656	Corte 10–15% de despesas variáveis nesta semana e adie compras não essenciais.	neutra	2025-12-02 22:01:51.028+00	2
657	Corte 10–15% de despesas variáveis nesta semana e adie compras não essenciais.	neutra	2025-12-02 22:01:54.87+00	2
658	Reforce a reserva e avalie aporte extra (1–2%) no Tesouro Selic.	neutra	2025-12-02 22:05:05.482+00	2
659	Reforce a reserva e avalie aporte extra (1–2%) no Tesouro Selic.	neutra	2025-12-02 22:10:01.898+00	2
660	Reforce a reserva e avalie aporte extra (1–2%) no Tesouro Selic.	neutra	2025-12-02 22:10:10.992+00	2
661	Reforce a reserva e avalie aporte extra (1–2%) no Tesouro Selic.	neutra	2025-12-02 22:10:44.137+00	2
662	Reforce a reserva e avalie aporte extra (1–2%) no Tesouro Selic.	neutra	2025-12-02 22:10:47.104+00	2
663	Reforce a reserva e avalie aporte extra (1–2%) no Tesouro Selic.	neutra	2025-12-02 22:11:02.704+00	2
664	Reforce a reserva e avalie aporte extra (1–2%) no Tesouro Selic.	neutra	2025-12-02 22:11:05.962+00	2
665	Reforce a reserva e avalie aporte extra (1–2%) no Tesouro Selic.	neutra	2025-12-02 22:11:34.993+00	2
666	Reforce a reserva e avalie aporte extra (1–2%) no Tesouro Selic.	neutra	2025-12-02 22:11:50.106+00	2
667	Reforce a reserva e avalie aporte extra (1–2%) no Tesouro Selic.	neutra	2025-12-02 22:12:18.604+00	2
668	Reforce a reserva e avalie aporte extra (1–2%) no Tesouro Selic.	neutra	2025-12-02 22:12:22.993+00	2
669	Reforce a reserva e avalie aporte extra (1–2%) no Tesouro Selic.	neutra	2025-12-02 22:12:33.737+00	2
670	Reforce a reserva e avalie aporte extra (1–2%) no Tesouro Selic.	neutra	2025-12-02 22:12:41.48+00	2
671	Reforce a reserva e avalie aporte extra (1–2%) no Tesouro Selic.	neutra	2025-12-02 22:12:49.054+00	2
672	Reforce a reserva e avalie aporte extra (1–2%) no Tesouro Selic.	neutra	2025-12-02 22:14:51.358+00	2
673	Reforce a reserva e avalie aporte extra (1–2%) no Tesouro Selic.	neutra	2025-12-02 22:17:34.975+00	2
674	Reforce a reserva e avalie aporte extra (1–2%) no Tesouro Selic.	neutra	2025-12-02 22:17:38.469+00	2
675	Reforce a reserva e avalie aporte extra (1–2%) no Tesouro Selic.	neutra	2025-12-02 22:17:45.036+00	2
676	Reforce a reserva e avalie aporte extra (1–2%) no Tesouro Selic.	neutra	2025-12-02 22:17:46.181+00	2
677	Reforce a reserva e avalie aporte extra (1–2%) no Tesouro Selic.	neutra	2025-12-02 22:17:47.718+00	2
678	Reforce a reserva e avalie aporte extra (1–2%) no Tesouro Selic.	neutra	2025-12-02 22:18:09.333+00	2
679	Reforce a reserva e avalie aporte extra (1–2%) no Tesouro Selic.	neutra	2025-12-02 22:18:14.43+00	2
680	Reforce a reserva e avalie aporte extra (1–2%) no Tesouro Selic.	neutra	2025-12-02 22:18:17.55+00	2
681	Reforce a reserva e avalie aporte extra (1–2%) no Tesouro Selic.	neutra	2025-12-05 05:07:30.816+00	2
682	Reforce a reserva e avalie aporte extra (1–2%) no Tesouro Selic.	neutra	2025-12-05 14:52:26.505+00	2
683	Reforce a reserva e avalie aporte extra (1–2%) no Tesouro Selic.	neutra	2025-12-05 14:52:38.968+00	2
684	Parabéns! Você conseguiu economizar e manter um caixa saudável neste período.	economia	2025-12-05 16:20:10.952+00	2
685	Você está no caminho certo para bater a meta mensal. Mantenha o ritmo!	meta	2025-12-05 16:20:48.537+00	2
686	Você está no caminho certo para bater a meta mensal. Mantenha o ritmo!	meta	2025-12-05 16:20:48.573+00	2
687	Momento favorável: o saldo atual permite reforçar a reserva com conforto.	oportunidade	2025-12-05 16:21:19.71+00	2
688	Despesas acima do ideal. Reduza gastos pontuais e evite novas compras até estabilizar.	alerta	2025-12-05 16:21:46.345+00	2
689	Reforce a reserva e avalie aporte extra (1–2%) no Tesouro Selic.	neutra	2025-12-05 16:23:33.857+00	2
690	Reforce a reserva e avalie aporte extra (1–2%) no Tesouro Selic.	neutra	2025-12-05 16:23:35.935+00	2
691	Reforce a reserva e avalie aporte extra (1–2%) no Tesouro Selic.	neutra	2025-12-05 21:28:04.513+00	2
692	Reforce a reserva e avalie aporte extra (1–2%) no Tesouro Selic.	neutra	2025-12-05 21:28:06.135+00	2
693	Reforce a reserva e avalie aporte extra (1–2%) no Tesouro Selic.	neutra	2025-12-05 21:28:07.568+00	2
694	Reforce a reserva e avalie aporte extra (1–2%) no Tesouro Selic.	neutra	2025-12-05 21:28:08.2+00	2
695	Reforce a reserva e avalie aporte extra (1–2%) no Tesouro Selic.	neutra	2025-12-05 21:28:22.944+00	2
696	Reforce a reserva e avalie aporte extra (1–2%) no Tesouro Selic.	neutra	2025-12-05 21:28:33.464+00	2
697	Reforce a reserva e avalie aporte extra (1–2%) no Tesouro Selic.	neutra	2025-12-05 21:29:06.367+00	2
698	Reforce a reserva e avalie aporte extra (1–2%) no Tesouro Selic.	neutra	2025-12-05 21:29:09.279+00	2
699	Reforce a reserva e avalie aporte extra (1–2%) no Tesouro Selic.	Economia	2025-12-05 23:51:21.529+00	2
700	Reforce a reserva e avalie aporte extra (1–2%) no Tesouro Selic.	Economia	2025-12-05 23:51:22.871+00	2
701	Reforce a reserva e avalie aporte extra (1–2%) no Tesouro Selic.	Economia	2025-12-05 23:51:25.206+00	2
702	Reforce a reserva e avalie aporte extra (1–2%) no Tesouro Selic.	Economia	2025-12-05 23:51:46.04+00	2
703	Reforce a reserva e avalie aporte extra (1–2%) no Tesouro Selic.	Economia	2025-12-05 23:52:14.024+00	2
704	Reforce a reserva e avalie aporte extra (1–2%) no Tesouro Selic.	Economia	2025-12-06 00:51:25.256+00	2
705	Reforce a reserva e avalie aporte extra (1–2%) no Tesouro Selic.	Economia	2025-12-06 00:51:27.981+00	2
706	Reforce a reserva e avalie aporte extra (1–2%) no Tesouro Selic.	Economia	2025-12-06 00:52:54.989+00	2
707	Reforce a reserva e avalie aporte extra (1–2%) no Tesouro Selic.	Economia	2025-12-06 00:55:28.163+00	2
708	Reforce a reserva e avalie aporte extra (1–2%) no Tesouro Selic.	Economia	2025-12-06 00:55:31.707+00	2
709	Reforce a reserva e avalie aporte extra (1–2%) no Tesouro Selic.	Economia	2025-12-06 00:56:47.044+00	2
710	Reforce a reserva e avalie aporte extra (1–2%) no Tesouro Selic.	Economia	2025-12-06 01:19:53.707+00	2
711	Reforce a reserva e avalie aporte extra (1–2%) no Tesouro Selic.	Economia	2025-12-06 01:19:55.048+00	2
712	Reforce a reserva e avalie aporte extra (1–2%) no Tesouro Selic.	Economia	2025-12-06 01:19:56.68+00	2
713	Reforce a reserva e avalie aporte extra (1–2%) no Tesouro Selic.	Economia	2025-12-06 01:19:58.544+00	2
714	Reforce a reserva e avalie aporte extra (1–2%) no Tesouro Selic.	Economia	2025-12-06 01:22:55.216+00	2
715	Reforce a reserva e avalie aporte extra (1–2%) no Tesouro Selic.	Economia	2025-12-06 01:25:23.15+00	2
716	Reforce a reserva e avalie aporte extra (1–2%) no Tesouro Selic.	Economia	2025-12-06 01:25:26.441+00	2
717	Reforce a reserva e avalie aporte extra (1–2%) no Tesouro Selic.	Economia	2025-12-06 02:07:06.58+00	2
718	Reforce a reserva e avalie aporte extra (1–2%) no Tesouro Selic.	Economia	2025-12-06 02:07:08.958+00	2
719	Reforce a reserva e avalie aporte extra (1–2%) no Tesouro Selic.	Economia	2025-12-06 02:07:35.533+00	2
720	Reforce a reserva e avalie aporte extra (1–2%) no Tesouro Selic.	Economia	2025-12-06 02:07:38.258+00	2
721	Reforce a reserva e avalie aporte extra (1–2%) no Tesouro Selic.	Economia	2025-12-06 02:12:32.268+00	2
722	Reforce a reserva e avalie aporte extra (1–2%) no Tesouro Selic.	Economia	2025-12-06 02:12:33.689+00	2
723	Reforce a reserva e avalie aporte extra (1–2%) no Tesouro Selic.	Economia	2025-12-06 02:12:34.601+00	2
724	Reforce a reserva e avalie aporte extra (1–2%) no Tesouro Selic.	Economia	2025-12-06 02:12:34.88+00	2
725	Reforce a reserva e avalie aporte extra (1–2%) no Tesouro Selic.	Economia	2025-12-06 02:17:35.8+00	2
726	Reforce a reserva e avalie aporte extra (1–2%) no Tesouro Selic.	Economia	2025-12-06 02:17:37.503+00	2
727	Reforce a reserva e avalie aporte extra (1–2%) no Tesouro Selic.	Economia	2025-12-06 02:17:43.071+00	2
728	Reforce a reserva e avalie aporte extra (1–2%) no Tesouro Selic.	Economia	2025-12-06 02:17:44.087+00	2
729	Reforce a reserva e avalie aporte extra (1–2%) no Tesouro Selic.	Economia	2025-12-06 02:17:45.704+00	2
730	Reforce a reserva e avalie aporte extra (1–2%) no Tesouro Selic.	Economia	2025-12-06 02:18:13.344+00	2
731	Reforce a reserva e avalie aporte extra (1–2%) no Tesouro Selic.	Economia	2025-12-06 02:28:39.642+00	2
732	Reforce a reserva e avalie aporte extra (1–2%) no Tesouro Selic.	Economia	2025-12-06 02:28:40.554+00	2
733	Reforce a reserva e avalie aporte extra (1–2%) no Tesouro Selic.	Economia	2025-12-06 15:15:29.194+00	2
734	Reforce a reserva e avalie aporte extra (1–2%) no Tesouro Selic.	Economia	2025-12-06 15:15:30.761+00	2
735	Reforce a reserva e avalie aporte extra (1–2%) no Tesouro Selic.	Economia	2025-12-06 15:15:33.009+00	2
736	Reforce a reserva e avalie aporte extra (1–2%) no Tesouro Selic.	Economia	2025-12-06 15:15:34.617+00	2
737	Reforce a reserva e avalie aporte extra (1–2%) no Tesouro Selic.	Economia	2025-12-06 15:15:41.394+00	2
738	Reforce a reserva e avalie aporte extra (1–2%) no Tesouro Selic.	Economia	2025-12-06 16:24:01.356+00	2
739	Reforce a reserva e avalie aporte extra (1–2%) no Tesouro Selic.	Economia	2025-12-06 16:24:02.955+00	2
740	Reforce a reserva e avalie aporte extra (1–2%) no Tesouro Selic.	Economia	2025-12-06 16:24:08.458+00	2
741	Reforce a reserva e avalie aporte extra (1–2%) no Tesouro Selic.	Economia	2025-12-06 16:47:46.961+00	2
742	Reforce a reserva e avalie aporte extra (1–2%) no Tesouro Selic.	Economia	2025-12-06 16:47:48.92+00	2
743	Reforce a reserva e avalie aporte extra (1–2%) no Tesouro Selic.	Economia	2025-12-06 16:47:53.568+00	2
744	Reforce a reserva e avalie aporte extra (1–2%) no Tesouro Selic.	economia	2025-12-06 17:27:48.344+00	2
745	Reforce a reserva e avalie aporte extra (1–2%) no Tesouro Selic.	economia	2025-12-06 17:27:51.743+00	2
746	Reforce a reserva e avalie aporte extra (1–2%) no Tesouro Selic.	economia	2025-12-06 17:28:10.663+00	2
747	Reforce a reserva e avalie aporte extra (1–2%) no Tesouro Selic.	economia	2025-12-08 17:50:27.689+00	2
748	Reforce a reserva e avalie aporte extra (1–2%) no Tesouro Selic.	economia	2025-12-08 17:50:38.127+00	2
749	Reforce a reserva e avalie aporte extra (1–2%) no Tesouro Selic.	economia	2025-12-08 17:50:39.214+00	2
750	Reforce a reserva e avalie aporte extra (1–2%) no Tesouro Selic.	economia	2025-12-08 21:38:54.616+00	2
751	Reforce a reserva e avalie aporte extra (1–2%) no Tesouro Selic.	economia	2025-12-08 21:38:55.951+00	2
752	Reforce a reserva e avalie aporte extra (1–2%) no Tesouro Selic.	economia	2025-12-08 21:38:56.639+00	2
753	Se continuar nesse ritimo as despesas serão maiores que as receitas	alerta	2025-12-08 21:43:08.736+00	2
754	Reforce a reserva e avalie aporte extra (1–2%) no Tesouro Selic.	economia	2025-12-08 21:43:59.23+00	2
755	Reforce a reserva e avalie aporte extra (1–2%) no Tesouro Selic.	economia	2025-12-08 21:57:10.833+00	2
756	Reforce a reserva e avalie aporte extra (1–2%) no Tesouro Selic.	economia	2025-12-08 22:00:03.887+00	2
757	Reforce a reserva e avalie aporte extra (1–2%) no Tesouro Selic.	economia	2025-12-08 23:14:11.12+00	2
758	Reforce a reserva e avalie aporte extra (1–2%) no Tesouro Selic.	economia	2025-12-08 23:15:10.622+00	2
759	Reforce a reserva e avalie aporte extra (1–2%) no Tesouro Selic.	economia	2025-12-09 00:49:37.785+00	2
760	ALERTA de estoque CRÍTICO: o produto 'Cama pet' está com saldo de 0 unidade(s). Risco de perda de venda. Priorize a reposição imediatamente.	alerta	2025-12-09 15:07:34.817+00	2
761	ALERTA de estoque CRÍTICO: o produto 'Cama pet' está com saldo de 0 unidade(s). Risco de perda de venda. Priorize a reposição imediatamente.	alerta	2025-12-09 15:07:41.629+00	2
762	ALERTA de estoque CRÍTICO: o produto 'Cama pet' está com saldo de 0 unidade(s). Risco de perda de venda. Priorize a reposição imediatamente.	alerta	2025-12-09 15:16:01.487+00	2
763	ALERTA de estoque CRÍTICO: o produto 'Cama pet' está com saldo de 0 unidade(s). Risco de perda de venda. Priorize a reposição imediatamente.	alerta	2025-12-09 15:16:15.471+00	2
764	ALERTA de estoque CRÍTICO: o produto 'Cama pet' está com saldo de 0 unidade(s). Risco de perda de venda. Priorize a reposição imediatamente.	alerta	2025-12-09 16:09:46.68+00	2
765	ALERTA de estoque CRÍTICO: o produto 'Cama pet' está com saldo de 0 unidade(s). Risco de perda de venda. Priorize a reposição imediatamente.	alerta	2025-12-09 16:10:00.686+00	2
766	ALERTA de estoque CRÍTICO: o produto 'Cama pet' está com saldo de 0 unidade(s). Risco de perda de venda. Priorize a reposição imediatamente.	alerta	2025-12-09 16:15:38.674+00	2
767	ALERTA de estoque CRÍTICO: o produto 'Cama pet' está com saldo de 0 unidade(s). Risco de perda de venda. Priorize a reposição imediatamente.	alerta	2025-12-09 18:44:26.715+00	2
768	Lote perto de vencer: o produto 'Ração Premium 10kg' (lote 'sem código') vence em 0 dia(s) (validade 09/12/2025) com 20 unidade(s) em estoque.	alerta	2025-12-09 18:45:26.718+00	2
769	ALERTA de estoque CRÍTICO: o produto 'Cama pet' está com saldo de 0 unidade(s). Risco de perda de venda. Priorize a reposição imediatamente.	alerta	2025-12-09 18:45:47.221+00	2
770	Lote perto de vencer: o produto 'Ração Premium 10kg' (lote 'sem código') vence em 0 dia(s) (validade 09/12/2025) com 20 unidade(s) em estoque.	alerta	2025-12-09 20:14:06.59+00	2
771	Lote perto de vencer: o produto 'Ração Premium 10kg' (lote 'sem código') vence em 0 dia(s) (validade 09/12/2025) com 20 unidade(s) em estoque.	alerta	2025-12-09 20:14:09.419+00	2
772	ALERTA de estoque CRÍTICO: o produto 'Cama pet' está com saldo de 0 unidade(s). Risco de perda de venda. Priorize a reposição imediatamente.	alerta	2025-12-10 22:48:49.645+00	2
773	Reforce a reserva e avalie aporte extra (1–2%) no Tesouro Selic.	economia	2025-12-10 22:48:53.206+00	2
774	ALERTA de estoque CRÍTICO: o produto 'Cama pet' está com saldo de 0 unidade(s). Risco de perda de venda. Priorize a reposição imediatamente.	alerta	2025-12-10 23:22:23.105+00	2
775	Reforce a reserva e avalie aporte extra (1–2%) no Tesouro Selic.	economia	2025-12-10 23:22:31.353+00	2
776	ALERTA de estoque CRÍTICO: o produto 'Cama pet' está com saldo de 0 unidade(s). Risco de perda de venda. Priorize a reposição imediatamente.	alerta	2025-12-10 23:23:44.397+00	2
777	Reforce a reserva e avalie aporte extra (1–2%) no Tesouro Selic.	economia	2025-12-10 23:25:05.814+00	2
778	Reforce a reserva e avalie aporte extra (1–2%) no Tesouro Selic.	economia	2025-12-10 23:26:35.504+00	2
779	Reforce a reserva e avalie aporte extra (1–2%) no Tesouro Selic.	economia	2025-12-10 23:27:17.512+00	2
780	Reforce a reserva e avalie aporte extra (1–2%) no Tesouro Selic.	economia	2025-12-10 23:27:54.644+00	2
781	Reforce a reserva e avalie aporte extra (1–2%) no Tesouro Selic.	economia	2025-12-10 23:28:00.509+00	2
782	Reforce a reserva e avalie aporte extra (1–2%) no Tesouro Selic.	economia	2025-12-10 23:28:03.55+00	2
783	ALERTA de estoque CRÍTICO: o produto 'Cama pet' está com saldo de 0 unidade(s). Risco de perda de venda. Priorize a reposição imediatamente.	alerta	2025-12-10 23:52:59.346+00	2
784	Reforce a reserva e avalie aporte extra (1–2%) no Tesouro Selic.	economia	2025-12-11 00:00:18.953+00	2
785	Reforce a reserva e avalie aporte extra (1–2%) no Tesouro Selic.	economia	2025-12-11 00:00:33.29+00	2
786	ALERTA de estoque CRÍTICO: o produto 'Cama pet' está com saldo de 0 unidade(s). Risco de perda de venda. Priorize a reposição imediatamente.	alerta	2025-12-11 01:16:27.563+00	2
787	Reforce a reserva e avalie aporte extra (1–2%) no Tesouro Selic.	economia	2025-12-11 01:16:38.502+00	2
788	ALERTA de estoque CRÍTICO: o produto 'Cama pet' está com saldo de 0 unidade(s). Risco de perda de venda. Priorize a reposição imediatamente.	alerta	2025-12-11 01:27:29.259+00	2
789	ALERTA de estoque CRÍTICO: o produto 'Cama pet' está com saldo de 0 unidade(s). Risco de perda de venda. Priorize a reposição imediatamente.	alerta	2025-12-11 01:29:59.319+00	2
790	ALERTA de estoque CRÍTICO: o produto 'Cama pet' está com saldo de 0 unidade(s). Risco de perda de venda. Priorize a reposição imediatamente.	alerta	2025-12-11 01:30:00.649+00	2
791	ALERTA de estoque CRÍTICO: o produto 'Cama pet' está com saldo de 0 unidade(s). Risco de perda de venda. Priorize a reposição imediatamente.	alerta	2025-12-11 01:30:01.903+00	2
792	ALERTA de estoque CRÍTICO: o produto 'Cama pet' está com saldo de 0 unidade(s). Risco de perda de venda. Priorize a reposição imediatamente.	alerta	2025-12-11 01:33:58.285+00	2
793	ALERTA de estoque CRÍTICO: o produto 'Cama pet' está com saldo de 0 unidade(s). Risco de perda de venda. Priorize a reposição imediatamente.	alerta	2025-12-11 01:34:22.104+00	2
794	ALERTA de estoque CRÍTICO: o produto 'Cama pet' está com saldo de 0 unidade(s). Risco de perda de venda. Priorize a reposição imediatamente.	alerta	2025-12-11 01:34:23.779+00	2
795	Reforce a reserva e avalie aporte extra (1–2%) no Tesouro Selic.	economia	2025-12-11 01:34:30.11+00	2
796	Reforce a reserva e avalie aporte extra (1–2%) no Tesouro Selic.	economia	2025-12-11 01:34:58.671+00	2
797	Reforce a reserva e avalie aporte extra (1–2%) no Tesouro Selic.	economia	2025-12-11 01:35:03.436+00	2
798	Reforce a reserva e avalie aporte extra (1–2%) no Tesouro Selic.	economia	2025-12-11 01:35:21.068+00	2
799	ALERTA de estoque CRÍTICO: o produto 'Cama pet' está com saldo de 0 unidade(s). Risco de perda de venda. Priorize a reposição imediatamente.	alerta	2025-12-11 01:35:36.419+00	2
800	ALERTA de estoque CRÍTICO: o produto 'Cama pet' está com saldo de 0 unidade(s). Risco de perda de venda. Priorize a reposição imediatamente.	alerta	2025-12-11 01:35:51.618+00	2
801	Reforce a reserva e avalie aporte extra (1–2%) no Tesouro Selic.	economia	2025-12-11 01:36:00.3+00	2
802	Reforce a reserva e avalie aporte extra (1–2%) no Tesouro Selic.	economia	2025-12-11 01:36:13.381+00	2
803	ALERTA de estoque CRÍTICO: o produto 'Cama pet' está com saldo de 0 unidade(s). Risco de perda de venda. Priorize a reposição imediatamente.	alerta	2025-12-11 01:37:41.849+00	2
804	ALERTA de estoque CRÍTICO: o produto 'Cama pet' está com saldo de 0 unidade(s). Risco de perda de venda. Priorize a reposição imediatamente.	alerta	2025-12-11 01:37:43.432+00	2
805	ALERTA de estoque CRÍTICO: o produto 'Cama pet' está com saldo de 0 unidade(s). Risco de perda de venda. Priorize a reposição imediatamente.	alerta	2025-12-11 01:37:45.757+00	2
806	ALERTA de estoque CRÍTICO: o produto 'Cama pet' está com saldo de 0 unidade(s). Risco de perda de venda. Priorize a reposição imediatamente.	alerta	2025-12-11 01:37:48.419+00	2
807	ALERTA de estoque CRÍTICO: o produto 'Cama pet' está com saldo de 0 unidade(s). Risco de perda de venda. Priorize a reposição imediatamente.	alerta	2025-12-11 01:37:48.904+00	2
808	ALERTA de estoque CRÍTICO: o produto 'Cama pet' está com saldo de 0 unidade(s). Risco de perda de venda. Priorize a reposição imediatamente.	alerta	2025-12-11 01:37:49.16+00	2
809	Reforce a reserva e avalie aporte extra (1–2%) no Tesouro Selic.	economia	2025-12-11 01:38:42.308+00	2
810	ALERTA de estoque CRÍTICO: o produto 'Cama pet' está com saldo de 0 unidade(s). Risco de perda de venda. Priorize a reposição imediatamente.	alerta	2025-12-11 01:43:33.336+00	2
811	Reforce a reserva e avalie aporte extra (1–2%) no Tesouro Selic.	economia	2025-12-11 01:43:39.69+00	2
812	ALERTA de estoque CRÍTICO: o produto 'Cama pet' está com saldo de 0 unidade(s). Risco de perda de venda. Priorize a reposição imediatamente.	alerta	2025-12-11 01:44:20.622+00	2
813	ALERTA de estoque CRÍTICO: o produto 'Cama pet' está com saldo de 0 unidade(s). Risco de perda de venda. Priorize a reposição imediatamente.	alerta	2025-12-11 01:44:22.459+00	2
814	ALERTA de estoque CRÍTICO: o produto 'Cama pet' está com saldo de 0 unidade(s). Risco de perda de venda. Priorize a reposição imediatamente.	alerta	2025-12-11 01:45:41.166+00	2
815	ALERTA de estoque CRÍTICO: o produto 'Cama pet' está com saldo de 0 unidade(s). Risco de perda de venda. Priorize a reposição imediatamente.	alerta	2025-12-11 01:45:44.534+00	2
816	ALERTA de estoque CRÍTICO: o produto 'Cama pet' está com saldo de 0 unidade(s). Risco de perda de venda. Priorize a reposição imediatamente.	alerta	2025-12-11 01:45:45.702+00	2
817	ALERTA de estoque CRÍTICO: o produto 'Cama pet' está com saldo de 0 unidade(s). Risco de perda de venda. Priorize a reposição imediatamente.	alerta	2025-12-11 01:48:12.669+00	2
818	ALERTA de estoque CRÍTICO: o produto 'Cama pet' está com saldo de 0 unidade(s). Risco de perda de venda. Priorize a reposição imediatamente.	alerta	2025-12-11 01:52:01.294+00	2
819	ALERTA de estoque CRÍTICO: o produto 'Cama pet' está com saldo de 0 unidade(s). Risco de perda de venda. Priorize a reposição imediatamente.	alerta	2025-12-11 01:58:17.922+00	2
820	ALERTA de estoque CRÍTICO: o produto 'Cama pet' está com saldo de 0 unidade(s). Risco de perda de venda. Priorize a reposição imediatamente.	alerta	2025-12-11 01:58:27.957+00	2
821	ALERTA de estoque CRÍTICO: o produto 'Cama pet' está com saldo de 0 unidade(s). Risco de perda de venda. Priorize a reposição imediatamente.	alerta	2025-12-11 01:58:29.422+00	2
822	ALERTA de estoque CRÍTICO: o produto 'Cama pet' está com saldo de 0 unidade(s). Risco de perda de venda. Priorize a reposição imediatamente.	alerta	2025-12-11 01:58:30.726+00	2
823	Reforce a reserva e avalie aporte extra (1–2%) no Tesouro Selic.	economia	2025-12-11 01:58:44.246+00	2
824	ALERTA de estoque CRÍTICO: o produto 'Cama pet' está com saldo de 0 unidade(s). Risco de perda de venda. Priorize a reposição imediatamente.	alerta	2025-12-11 01:59:07.121+00	2
825	ALERTA de estoque CRÍTICO: o produto 'Cama pet' está com saldo de 0 unidade(s). Risco de perda de venda. Priorize a reposição imediatamente.	alerta	2025-12-11 01:59:08.363+00	2
826	ALERTA de estoque CRÍTICO: o produto 'Cama pet' está com saldo de 0 unidade(s). Risco de perda de venda. Priorize a reposição imediatamente.	alerta	2025-12-11 01:59:09.902+00	2
827	ALERTA de estoque CRÍTICO: o produto 'Cama pet' está com saldo de 0 unidade(s). Risco de perda de venda. Priorize a reposição imediatamente.	alerta	2025-12-11 01:59:22.727+00	2
828	ALERTA de estoque CRÍTICO: o produto 'Cama pet' está com saldo de 0 unidade(s). Risco de perda de venda. Priorize a reposição imediatamente.	alerta	2025-12-11 02:00:29.578+00	2
829	Reforce a reserva e avalie aporte extra (1–2%) no Tesouro Selic.	economia	2025-12-11 02:00:37.985+00	2
830	ALERTA de estoque CRÍTICO: o produto 'Cama pet' está com saldo de 0 unidade(s). Risco de perda de venda. Priorize a reposição imediatamente.	alerta	2025-12-11 02:00:51.631+00	2
831	Reforce a reserva e avalie aporte extra (1–2%) no Tesouro Selic.	economia	2025-12-11 02:04:18.233+00	2
832	ALERTA de estoque CRÍTICO: o produto 'Cama pet' está com saldo de 0 unidade(s). Risco de perda de venda. Priorize a reposição imediatamente.	alerta	2025-12-11 02:07:00.357+00	2
833	Reforce a reserva e avalie aporte extra (1–2%) no Tesouro Selic.	economia	2025-12-11 02:07:04.08+00	2
834	ALERTA de estoque CRÍTICO: o produto 'Cama pet' está com saldo de 0 unidade(s). Risco de perda de venda. Priorize a reposição imediatamente.	alerta	2025-12-11 02:09:15.765+00	2
835	ALERTA de estoque CRÍTICO: o produto 'Cama pet' está com saldo de 0 unidade(s). Risco de perda de venda. Priorize a reposição imediatamente.	alerta	2025-12-11 02:09:17.051+00	2
836	ALERTA de estoque CRÍTICO: o produto 'Cama pet' está com saldo de 0 unidade(s). Risco de perda de venda. Priorize a reposição imediatamente.	alerta	2025-12-11 02:09:18.662+00	2
837	ALERTA de estoque CRÍTICO: o produto 'Cama pet' está com saldo de 0 unidade(s). Risco de perda de venda. Priorize a reposição imediatamente.	alerta	2025-12-11 02:09:19.07+00	2
838	ALERTA de estoque CRÍTICO: o produto 'Cama pet' está com saldo de 0 unidade(s). Risco de perda de venda. Priorize a reposição imediatamente.	alerta	2025-12-11 02:09:19.328+00	2
839	ALERTA de estoque CRÍTICO: o produto 'Cama pet' está com saldo de 0 unidade(s). Risco de perda de venda. Priorize a reposição imediatamente.	alerta	2025-12-11 02:09:19.534+00	2
840	ALERTA de estoque CRÍTICO: o produto 'Cama pet' está com saldo de 0 unidade(s). Risco de perda de venda. Priorize a reposição imediatamente.	alerta	2025-12-11 02:09:19.775+00	2
841	ALERTA de estoque CRÍTICO: o produto 'Cama pet' está com saldo de 0 unidade(s). Risco de perda de venda. Priorize a reposição imediatamente.	alerta	2025-12-11 02:09:38.548+00	2
842	Reforce a reserva e avalie aporte extra (1–2%) no Tesouro Selic.	economia	2025-12-11 02:09:48.592+00	2
843	Reforce a reserva e avalie aporte extra (1–2%) no Tesouro Selic.	economia	2025-12-11 02:09:55.726+00	2
844	ALERTA de estoque CRÍTICO: o produto 'Cama pet' está com saldo de 0 unidade(s). Risco de perda de venda. Priorize a reposição imediatamente.	alerta	2025-12-11 02:27:57.09+00	2
845	Reforce a reserva e avalie aporte extra (1–2%) no Tesouro Selic.	economia	2025-12-11 02:28:13.096+00	2
846	ALERTA de estoque CRÍTICO: o produto 'Cama pet' está com saldo de 0 unidade(s). Risco de perda de venda. Priorize a reposição imediatamente.	alerta	2025-12-11 02:28:13.117+00	2
847	Reforce a reserva e avalie aporte extra (1–2%) no Tesouro Selic.	economia	2025-12-11 02:28:19.748+00	2
848	ALERTA de estoque CRÍTICO: o produto 'Cama pet' está com saldo de 0 unidade(s). Risco de perda de venda. Priorize a reposição imediatamente.	alerta	2025-12-11 02:28:19.771+00	2
849	ALERTA de estoque CRÍTICO: o produto 'Cama pet' está com saldo de 0 unidade(s). Risco de perda de venda. Priorize a reposição imediatamente.	alerta	2025-12-11 03:07:01.088+00	2
850	ALERTA de estoque CRÍTICO: o produto 'Cama pet' está com saldo de 0 unidade(s). Risco de perda de venda. Priorize a reposição imediatamente.	alerta	2025-12-11 03:10:54.633+00	2
851	ALERTA de estoque CRÍTICO: o produto 'Cama pet' está com saldo de 0 unidade(s). Risco de perda de venda. Priorize a reposição imediatamente.	alerta	2025-12-11 03:11:32.864+00	2
852	Reforce a reserva e avalie aporte extra (1–2%) no Tesouro Selic.	economia	2025-12-11 03:11:38.245+00	2
853	ALERTA de estoque CRÍTICO: o produto 'Cama pet' está com saldo de 0 unidade(s). Risco de perda de venda. Priorize a reposição imediatamente.	alerta	2025-12-11 03:11:38.266+00	2
854	ALERTA de estoque CRÍTICO: o produto 'Cama pet' está com saldo de 0 unidade(s). Risco de perda de venda. Priorize a reposição imediatamente.	alerta	2025-12-11 03:12:19.663+00	2
855	ALERTA de estoque CRÍTICO: o produto 'Cama pet' está com saldo de 0 unidade(s). Risco de perda de venda. Priorize a reposição imediatamente.	alerta	2025-12-11 03:12:41.847+00	2
856	ALERTA de estoque CRÍTICO: o produto 'Cama pet' está com saldo de 0 unidade(s). Risco de perda de venda. Priorize a reposição imediatamente.	alerta	2025-12-11 03:13:47.248+00	2
857	ALERTA de estoque CRÍTICO: o produto 'Cama pet' está com saldo de 0 unidade(s). Risco de perda de venda. Priorize a reposição imediatamente.	alerta	2025-12-11 03:19:28.353+00	2
858	Reforce a reserva e avalie aporte extra (1–2%) no Tesouro Selic.	economia	2025-12-11 03:19:56.519+00	2
859	ALERTA de estoque CRÍTICO: o produto 'Cama pet' está com saldo de 0 unidade(s). Risco de perda de venda. Priorize a reposição imediatamente.	alerta	2025-12-11 03:19:56.54+00	2
860	ALERTA de estoque CRÍTICO: o produto 'Cama pet' está com saldo de 0 unidade(s). Risco de perda de venda. Priorize a reposição imediatamente.	alerta	2025-12-11 03:23:17.132+00	2
861	ALERTA de estoque CRÍTICO: o produto 'Cama pet' está com saldo de 0 unidade(s). Risco de perda de venda. Priorize a reposição imediatamente.	alerta	2025-12-11 03:24:03.851+00	2
862	ALERTA de estoque CRÍTICO: o produto 'Cama pet' está com saldo de 0 unidade(s). Risco de perda de venda. Priorize a reposição imediatamente.	alerta	2025-12-11 03:24:32.675+00	2
863	ALERTA de estoque CRÍTICO: o produto 'Cama pet' está com saldo de 0 unidade(s). Risco de perda de venda. Priorize a reposição imediatamente.	alerta	2025-12-11 03:24:44.827+00	2
864	ALERTA de estoque CRÍTICO: o produto 'Cama pet' está com saldo de 0 unidade(s). Risco de perda de venda. Priorize a reposição imediatamente.	alerta	2025-12-11 03:24:58.681+00	2
865	ALERTA de estoque CRÍTICO: o produto 'Cama pet' está com saldo de 0 unidade(s). Risco de perda de venda. Priorize a reposição imediatamente.	alerta	2025-12-11 03:25:09.786+00	2
866	ALERTA de estoque CRÍTICO: o produto 'Cama pet' está com saldo de 0 unidade(s). Risco de perda de venda. Priorize a reposição imediatamente.	alerta	2025-12-11 03:31:24.985+00	2
867	Reforce a reserva e avalie aporte extra (1–2%) no Tesouro Selic.	economia	2025-12-11 03:31:40.401+00	2
868	ALERTA de estoque CRÍTICO: o produto 'Cama pet' está com saldo de 0 unidade(s). Risco de perda de venda. Priorize a reposição imediatamente.	alerta	2025-12-11 03:31:40.422+00	2
869	ALERTA de estoque CRÍTICO: o produto 'Cama pet' está com saldo de 0 unidade(s). Risco de perda de venda. Priorize a reposição imediatamente.	alerta	2025-12-11 03:33:34.413+00	2
870	ALERTA de estoque CRÍTICO: o produto 'Cama pet' está com saldo de 0 unidade(s). Risco de perda de venda. Priorize a reposição imediatamente.	alerta	2025-12-11 03:33:35.853+00	2
871	ALERTA de estoque CRÍTICO: o produto 'Cama pet' está com saldo de 0 unidade(s). Risco de perda de venda. Priorize a reposição imediatamente.	alerta	2025-12-11 03:34:05.693+00	2
872	ALERTA de estoque CRÍTICO: o produto 'Cama pet' está com saldo de 0 unidade(s). Risco de perda de venda. Priorize a reposição imediatamente.	alerta	2025-12-11 03:41:15.456+00	2
873	Reforce a reserva e avalie aporte extra (1–2%) no Tesouro Selic.	economia	2025-12-11 03:41:28.437+00	2
874	ALERTA de estoque CRÍTICO: o produto 'Cama pet' está com saldo de 0 unidade(s). Risco de perda de venda. Priorize a reposição imediatamente.	alerta	2025-12-11 03:41:28.458+00	2
875	Reforce a reserva e avalie aporte extra (1–2%) no Tesouro Selic.	economia	2025-12-11 03:45:54.308+00	2
876	ALERTA de estoque CRÍTICO: o produto 'Cama pet' está com saldo de 0 unidade(s). Risco de perda de venda. Priorize a reposição imediatamente.	alerta	2025-12-11 03:45:54.331+00	2
877	ALERTA de estoque CRÍTICO: o produto 'Cama pet' está com saldo de 0 unidade(s). Risco de perda de venda. Priorize a reposição imediatamente.	alerta	2025-12-11 03:50:26+00	2
878	ALERTA de estoque CRÍTICO: o produto 'Cama pet' está com saldo de 0 unidade(s). Risco de perda de venda. Priorize a reposição imediatamente.	alerta	2025-12-11 03:50:51.676+00	2
879	ALERTA de estoque CRÍTICO: o produto 'Cama pet' está com saldo de 0 unidade(s). Risco de perda de venda. Priorize a reposição imediatamente.	alerta	2025-12-11 14:04:03.467+00	2
880	ALERTA de estoque CRÍTICO: o produto 'Cama pet' está com saldo de 0 unidade(s). Risco de perda de venda. Priorize a reposição imediatamente.	alerta	2025-12-11 14:04:09.487+00	2
881	ALERTA de estoque CRÍTICO: o produto 'Cama pet' está com saldo de 0 unidade(s). Risco de perda de venda. Priorize a reposição imediatamente.	alerta	2025-12-11 14:04:13.411+00	2
882	ALERTA de estoque CRÍTICO: o produto 'Cama pet' está com saldo de 0 unidade(s). Risco de perda de venda. Priorize a reposição imediatamente.	alerta	2025-12-11 14:04:14.961+00	2
883	Reforce a reserva e avalie aporte extra (1–2%) no Tesouro Selic.	economia	2025-12-11 14:04:15.947+00	2
884	ALERTA de estoque CRÍTICO: o produto 'Cama pet' está com saldo de 0 unidade(s). Risco de perda de venda. Priorize a reposição imediatamente.	alerta	2025-12-11 14:04:15.973+00	2
885	ALERTA de estoque CRÍTICO: o produto 'Cama pet' está com saldo de 0 unidade(s). Risco de perda de venda. Priorize a reposição imediatamente.	alerta	2025-12-11 14:04:19.057+00	2
886	ALERTA de estoque CRÍTICO: o produto 'Cama pet' está com saldo de 0 unidade(s). Risco de perda de venda. Priorize a reposição imediatamente.	alerta	2025-12-11 14:04:34.609+00	2
887	ALERTA de estoque CRÍTICO: o produto 'Cama pet' está com saldo de 0 unidade(s). Risco de perda de venda. Priorize a reposição imediatamente.	alerta	2025-12-11 14:05:43.666+00	2
888	ALERTA de estoque CRÍTICO: o produto 'Cama pet' está com saldo de 0 unidade(s). Risco de perda de venda. Priorize a reposição imediatamente.	alerta	2025-12-11 14:05:46.521+00	2
889	ALERTA de estoque CRÍTICO: o produto 'Cama pet' está com saldo de 0 unidade(s). Risco de perda de venda. Priorize a reposição imediatamente.	alerta	2025-12-11 14:05:56.114+00	2
890	ALERTA de estoque CRÍTICO: o produto 'Cama pet' está com saldo de 0 unidade(s). Risco de perda de venda. Priorize a reposição imediatamente.	alerta	2025-12-11 14:06:03.162+00	2
891	ALERTA de estoque CRÍTICO: o produto 'Cama pet' está com saldo de 0 unidade(s). Risco de perda de venda. Priorize a reposição imediatamente.	alerta	2025-12-11 14:10:24.833+00	2
892	ALERTA de estoque CRÍTICO: o produto 'Cama pet' está com saldo de 0 unidade(s). Risco de perda de venda. Priorize a reposição imediatamente.	alerta	2025-12-11 14:10:30.215+00	2
893	ALERTA de estoque CRÍTICO: o produto 'Cama pet' está com saldo de 0 unidade(s). Risco de perda de venda. Priorize a reposição imediatamente.	alerta	2025-12-11 14:21:12.246+00	2
894	ALERTA de estoque CRÍTICO: o produto 'Cama pet' está com saldo de 0 unidade(s). Risco de perda de venda. Priorize a reposição imediatamente.	alerta	2025-12-11 14:21:16.692+00	2
895	ALERTA de estoque CRÍTICO: o produto 'Cama pet' está com saldo de 0 unidade(s). Risco de perda de venda. Priorize a reposição imediatamente.	alerta	2025-12-11 14:21:17.563+00	2
896	ALERTA de estoque CRÍTICO: o produto 'Cama pet' está com saldo de 0 unidade(s). Risco de perda de venda. Priorize a reposição imediatamente.	alerta	2025-12-11 14:21:21.307+00	2
897	Reforce a reserva e avalie aporte extra (1–2%) no Tesouro Selic.	economia	2025-12-11 14:21:25.875+00	2
898	ALERTA de estoque CRÍTICO: o produto 'Cama pet' está com saldo de 0 unidade(s). Risco de perda de venda. Priorize a reposição imediatamente.	alerta	2025-12-11 14:21:25.895+00	2
899	ALERTA de estoque CRÍTICO: o produto 'Cama pet' está com saldo de 0 unidade(s). Risco de perda de venda. Priorize a reposição imediatamente.	alerta	2025-12-11 14:21:28.194+00	2
900	ALERTA de estoque CRÍTICO: o produto 'Cama pet' está com saldo de 0 unidade(s). Risco de perda de venda. Priorize a reposição imediatamente.	alerta	2025-12-11 14:21:35.338+00	2
901	ALERTA de estoque CRÍTICO: o produto 'Cama pet' está com saldo de 0 unidade(s). Risco de perda de venda. Priorize a reposição imediatamente.	alerta	2025-12-11 14:21:50.265+00	2
902	ALERTA de estoque CRÍTICO: o produto 'Cama pet' está com saldo de 0 unidade(s). Risco de perda de venda. Priorize a reposição imediatamente.	alerta	2025-12-11 14:24:51.217+00	2
903	ALERTA de estoque CRÍTICO: o produto 'Cama pet' está com saldo de 0 unidade(s). Risco de perda de venda. Priorize a reposição imediatamente.	alerta	2025-12-11 14:24:53.784+00	2
904	ALERTA de estoque CRÍTICO: o produto 'Cama pet' está com saldo de 0 unidade(s). Risco de perda de venda. Priorize a reposição imediatamente.	alerta	2025-12-11 14:24:54.473+00	2
905	ALERTA de estoque CRÍTICO: o produto 'Cama pet' está com saldo de 0 unidade(s). Risco de perda de venda. Priorize a reposição imediatamente.	alerta	2025-12-11 14:24:58.016+00	2
906	ALERTA de estoque CRÍTICO: o produto 'Cama pet' está com saldo de 0 unidade(s). Risco de perda de venda. Priorize a reposição imediatamente.	alerta	2025-12-11 14:24:58.793+00	2
907	ALERTA de estoque CRÍTICO: o produto 'Cama pet' está com saldo de 0 unidade(s). Risco de perda de venda. Priorize a reposição imediatamente.	alerta	2025-12-11 14:25:12.358+00	2
908	ALERTA de estoque CRÍTICO: o produto 'Cama pet' está com saldo de 0 unidade(s). Risco de perda de venda. Priorize a reposição imediatamente.	alerta	2025-12-11 14:25:15.306+00	2
909	Reforce a reserva e avalie aporte extra (1–2%) no Tesouro Selic.	economia	2025-12-11 14:25:19.89+00	2
910	ALERTA de estoque CRÍTICO: o produto 'Cama pet' está com saldo de 0 unidade(s). Risco de perda de venda. Priorize a reposição imediatamente.	alerta	2025-12-11 14:25:19.91+00	2
911	ALERTA de estoque CRÍTICO: o produto 'Cama pet' está com saldo de 0 unidade(s). Risco de perda de venda. Priorize a reposição imediatamente.	alerta	2025-12-11 14:25:22.137+00	2
912	ALERTA de estoque CRÍTICO: o produto 'Cama pet' está com saldo de 0 unidade(s). Risco de perda de venda. Priorize a reposição imediatamente.	alerta	2025-12-11 14:25:54.985+00	2
913	Reforce a reserva e avalie aporte extra (1–2%) no Tesouro Selic.	economia	2025-12-11 14:25:58.41+00	2
914	ALERTA de estoque CRÍTICO: o produto 'Cama pet' está com saldo de 0 unidade(s). Risco de perda de venda. Priorize a reposição imediatamente.	alerta	2025-12-11 14:25:58.43+00	2
915	ALERTA de estoque CRÍTICO: o produto 'Cama pet' está com saldo de 0 unidade(s). Risco de perda de venda. Priorize a reposição imediatamente.	alerta	2025-12-11 14:26:02.079+00	2
916	ALERTA de estoque CRÍTICO: o produto 'Cama pet' está com saldo de 0 unidade(s). Risco de perda de venda. Priorize a reposição imediatamente.	alerta	2025-12-11 14:26:03.431+00	2
917	ALERTA de estoque CRÍTICO: o produto 'Cama pet' está com saldo de 0 unidade(s). Risco de perda de venda. Priorize a reposição imediatamente.	alerta	2025-12-11 14:26:09.751+00	2
918	ALERTA de estoque CRÍTICO: o produto 'Cama pet' está com saldo de 0 unidade(s). Risco de perda de venda. Priorize a reposição imediatamente.	alerta	2025-12-11 14:28:39.77+00	2
919	ALERTA de estoque CRÍTICO: o produto 'Cama pet' está com saldo de 0 unidade(s). Risco de perda de venda. Priorize a reposição imediatamente.	alerta	2025-12-11 14:29:01.488+00	2
920	ALERTA de estoque CRÍTICO: o produto 'Cama pet' está com saldo de 0 unidade(s). Risco de perda de venda. Priorize a reposição imediatamente.	alerta	2025-12-11 14:40:37.593+00	2
921	ALERTA de estoque CRÍTICO: o produto 'Cama pet' está com saldo de 0 unidade(s). Risco de perda de venda. Priorize a reposição imediatamente.	alerta	2025-12-11 14:40:44.724+00	2
922	ALERTA de estoque CRÍTICO: o produto 'Cama pet' está com saldo de 0 unidade(s). Risco de perda de venda. Priorize a reposição imediatamente.	alerta	2025-12-11 14:49:00.905+00	2
923	ALERTA de estoque CRÍTICO: o produto 'Cama pet' está com saldo de 0 unidade(s). Risco de perda de venda. Priorize a reposição imediatamente.	alerta	2025-12-11 14:56:03.347+00	2
924	ALERTA de estoque CRÍTICO: o produto 'Cama pet' está com saldo de 0 unidade(s). Risco de perda de venda. Priorize a reposição imediatamente.	alerta	2025-12-11 14:56:08.443+00	2
925	ALERTA de estoque CRÍTICO: o produto 'Cama pet' está com saldo de 0 unidade(s). Risco de perda de venda. Priorize a reposição imediatamente.	alerta	2025-12-11 14:56:33.01+00	2
926	ALERTA de estoque CRÍTICO: o produto 'Cama pet' está com saldo de 0 unidade(s). Risco de perda de venda. Priorize a reposição imediatamente.	alerta	2025-12-11 14:57:14.003+00	2
927	ALERTA de estoque CRÍTICO: o produto 'Cama pet' está com saldo de 0 unidade(s). Risco de perda de venda. Priorize a reposição imediatamente.	alerta	2025-12-11 14:57:56.626+00	2
928	Reforce a reserva e avalie aporte extra (1–2%) no Tesouro Selic.	economia	2025-12-11 14:58:22.027+00	2
929	ALERTA de estoque CRÍTICO: o produto 'Cama pet' está com saldo de 0 unidade(s). Risco de perda de venda. Priorize a reposição imediatamente.	alerta	2025-12-11 14:58:22.047+00	2
930	ALERTA de estoque CRÍTICO: o produto 'Cama pet' está com saldo de 0 unidade(s). Risco de perda de venda. Priorize a reposição imediatamente.	alerta	2025-12-11 14:58:24.593+00	2
931	Reforce a reserva e avalie aporte extra (1–2%) no Tesouro Selic.	economia	2025-12-11 14:58:51.676+00	2
932	ALERTA de estoque CRÍTICO: o produto 'Cama pet' está com saldo de 0 unidade(s). Risco de perda de venda. Priorize a reposição imediatamente.	alerta	2025-12-11 14:58:51.7+00	2
933	ALERTA de estoque CRÍTICO: o produto 'Cama pet' está com saldo de 0 unidade(s). Risco de perda de venda. Priorize a reposição imediatamente.	alerta	2025-12-11 14:59:02.091+00	2
934	ALERTA de estoque CRÍTICO: o produto 'Cama pet' está com saldo de 0 unidade(s). Risco de perda de venda. Priorize a reposição imediatamente.	alerta	2025-12-11 15:00:48.065+00	2
935	Reforce a reserva e avalie aporte extra (1–2%) no Tesouro Selic.	economia	2025-12-11 15:01:10.27+00	2
936	ALERTA de estoque CRÍTICO: o produto 'Cama pet' está com saldo de 0 unidade(s). Risco de perda de venda. Priorize a reposição imediatamente.	alerta	2025-12-11 15:01:10.29+00	2
937	ALERTA de estoque CRÍTICO: o produto 'Cama pet' está com saldo de 0 unidade(s). Risco de perda de venda. Priorize a reposição imediatamente.	alerta	2025-12-11 15:02:29.056+00	2
938	ALERTA de estoque CRÍTICO: o produto 'Cama pet' está com saldo de 0 unidade(s). Risco de perda de venda. Priorize a reposição imediatamente.	alerta	2025-12-11 15:13:48.853+00	2
939	ALERTA de estoque CRÍTICO: o produto 'Cama pet' está com saldo de 0 unidade(s). Risco de perda de venda. Priorize a reposição imediatamente.	alerta	2025-12-11 15:13:57.301+00	2
940	ALERTA de estoque CRÍTICO: o produto 'Cama pet' está com saldo de 0 unidade(s). Risco de perda de venda. Priorize a reposição imediatamente.	alerta	2025-12-11 15:43:57.031+00	2
941	ALERTA de estoque CRÍTICO: o produto 'Cama pet' está com saldo de 0 unidade(s). Risco de perda de venda. Priorize a reposição imediatamente.	alerta	2025-12-11 15:44:11.333+00	2
942	ALERTA de estoque CRÍTICO: o produto 'Cama pet' está com saldo de 0 unidade(s). Risco de perda de venda. Priorize a reposição imediatamente.	alerta	2025-12-11 15:47:02.934+00	2
943	Reforce a reserva e avalie aporte extra (1–2%) no Tesouro Selic.	economia	2025-12-11 15:47:29.053+00	2
944	ALERTA de estoque CRÍTICO: o produto 'Cama pet' está com saldo de 0 unidade(s). Risco de perda de venda. Priorize a reposição imediatamente.	alerta	2025-12-11 15:47:29.074+00	2
945	Reforce a reserva e avalie aporte extra (1–2%) no Tesouro Selic.	economia	2025-12-11 15:48:08.458+00	2
946	ALERTA de estoque CRÍTICO: o produto 'Cama pet' está com saldo de 0 unidade(s). Risco de perda de venda. Priorize a reposição imediatamente.	alerta	2025-12-11 15:48:08.479+00	2
947	Reforce a reserva e avalie aporte extra (1–2%) no Tesouro Selic.	economia	2025-12-11 15:48:33.409+00	2
948	ALERTA de estoque CRÍTICO: o produto 'Cama pet' está com saldo de 0 unidade(s). Risco de perda de venda. Priorize a reposição imediatamente.	alerta	2025-12-11 15:48:33.432+00	2
949	ALERTA de estoque CRÍTICO: o produto 'Cama pet' está com saldo de 0 unidade(s). Risco de perda de venda. Priorize a reposição imediatamente.	alerta	2025-12-11 15:48:54.001+00	2
950	ALERTA de estoque CRÍTICO: o produto 'Cama pet' está com saldo de 0 unidade(s). Risco de perda de venda. Priorize a reposição imediatamente.	alerta	2025-12-11 16:16:48.139+00	2
951	ALERTA de estoque CRÍTICO: o produto 'Cama pet' está com saldo de 0 unidade(s). Risco de perda de venda. Priorize a reposição imediatamente.	alerta	2025-12-11 16:16:49.789+00	2
952	Reforce a reserva e avalie aporte extra (1–2%) no Tesouro Selic.	economia	2025-12-11 16:16:57.412+00	2
953	ALERTA de estoque CRÍTICO: o produto 'Cama pet' está com saldo de 0 unidade(s). Risco de perda de venda. Priorize a reposição imediatamente.	alerta	2025-12-11 16:16:57.432+00	2
954	ALERTA de estoque CRÍTICO: o produto 'Cama pet' está com saldo de 0 unidade(s). Risco de perda de venda. Priorize a reposição imediatamente.	alerta	2025-12-11 16:17:31.459+00	2
955	ALERTA de estoque CRÍTICO: o produto 'Cama pet' está com saldo de 0 unidade(s). Risco de perda de venda. Priorize a reposição imediatamente.	alerta	2025-12-11 16:19:00.664+00	2
956	ALERTA de estoque CRÍTICO: o produto 'Cama pet' está com saldo de 0 unidade(s). Risco de perda de venda. Priorize a reposição imediatamente.	alerta	2025-12-11 16:20:40.058+00	2
957	Reforce a reserva e avalie aporte extra (1–2%) no Tesouro Selic.	economia	2025-12-11 16:20:56.724+00	2
958	ALERTA de estoque CRÍTICO: o produto 'Cama pet' está com saldo de 0 unidade(s). Risco de perda de venda. Priorize a reposição imediatamente.	alerta	2025-12-11 16:20:56.745+00	2
959	Reforce a reserva e avalie aporte extra (1–2%) no Tesouro Selic.	economia	2025-12-11 16:21:00.14+00	2
960	ALERTA de estoque CRÍTICO: o produto 'Cama pet' está com saldo de 0 unidade(s). Risco de perda de venda. Priorize a reposição imediatamente.	alerta	2025-12-11 16:21:00.199+00	2
961	ALERTA de estoque CRÍTICO: o produto 'Cama pet' está com saldo de 0 unidade(s). Risco de perda de venda. Priorize a reposição imediatamente.	alerta	2025-12-11 16:21:16.752+00	2
962	ALERTA de estoque CRÍTICO: o produto 'Cama pet' está com saldo de 0 unidade(s). Risco de perda de venda. Priorize a reposição imediatamente.	alerta	2025-12-11 16:21:59.309+00	2
963	ALERTA de estoque CRÍTICO: o produto 'Cama pet' está com saldo de 0 unidade(s). Risco de perda de venda. Priorize a reposição imediatamente.	alerta	2025-12-11 16:22:00.771+00	2
964	Reforce a reserva e avalie aporte extra (1–2%) no Tesouro Selic.	economia	2025-12-11 16:22:37.306+00	2
965	ALERTA de estoque CRÍTICO: o produto 'Cama pet' está com saldo de 0 unidade(s). Risco de perda de venda. Priorize a reposição imediatamente.	alerta	2025-12-11 16:22:37.327+00	2
966	Reforce a reserva e avalie aporte extra (1–2%) no Tesouro Selic.	economia	2025-12-11 16:22:40.403+00	2
967	ALERTA de estoque CRÍTICO: o produto 'Cama pet' está com saldo de 0 unidade(s). Risco de perda de venda. Priorize a reposição imediatamente.	alerta	2025-12-11 16:22:40.429+00	2
968	ALERTA de estoque CRÍTICO: o produto 'Cama pet' está com saldo de 0 unidade(s). Risco de perda de venda. Priorize a reposição imediatamente.	alerta	2025-12-11 16:22:58.568+00	2
969	Reforce a reserva e avalie aporte extra (1–2%) no Tesouro Selic.	economia	2025-12-11 16:25:12.377+00	2
970	ALERTA de estoque CRÍTICO: o produto 'Cama pet' está com saldo de 0 unidade(s). Risco de perda de venda. Priorize a reposição imediatamente.	alerta	2025-12-11 16:25:12.397+00	2
971	ALERTA de estoque CRÍTICO: o produto 'Cama pet' está com saldo de 0 unidade(s). Risco de perda de venda. Priorize a reposição imediatamente.	alerta	2025-12-11 16:42:43.93+00	2
972	Reforce a reserva e avalie aporte extra (1–2%) no Tesouro Selic.	economia	2025-12-11 16:43:26.153+00	2
973	ALERTA de estoque CRÍTICO: o produto 'Cama pet' está com saldo de 0 unidade(s). Risco de perda de venda. Priorize a reposição imediatamente.	alerta	2025-12-11 16:43:26.172+00	2
974	Reforce a reserva e avalie aporte extra (1–2%) no Tesouro Selic.	economia	2025-12-11 16:43:39.877+00	2
975	ALERTA de estoque CRÍTICO: o produto 'Cama pet' está com saldo de 0 unidade(s). Risco de perda de venda. Priorize a reposição imediatamente.	alerta	2025-12-11 16:43:39.897+00	2
976	ALERTA de estoque CRÍTICO: o produto 'Cama pet' está com saldo de 0 unidade(s). Risco de perda de venda. Priorize a reposição imediatamente.	alerta	2025-12-11 16:45:37.365+00	2
977	Reforce a reserva e avalie aporte extra (1–2%) no Tesouro Selic.	economia	2025-12-11 16:45:48.264+00	2
978	ALERTA de estoque CRÍTICO: o produto 'Cama pet' está com saldo de 0 unidade(s). Risco de perda de venda. Priorize a reposição imediatamente.	alerta	2025-12-11 16:45:48.723+00	2
979	Reforce a reserva e avalie aporte extra (1–2%) no Tesouro Selic.	economia	2025-12-11 16:45:58.059+00	2
980	ALERTA de estoque CRÍTICO: o produto 'Cama pet' está com saldo de 0 unidade(s). Risco de perda de venda. Priorize a reposição imediatamente.	alerta	2025-12-11 16:45:58.508+00	2
981	ALERTA de estoque CRÍTICO: o produto 'Cama pet' está com saldo de 0 unidade(s). Risco de perda de venda. Priorize a reposição imediatamente.	alerta	2025-12-11 16:48:54.1+00	2
982	ALERTA de estoque CRÍTICO: o produto 'Cama pet' está com saldo de 0 unidade(s). Risco de perda de venda. Priorize a reposição imediatamente.	alerta	2025-12-11 16:48:55.193+00	2
983	ALERTA de estoque CRÍTICO: o produto 'Cama pet' está com saldo de 0 unidade(s). Risco de perda de venda. Priorize a reposição imediatamente.	alerta	2025-12-11 16:48:55.728+00	2
984	ALERTA de estoque CRÍTICO: o produto 'Cama pet' está com saldo de 0 unidade(s). Risco de perda de venda. Priorize a reposição imediatamente.	alerta	2025-12-11 16:48:56.1+00	2
985	ALERTA de estoque CRÍTICO: o produto 'Cama pet' está com saldo de 0 unidade(s). Risco de perda de venda. Priorize a reposição imediatamente.	alerta	2025-12-11 16:48:56.647+00	2
986	ALERTA de estoque CRÍTICO: o produto 'Cama pet' está com saldo de 0 unidade(s). Risco de perda de venda. Priorize a reposição imediatamente.	alerta	2025-12-11 16:48:58.247+00	2
987	ALERTA de estoque CRÍTICO: o produto 'Cama pet' está com saldo de 0 unidade(s). Risco de perda de venda. Priorize a reposição imediatamente.	alerta	2025-12-11 16:48:59.581+00	2
988	ALERTA de estoque CRÍTICO: o produto 'Cama pet' está com saldo de 0 unidade(s). Risco de perda de venda. Priorize a reposição imediatamente.	alerta	2025-12-11 16:49:00.803+00	2
989	ALERTA de estoque CRÍTICO: o produto 'Cama pet' está com saldo de 0 unidade(s). Risco de perda de venda. Priorize a reposição imediatamente.	alerta	2025-12-11 16:49:56.35+00	2
990	ALERTA de estoque CRÍTICO: o produto 'Cama pet' está com saldo de 0 unidade(s). Risco de perda de venda. Priorize a reposição imediatamente.	alerta	2025-12-11 16:49:58.632+00	2
991	ALERTA de estoque CRÍTICO: o produto 'Cama pet' está com saldo de 0 unidade(s). Risco de perda de venda. Priorize a reposição imediatamente.	alerta	2025-12-11 16:50:00.425+00	2
992	ALERTA de estoque CRÍTICO: o produto 'Cama pet' está com saldo de 0 unidade(s). Risco de perda de venda. Priorize a reposição imediatamente.	alerta	2025-12-11 16:50:01.702+00	2
993	ALERTA de estoque CRÍTICO: o produto 'Cama pet' está com saldo de 0 unidade(s). Risco de perda de venda. Priorize a reposição imediatamente.	alerta	2025-12-11 16:51:14.027+00	2
994	Reforce a reserva e avalie aporte extra (1–2%) no Tesouro Selic.	economia	2025-12-11 16:51:33.4+00	2
995	ALERTA de estoque CRÍTICO: o produto 'Cama pet' está com saldo de 0 unidade(s). Risco de perda de venda. Priorize a reposição imediatamente.	alerta	2025-12-11 16:51:33.421+00	2
996	ALERTA de estoque CRÍTICO: o produto 'Cama pet' está com saldo de 0 unidade(s). Risco de perda de venda. Priorize a reposição imediatamente.	alerta	2025-12-11 16:51:46.771+00	2
997	ALERTA de estoque CRÍTICO: o produto 'Cama pet' está com saldo de 0 unidade(s). Risco de perda de venda. Priorize a reposição imediatamente.	alerta	2025-12-11 17:00:42.197+00	2
998	Reforce a reserva e avalie aporte extra (1–2%) no Tesouro Selic.	economia	2025-12-11 17:01:54.868+00	2
999	ALERTA de estoque CRÍTICO: o produto 'Cama pet' está com saldo de 0 unidade(s). Risco de perda de venda. Priorize a reposição imediatamente.	alerta	2025-12-11 17:01:54.889+00	2
1000	Reforce a reserva e avalie aporte extra (1–2%) no Tesouro Selic.	economia	2025-12-11 17:01:59.848+00	2
1001	ALERTA de estoque CRÍTICO: o produto 'Cama pet' está com saldo de 0 unidade(s). Risco de perda de venda. Priorize a reposição imediatamente.	alerta	2025-12-11 17:01:59.868+00	2
1002	ALERTA de estoque CRÍTICO: o produto 'Cama pet' está com saldo de 0 unidade(s). Risco de perda de venda. Priorize a reposição imediatamente.	alerta	2025-12-11 17:06:55.071+00	2
1003	ALERTA de estoque CRÍTICO: o produto 'Cama pet' está com saldo de 0 unidade(s). Risco de perda de venda. Priorize a reposição imediatamente.	alerta	2025-12-11 17:06:59.195+00	2
1004	ALERTA de estoque CRÍTICO: o produto 'Cama pet' está com saldo de 0 unidade(s). Risco de perda de venda. Priorize a reposição imediatamente.	alerta	2025-12-11 17:07:00.625+00	2
1005	ALERTA de estoque CRÍTICO: o produto 'Cama pet' está com saldo de 0 unidade(s). Risco de perda de venda. Priorize a reposição imediatamente.	alerta	2025-12-11 17:07:01.754+00	2
1006	ALERTA de estoque CRÍTICO: o produto 'Cama pet' está com saldo de 0 unidade(s). Risco de perda de venda. Priorize a reposição imediatamente.	alerta	2025-12-11 17:09:18.188+00	2
1007	ALERTA de estoque CRÍTICO: o produto 'Cama pet' está com saldo de 0 unidade(s). Risco de perda de venda. Priorize a reposição imediatamente.	alerta	2025-12-11 17:11:42.649+00	2
1008	Reforce a reserva e avalie aporte extra (1–2%) no Tesouro Selic.	economia	2025-12-11 17:12:17.667+00	2
1009	ALERTA de estoque CRÍTICO: o produto 'Cama pet' está com saldo de 0 unidade(s). Risco de perda de venda. Priorize a reposição imediatamente.	alerta	2025-12-11 17:12:17.687+00	2
1010	ALERTA de estoque CRÍTICO: o produto 'Cama pet' está com saldo de 0 unidade(s). Risco de perda de venda. Priorize a reposição imediatamente.	alerta	2025-12-11 17:12:30.931+00	2
1011	ALERTA de estoque CRÍTICO: o produto 'Cama pet' está com saldo de 0 unidade(s). Risco de perda de venda. Priorize a reposição imediatamente.	alerta	2025-12-11 17:14:25.268+00	2
1012	ALERTA de estoque CRÍTICO: o produto 'Cama pet' está com saldo de 0 unidade(s). Risco de perda de venda. Priorize a reposição imediatamente.	alerta	2025-12-11 17:22:03.024+00	2
1013	Reforce a reserva e avalie aporte extra (1–2%) no Tesouro Selic.	economia	2025-12-11 17:22:19.687+00	2
1014	ALERTA de estoque CRÍTICO: o produto 'Cama pet' está com saldo de 0 unidade(s). Risco de perda de venda. Priorize a reposição imediatamente.	alerta	2025-12-11 17:22:19.708+00	2
1015	ALERTA de estoque CRÍTICO: o produto 'Cama pet' está com saldo de 0 unidade(s). Risco de perda de venda. Priorize a reposição imediatamente.	alerta	2025-12-11 17:22:27.27+00	2
1016	ALERTA de estoque CRÍTICO: o produto 'Cama pet' está com saldo de 0 unidade(s). Risco de perda de venda. Priorize a reposição imediatamente.	alerta	2025-12-11 17:22:29.017+00	2
1017	ALERTA de estoque CRÍTICO: o produto 'Cama pet' está com saldo de 0 unidade(s). Risco de perda de venda. Priorize a reposição imediatamente.	alerta	2025-12-11 17:23:03.638+00	2
1018	ALERTA de estoque CRÍTICO: o produto 'Cama pet' está com saldo de 0 unidade(s). Risco de perda de venda. Priorize a reposição imediatamente.	alerta	2025-12-11 17:30:37.307+00	2
1019	Reforce a reserva e avalie aporte extra (1–2%) no Tesouro Selic.	economia	2025-12-11 17:30:44.061+00	2
1020	ALERTA de estoque CRÍTICO: o produto 'Cama pet' está com saldo de 0 unidade(s). Risco de perda de venda. Priorize a reposição imediatamente.	alerta	2025-12-11 17:30:44.082+00	2
1021	ALERTA de estoque CRÍTICO: o produto 'Cama pet' está com saldo de 0 unidade(s). Risco de perda de venda. Priorize a reposição imediatamente.	alerta	2025-12-11 19:16:01.763+00	2
1022	Reforce a reserva e avalie aporte extra (1–2%) no Tesouro Selic.	economia	2025-12-11 19:17:31.341+00	2
1023	ALERTA de estoque CRÍTICO: o produto 'Cama pet' está com saldo de 0 unidade(s). Risco de perda de venda. Priorize a reposição imediatamente.	alerta	2025-12-11 19:17:31.362+00	2
1024	Reforce a reserva e avalie aporte extra (1–2%) no Tesouro Selic.	economia	2025-12-13 19:15:47.888+00	2
1025	ALERTA de estoque CRÍTICO: o produto 'Cama pet' está com saldo de 0 unidade(s). Risco de perda de venda. Priorize a reposição imediatamente.	alerta	2025-12-13 19:15:47.914+00	2
1026	ALERTA de estoque CRÍTICO: o produto 'Cama pet' está com saldo de 0 unidade(s). Risco de perda de venda. Priorize a reposição imediatamente.	alerta	2025-12-13 19:16:04.098+00	2
1027	ALERTA de estoque CRÍTICO: o produto 'Cama pet' está com saldo de 0 unidade(s). Risco de perda de venda. Priorize a reposição imediatamente.	alerta	2025-12-13 19:36:20.062+00	2
1028	ALERTA de estoque CRÍTICO: o produto 'Cama pet' está com saldo de 0 unidade(s). Risco de perda de venda. Priorize a reposição imediatamente.	alerta	2025-12-13 19:42:25.905+00	2
1029	ALERTA de estoque CRÍTICO: o produto 'Cama pet' está com saldo de 0 unidade(s). Risco de perda de venda. Priorize a reposição imediatamente.	alerta	2025-12-13 19:51:15.964+00	2
1030	ALERTA de estoque CRÍTICO: o produto 'Cama pet' está com saldo de 0 unidade(s). Risco de perda de venda. Priorize a reposição imediatamente.	alerta	2025-12-13 19:51:29.452+00	2
1031	ALERTA de estoque CRÍTICO: o produto 'Cama pet' está com saldo de 0 unidade(s). Risco de perda de venda. Priorize a reposição imediatamente.	alerta	2025-12-13 19:51:30.729+00	2
1032	ALERTA de estoque CRÍTICO: o produto 'Cama pet' está com saldo de 0 unidade(s). Risco de perda de venda. Priorize a reposição imediatamente.	alerta	2025-12-13 19:51:57.556+00	2
1033	Reforce a reserva e avalie aporte extra (1–2%) no Tesouro Selic.	economia	2025-12-13 19:52:11.485+00	2
1034	ALERTA de estoque CRÍTICO: o produto 'Cama pet' está com saldo de 0 unidade(s). Risco de perda de venda. Priorize a reposição imediatamente.	alerta	2025-12-13 19:52:11.509+00	2
1035	Reforce a reserva e avalie aporte extra (1–2%) no Tesouro Selic.	economia	2025-12-13 19:52:19.073+00	2
1036	ALERTA de estoque CRÍTICO: o produto 'Cama pet' está com saldo de 0 unidade(s). Risco de perda de venda. Priorize a reposição imediatamente.	alerta	2025-12-13 19:52:19.095+00	2
1037	ALERTA de estoque CRÍTICO: o produto 'Cama pet' está com saldo de 0 unidade(s). Risco de perda de venda. Priorize a reposição imediatamente.	alerta	2025-12-13 19:53:53.974+00	2
1038	ALERTA de estoque CRÍTICO: o produto 'Cama pet' está com saldo de 0 unidade(s). Risco de perda de venda. Priorize a reposição imediatamente.	alerta	2025-12-13 19:53:55.443+00	2
1039	ALERTA de estoque CRÍTICO: o produto 'Cama pet' está com saldo de 0 unidade(s). Risco de perda de venda. Priorize a reposição imediatamente.	alerta	2025-12-13 19:53:56.654+00	2
1040	ALERTA de estoque CRÍTICO: o produto 'Cama pet' está com saldo de 0 unidade(s). Risco de perda de venda. Priorize a reposição imediatamente.	alerta	2025-12-13 20:01:03.115+00	2
1041	ALERTA de estoque CRÍTICO: o produto 'Cama pet' está com saldo de 0 unidade(s). Risco de perda de venda. Priorize a reposição imediatamente.	alerta	2025-12-13 20:01:40.144+00	2
1042	ALERTA de estoque CRÍTICO: o produto 'Cama pet' está com saldo de 0 unidade(s). Risco de perda de venda. Priorize a reposição imediatamente.	alerta	2025-12-13 20:02:02.829+00	2
1043	ALERTA de estoque CRÍTICO: o produto 'Cama pet' está com saldo de 0 unidade(s). Risco de perda de venda. Priorize a reposição imediatamente.	alerta	2025-12-13 20:08:34.262+00	2
1044	ALERTA de estoque CRÍTICO: o produto 'Cama pet' está com saldo de 0 unidade(s). Risco de perda de venda. Priorize a reposição imediatamente.	alerta	2025-12-13 20:09:18.767+00	2
1045	ALERTA de estoque CRÍTICO: o produto 'Cama pet' está com saldo de 0 unidade(s). Risco de perda de venda. Priorize a reposição imediatamente.	alerta	2025-12-13 20:23:09.737+00	2
1046	ALERTA de estoque CRÍTICO: o produto 'Cama pet' está com saldo de 0 unidade(s). Risco de perda de venda. Priorize a reposição imediatamente.	alerta	2025-12-13 20:28:39.934+00	2
1047	ALERTA de estoque CRÍTICO: o produto 'Cama pet' está com saldo de 0 unidade(s). Risco de perda de venda. Priorize a reposição imediatamente.	alerta	2025-12-13 20:29:12.037+00	2
1048	ALERTA de estoque CRÍTICO: o produto 'Cama pet' está com saldo de 0 unidade(s). Risco de perda de venda. Priorize a reposição imediatamente.	alerta	2025-12-13 20:29:45.131+00	2
1049	ALERTA de estoque CRÍTICO: o produto 'Cama pet' está com saldo de 0 unidade(s). Risco de perda de venda. Priorize a reposição imediatamente.	alerta	2025-12-13 20:30:33.362+00	2
1050	ALERTA de estoque CRÍTICO: o produto 'Cama pet' está com saldo de 0 unidade(s). Risco de perda de venda. Priorize a reposição imediatamente.	alerta	2025-12-13 20:31:16.219+00	2
1051	ALERTA de estoque CRÍTICO: o produto 'Cama pet' está com saldo de 0 unidade(s). Risco de perda de venda. Priorize a reposição imediatamente.	alerta	2025-12-13 20:49:29.51+00	2
1052	ALERTA de estoque CRÍTICO: o produto 'Cama pet' está com saldo de 0 unidade(s). Risco de perda de venda. Priorize a reposição imediatamente.	alerta	2025-12-13 20:49:31.142+00	2
1053	ALERTA de estoque CRÍTICO: o produto 'Cama pet' está com saldo de 0 unidade(s). Risco de perda de venda. Priorize a reposição imediatamente.	alerta	2025-12-13 21:01:13.882+00	2
1054	ALERTA de estoque CRÍTICO: o produto 'Cama pet' está com saldo de 0 unidade(s). Risco de perda de venda. Priorize a reposição imediatamente.	alerta	2025-12-13 21:02:25.379+00	2
1055	ALERTA de estoque CRÍTICO: o produto 'Cama pet' está com saldo de 0 unidade(s). Risco de perda de venda. Priorize a reposição imediatamente.	alerta	2025-12-13 21:02:27.011+00	2
1056	ALERTA de estoque CRÍTICO: o produto 'Cama pet' está com saldo de 0 unidade(s). Risco de perda de venda. Priorize a reposição imediatamente.	alerta	2025-12-13 21:02:28.337+00	2
1057	ALERTA de estoque CRÍTICO: o produto 'Cama pet' está com saldo de 0 unidade(s). Risco de perda de venda. Priorize a reposição imediatamente.	alerta	2025-12-13 21:25:34.011+00	2
1058	ALERTA de estoque CRÍTICO: o produto 'Cama pet' está com saldo de 0 unidade(s). Risco de perda de venda. Priorize a reposição imediatamente.	alerta	2025-12-13 21:26:11.126+00	2
1059	ALERTA de estoque CRÍTICO: o produto 'Cama pet' está com saldo de 0 unidade(s). Risco de perda de venda. Priorize a reposição imediatamente.	alerta	2025-12-13 21:26:21.502+00	2
1060	ALERTA de estoque CRÍTICO: o produto 'Cama pet' está com saldo de 0 unidade(s). Risco de perda de venda. Priorize a reposição imediatamente.	alerta	2025-12-13 21:43:54.202+00	2
1061	ALERTA de estoque CRÍTICO: o produto 'Cama pet' está com saldo de 0 unidade(s). Risco de perda de venda. Priorize a reposição imediatamente.	alerta	2025-12-13 21:49:22.642+00	2
1062	ALERTA de estoque CRÍTICO: o produto 'Cama pet' está com saldo de 0 unidade(s). Risco de perda de venda. Priorize a reposição imediatamente.	alerta	2025-12-13 21:57:37.434+00	2
1063	ALERTA de estoque CRÍTICO: o produto 'Cama pet' está com saldo de 0 unidade(s). Risco de perda de venda. Priorize a reposição imediatamente.	alerta	2025-12-13 21:57:40.45+00	2
1064	ALERTA de estoque CRÍTICO: o produto 'Cama pet' está com saldo de 0 unidade(s). Risco de perda de venda. Priorize a reposição imediatamente.	alerta	2025-12-13 21:57:41.214+00	2
1065	ALERTA de estoque CRÍTICO: o produto 'Cama pet' está com saldo de 0 unidade(s). Risco de perda de venda. Priorize a reposição imediatamente.	alerta	2025-12-13 21:57:41.78+00	2
1066	ALERTA de estoque CRÍTICO: o produto 'Cama pet' está com saldo de 0 unidade(s). Risco de perda de venda. Priorize a reposição imediatamente.	alerta	2025-12-13 22:04:10.97+00	2
1067	ALERTA de estoque CRÍTICO: o produto 'Cama pet' está com saldo de 0 unidade(s). Risco de perda de venda. Priorize a reposição imediatamente.	alerta	2025-12-13 22:04:32.824+00	2
1068	ALERTA de estoque CRÍTICO: o produto 'Cama pet' está com saldo de 0 unidade(s). Risco de perda de venda. Priorize a reposição imediatamente.	alerta	2025-12-13 22:04:46.071+00	2
1069	ALERTA de estoque CRÍTICO: o produto 'Cama pet' está com saldo de 0 unidade(s). Risco de perda de venda. Priorize a reposição imediatamente.	alerta	2025-12-13 22:04:46.087+00	2
1070	ALERTA de estoque CRÍTICO: o produto 'Cama pet' está com saldo de 0 unidade(s). Risco de perda de venda. Priorize a reposição imediatamente.	alerta	2025-12-13 22:05:30.387+00	2
1071	ALERTA de estoque CRÍTICO: o produto 'Cama pet' está com saldo de 0 unidade(s). Risco de perda de venda. Priorize a reposição imediatamente.	alerta	2025-12-13 22:06:40.235+00	2
1072	Reforce a reserva e avalie aporte extra (1–2%) no Tesouro Selic.	economia	2025-12-13 22:06:46.761+00	2
1073	ALERTA de estoque CRÍTICO: o produto 'Cama pet' está com saldo de 0 unidade(s). Risco de perda de venda. Priorize a reposição imediatamente.	alerta	2025-12-13 22:06:46.785+00	2
1074	ALERTA de estoque CRÍTICO: o produto 'Cama pet' está com saldo de 0 unidade(s). Risco de perda de venda. Priorize a reposição imediatamente.	alerta	2025-12-13 22:11:35.195+00	2
1075	ALERTA de estoque CRÍTICO: o produto 'Cama pet' está com saldo de 0 unidade(s). Risco de perda de venda. Priorize a reposição imediatamente.	alerta	2025-12-13 22:11:49.526+00	2
1076	ALERTA de estoque CRÍTICO: o produto 'Cama pet' está com saldo de 0 unidade(s). Risco de perda de venda. Priorize a reposição imediatamente.	alerta	2025-12-13 22:14:53.469+00	2
1077	ALERTA de estoque CRÍTICO: o produto 'Cama pet' está com saldo de 0 unidade(s). Risco de perda de venda. Priorize a reposição imediatamente.	alerta	2025-12-13 22:46:49.383+00	2
1078	ALERTA de estoque CRÍTICO: o produto 'Cama pet' está com saldo de 0 unidade(s). Risco de perda de venda. Priorize a reposição imediatamente.	alerta	2025-12-13 22:52:43.943+00	2
1079	ALERTA de estoque CRÍTICO: o produto 'Cama pet' está com saldo de 0 unidade(s). Risco de perda de venda. Priorize a reposição imediatamente.	alerta	2025-12-13 22:56:40.331+00	2
1080	Reforce a reserva e avalie aporte extra (1–2%) no Tesouro Selic.	economia	2025-12-13 22:57:01.575+00	2
1081	ALERTA de estoque CRÍTICO: o produto 'Cama pet' está com saldo de 0 unidade(s). Risco de perda de venda. Priorize a reposição imediatamente.	alerta	2025-12-13 22:57:01.599+00	2
1082	ALERTA de estoque CRÍTICO: o produto 'Cama pet' está com saldo de 0 unidade(s). Risco de perda de venda. Priorize a reposição imediatamente.	alerta	2025-12-13 23:06:57.728+00	2
1083	ALERTA de estoque CRÍTICO: o produto 'Cama pet' está com saldo de 0 unidade(s). Risco de perda de venda. Priorize a reposição imediatamente.	alerta	2025-12-13 23:07:50.962+00	2
1084	ALERTA de estoque CRÍTICO: o produto 'Cama pet' está com saldo de 0 unidade(s). Risco de perda de venda. Priorize a reposição imediatamente.	alerta	2025-12-13 23:10:04.101+00	2
1085	ALERTA de estoque CRÍTICO: o produto 'Cama pet' está com saldo de 0 unidade(s). Risco de perda de venda. Priorize a reposição imediatamente.	alerta	2025-12-13 23:10:05.616+00	2
1086	ALERTA de estoque CRÍTICO: o produto 'Cama pet' está com saldo de 0 unidade(s). Risco de perda de venda. Priorize a reposição imediatamente.	alerta	2025-12-13 23:15:23.933+00	2
1087	ALERTA de estoque CRÍTICO: o produto 'Cama pet' está com saldo de 0 unidade(s). Risco de perda de venda. Priorize a reposição imediatamente.	alerta	2025-12-13 23:15:38.767+00	2
1088	ALERTA de estoque CRÍTICO: o produto 'Cama pet' está com saldo de 0 unidade(s). Risco de perda de venda. Priorize a reposição imediatamente.	alerta	2025-12-13 23:15:40.014+00	2
1089	ALERTA de estoque CRÍTICO: o produto 'Cama pet' está com saldo de 0 unidade(s). Risco de perda de venda. Priorize a reposição imediatamente.	alerta	2025-12-13 23:16:01.041+00	2
1090	ALERTA de estoque CRÍTICO: o produto 'Cama pet' está com saldo de 0 unidade(s). Risco de perda de venda. Priorize a reposição imediatamente.	alerta	2025-12-13 23:16:24.705+00	2
1091	ALERTA de estoque CRÍTICO: o produto 'Cama pet' está com saldo de 0 unidade(s). Risco de perda de venda. Priorize a reposição imediatamente.	alerta	2025-12-13 23:16:25.633+00	2
1092	ALERTA de estoque CRÍTICO: o produto 'Cama pet' está com saldo de 0 unidade(s). Risco de perda de venda. Priorize a reposição imediatamente.	alerta	2025-12-13 23:16:26.682+00	2
1093	ALERTA de estoque CRÍTICO: o produto 'Cama pet' está com saldo de 0 unidade(s). Risco de perda de venda. Priorize a reposição imediatamente.	alerta	2025-12-13 23:16:42.78+00	2
1094	ALERTA de estoque CRÍTICO: o produto 'Cama pet' está com saldo de 0 unidade(s). Risco de perda de venda. Priorize a reposição imediatamente.	alerta	2025-12-13 23:17:00.226+00	2
1095	ALERTA de estoque CRÍTICO: o produto 'Cama pet' está com saldo de 0 unidade(s). Risco de perda de venda. Priorize a reposição imediatamente.	alerta	2025-12-13 23:17:52.698+00	2
1096	ALERTA de estoque CRÍTICO: o produto 'Cama pet' está com saldo de 0 unidade(s). Risco de perda de venda. Priorize a reposição imediatamente.	alerta	2025-12-13 23:18:00.873+00	2
1097	ALERTA de estoque CRÍTICO: o produto 'Cama pet' está com saldo de 0 unidade(s). Risco de perda de venda. Priorize a reposição imediatamente.	alerta	2025-12-13 23:18:01.771+00	2
1098	ALERTA de estoque CRÍTICO: o produto 'Cama pet' está com saldo de 0 unidade(s). Risco de perda de venda. Priorize a reposição imediatamente.	alerta	2025-12-13 23:19:50.394+00	2
1099	ALERTA de estoque CRÍTICO: o produto 'Cama pet' está com saldo de 0 unidade(s). Risco de perda de venda. Priorize a reposição imediatamente.	alerta	2025-12-13 23:24:44.808+00	2
1100	Reforce a reserva e avalie aporte extra (1–2%) no Tesouro Selic.	economia	2025-12-13 23:29:05.823+00	2
1101	ALERTA de estoque CRÍTICO: o produto 'Cama pet' está com saldo de 0 unidade(s). Risco de perda de venda. Priorize a reposição imediatamente.	alerta	2025-12-13 23:29:05.843+00	2
1102	Reforce a reserva e avalie aporte extra (1–2%) no Tesouro Selic.	economia	2025-12-13 23:29:54.816+00	2
1103	ALERTA de estoque CRÍTICO: o produto 'Cama pet' está com saldo de 0 unidade(s). Risco de perda de venda. Priorize a reposição imediatamente.	alerta	2025-12-13 23:29:54.84+00	2
1104	ALERTA de estoque CRÍTICO: o produto 'Cama pet' está com saldo de 0 unidade(s). Risco de perda de venda. Priorize a reposição imediatamente.	alerta	2025-12-13 23:30:29.718+00	2
1105	ALERTA de estoque CRÍTICO: o produto 'Cama pet' está com saldo de 0 unidade(s). Risco de perda de venda. Priorize a reposição imediatamente.	alerta	2025-12-13 23:51:41.07+00	2
1106	ALERTA de estoque CRÍTICO: o produto 'Cama pet' está com saldo de 0 unidade(s). Risco de perda de venda. Priorize a reposição imediatamente.	alerta	2025-12-14 00:00:38.339+00	2
1107	Reforce a reserva e avalie aporte extra (1–2%) no Tesouro Selic.	economia	2025-12-14 01:31:07.049+00	2
1108	ALERTA de estoque CRÍTICO: o produto 'Cama pet' está com saldo de 0 unidade(s). Risco de perda de venda. Priorize a reposição imediatamente.	alerta	2025-12-14 01:31:07.07+00	2
1109	ALERTA de estoque CRÍTICO: o produto 'Cama pet' está com saldo de 0 unidade(s). Risco de perda de venda. Priorize a reposição imediatamente.	alerta	2025-12-14 01:31:37.696+00	2
1110	Reforce a reserva e avalie aporte extra (1–2%) no Tesouro Selic.	economia	2025-12-14 01:31:56.134+00	2
1111	ALERTA de estoque CRÍTICO: o produto 'Cama pet' está com saldo de 0 unidade(s). Risco de perda de venda. Priorize a reposição imediatamente.	alerta	2025-12-14 01:31:56.154+00	2
1112	ALERTA de estoque CRÍTICO: o produto 'Cama pet' está com saldo de 0 unidade(s). Risco de perda de venda. Priorize a reposição imediatamente.	alerta	2025-12-14 23:33:18.877+00	2
1113	Reforce a reserva e avalie aporte extra (1–2%) no Tesouro Selic.	economia	2025-12-14 23:33:28.506+00	2
1114	ALERTA de estoque CRÍTICO: o produto 'Cama pet' está com saldo de 0 unidade(s). Risco de perda de venda. Priorize a reposição imediatamente.	alerta	2025-12-14 23:33:28.55+00	2
1115	Reforce a reserva e avalie aporte extra (1–2%) no Tesouro Selic.	economia	2025-12-14 23:33:47.873+00	2
1116	ALERTA de estoque CRÍTICO: o produto 'Cama pet' está com saldo de 0 unidade(s). Risco de perda de venda. Priorize a reposição imediatamente.	alerta	2025-12-14 23:33:47.894+00	2
1117	ALERTA de estoque CRÍTICO: o produto 'Cama pet' está com saldo de 0 unidade(s). Risco de perda de venda. Priorize a reposição imediatamente.	alerta	2025-12-14 23:52:04.468+00	2
1118	ALERTA de estoque CRÍTICO: o produto 'Cama pet' está com saldo de 0 unidade(s). Risco de perda de venda. Priorize a reposição imediatamente.	alerta	2025-12-14 23:52:56.108+00	2
1119	ALERTA de estoque CRÍTICO: o produto 'Cama pet' está com saldo de 0 unidade(s). Risco de perda de venda. Priorize a reposição imediatamente.	alerta	2025-12-14 23:53:14.125+00	2
1120	ALERTA de estoque CRÍTICO: o produto 'Cama pet' está com saldo de 0 unidade(s). Risco de perda de venda. Priorize a reposição imediatamente.	alerta	2025-12-15 01:06:48.289+00	2
1121	ALERTA de estoque CRÍTICO: o produto 'Cama pet' está com saldo de 0 unidade(s). Risco de perda de venda. Priorize a reposição imediatamente.	alerta	2025-12-15 01:11:30.341+00	2
1122	Reforce a reserva e avalie aporte extra (1–2%) no Tesouro Selic.	economia	2025-12-15 01:31:06.783+00	2
1123	ALERTA de estoque CRÍTICO: o produto 'Cama pet' está com saldo de 0 unidade(s). Risco de perda de venda. Priorize a reposição imediatamente.	alerta	2025-12-15 01:31:06.803+00	2
1124	ALERTA de estoque CRÍTICO: o produto 'Cama pet' está com saldo de 0 unidade(s). Risco de perda de venda. Priorize a reposição imediatamente.	alerta	2025-12-15 01:50:09.991+00	2
1125	ALERTA de estoque CRÍTICO: o produto 'Cama pet' está com saldo de 0 unidade(s). Risco de perda de venda. Priorize a reposição imediatamente.	alerta	2025-12-15 01:59:17.369+00	2
1126	ALERTA de estoque CRÍTICO: o produto 'Cama pet' está com saldo de 0 unidade(s). Risco de perda de venda. Priorize a reposição imediatamente.	alerta	2025-12-15 02:07:37.398+00	2
1127	ALERTA de estoque CRÍTICO: o produto 'Cama pet' está com saldo de 0 unidade(s). Risco de perda de venda. Priorize a reposição imediatamente.	alerta	2025-12-15 13:01:39.195+00	2
1128	ALERTA de estoque CRÍTICO: o produto 'Cama pet' está com saldo de 0 unidade(s). Risco de perda de venda. Priorize a reposição imediatamente.	alerta	2025-12-15 13:01:39.216+00	2
1129	ALERTA de estoque CRÍTICO: o produto 'Cama pet' está com saldo de 0 unidade(s). Risco de perda de venda. Priorize a reposição imediatamente.	alerta	2025-12-15 13:03:54.144+00	2
1130	ALERTA de estoque CRÍTICO: o produto 'Cama pet' está com saldo de 0 unidade(s). Risco de perda de venda. Priorize a reposição imediatamente.	alerta	2025-12-15 13:25:38.663+00	2
1131	ALERTA de estoque CRÍTICO: o produto 'Cama pet' está com saldo de 0 unidade(s). Risco de perda de venda. Priorize a reposição imediatamente.	alerta	2025-12-15 13:35:25.777+00	2
1132	ALERTA de estoque CRÍTICO: o produto 'Cama pet' está com saldo de 0 unidade(s). Risco de perda de venda. Priorize a reposição imediatamente.	alerta	2025-12-15 13:38:10.744+00	2
1133	ALERTA de estoque CRÍTICO: o produto 'Cama pet' está com saldo de 0 unidade(s). Risco de perda de venda. Priorize a reposição imediatamente.	alerta	2025-12-15 13:38:23.345+00	2
1134	ALERTA de estoque CRÍTICO: o produto 'Cama pet' está com saldo de 0 unidade(s). Risco de perda de venda. Priorize a reposição imediatamente.	alerta	2025-12-15 14:01:30.526+00	2
1135	ALERTA de estoque CRÍTICO: o produto 'Cama pet' está com saldo de 0 unidade(s). Risco de perda de venda. Priorize a reposição imediatamente.	alerta	2025-12-15 14:20:32.583+00	2
1136	ALERTA de estoque CRÍTICO: o produto 'Cama pet' está com saldo de 0 unidade(s). Risco de perda de venda. Priorize a reposição imediatamente.	alerta	2025-12-15 14:20:46.188+00	2
1137	ALERTA de estoque CRÍTICO: o produto 'Cama pet' está com saldo de 0 unidade(s). Risco de perda de venda. Priorize a reposição imediatamente.	alerta	2025-12-15 14:21:06.055+00	2
1138	Reforce a reserva e avalie aporte extra (1–2%) no Tesouro Selic.	economia	2025-12-15 14:21:20.968+00	2
1139	ALERTA de estoque CRÍTICO: o produto 'Cama pet' está com saldo de 0 unidade(s). Risco de perda de venda. Priorize a reposição imediatamente.	alerta	2025-12-15 14:21:20.991+00	2
1140	Reforce a reserva e avalie aporte extra (1–2%) no Tesouro Selic.	economia	2025-12-15 14:21:29.162+00	2
1141	ALERTA de estoque CRÍTICO: o produto 'Cama pet' está com saldo de 0 unidade(s). Risco de perda de venda. Priorize a reposição imediatamente.	alerta	2025-12-15 14:21:29.185+00	2
1142	ALERTA de estoque CRÍTICO: o produto 'Cama pet' está com saldo de 0 unidade(s). Risco de perda de venda. Priorize a reposição imediatamente.	alerta	2025-12-15 14:21:40.102+00	2
1143	ALERTA de estoque CRÍTICO: o produto 'Cama pet' está com saldo de 0 unidade(s). Risco de perda de venda. Priorize a reposição imediatamente.	alerta	2025-12-15 14:24:04.076+00	2
1144	ALERTA de estoque CRÍTICO: o produto 'Cama pet' está com saldo de 0 unidade(s). Risco de perda de venda. Priorize a reposição imediatamente.	alerta	2025-12-15 14:24:24.119+00	2
1145	ALERTA de estoque CRÍTICO: o produto 'Cama pet' está com saldo de 0 unidade(s). Risco de perda de venda. Priorize a reposição imediatamente.	alerta	2025-12-15 14:35:20.868+00	2
1146	ALERTA de estoque CRÍTICO: o produto 'Cama pet' está com saldo de 0 unidade(s). Risco de perda de venda. Priorize a reposição imediatamente.	alerta	2025-12-15 19:26:37.823+00	2
1147	ALERTA de estoque CRÍTICO: o produto 'Cama pet' está com saldo de 0 unidade(s). Risco de perda de venda. Priorize a reposição imediatamente.	alerta	2025-12-15 19:26:37.845+00	2
1148	ALERTA de estoque CRÍTICO: o produto 'Cama pet' está com saldo de 0 unidade(s). Risco de perda de venda. Priorize a reposição imediatamente.	alerta	2025-12-16 20:39:01.998+00	2
1149	ALERTA de estoque CRÍTICO: o produto 'Cama pet' está com saldo de 0 unidade(s). Risco de perda de venda. Priorize a reposição imediatamente.	alerta	2025-12-16 20:39:02.026+00	2
1150	Reforce a reserva e avalie aporte extra (1–2%) no Tesouro Selic.	economia	2025-12-16 20:39:35.076+00	2
1151	ALERTA de estoque CRÍTICO: o produto 'Cama pet' está com saldo de 0 unidade(s). Risco de perda de venda. Priorize a reposição imediatamente.	alerta	2025-12-16 20:39:35.101+00	2
1152	ALERTA de estoque CRÍTICO: o produto 'Cama pet' está com saldo de 0 unidade(s). Risco de perda de venda. Priorize a reposição imediatamente.	alerta	2025-12-16 21:50:26.601+00	2
1153	ALERTA de estoque CRÍTICO: o produto 'Cama pet' está com saldo de 0 unidade(s). Risco de perda de venda. Priorize a reposição imediatamente.	alerta	2025-12-16 21:51:57.294+00	2
1154	ALERTA de estoque CRÍTICO: o produto 'Cama pet' está com saldo de 0 unidade(s). Risco de perda de venda. Priorize a reposição imediatamente.	alerta	2025-12-17 00:49:22.072+00	2
1155	ALERTA de estoque CRÍTICO: o produto 'Cama pet' está com saldo de 0 unidade(s). Risco de perda de venda. Priorize a reposição imediatamente.	alerta	2025-12-17 00:54:18.841+00	2
1156	Reforce a reserva e avalie aporte extra (1–2%) no Tesouro Selic.	neutra	2025-12-17 15:22:44.938+00	2
1157	Reforce a reserva e avalie aporte extra (1–2%) no Tesouro Selic.	neutra	2025-12-19 01:20:59.979+00	2
1158	Reforce a reserva e avalie aporte extra (1–2%) no Tesouro Selic.	neutra	2025-12-19 02:39:24.258+00	2
1159	Reforce a reserva e avalie aporte extra (1–2%) no Tesouro Selic.	neutra	2025-12-19 03:35:41.669+00	2
1160	Reforce a reserva e avalie aporte extra (1–2%) no Tesouro Selic.	neutra	2025-12-19 03:35:42.761+00	2
\.


--
-- Data for Name: financeiro_transacao; Type: TABLE DATA; Schema: public; Owner: spaco_jhusena_user
--

COPY public.financeiro_transacao (id, tipo, descricao, valor, data, categoria, venda_id) FROM stdin;
2	receita	Banho & Tosa	70.00	2025-10-05	Serviços	\N
3	despesa	shampoo	30.00	2025-10-05	Produtos	\N
10	despesa	shampoo	50.00	2025-11-04	Produtos	\N
11	receita	tosa	100.00	2025-11-03	Serviços	\N
12	despesa	Shampoo	60.00	2025-11-03	Produtos	\N
13	despesa	Ração	1000.00	2025-11-04	Despesas Fixas	\N
14	R	Venda #7	300.00	2025-11-18	Venda (PDV)	\N
15	receita	Venda #8	450.00	2025-11-21	Venda (PDV)	\N
16	R	Venda #11	350.00	2025-12-02	Venda (PDV)	\N
17	receita	Venda #11	350.00	2025-12-02	Vendas	11
18	R	Venda #12	350.00	2025-12-02	Venda (PDV)	\N
19	receita	Venda #12	350.00	2025-12-02	Vendas	12
20	R	Venda #13	300.00	2025-12-02	Venda (PDV)	\N
21	receita	Venda #13	300.00	2025-12-02	Vendas	13
22	R	Venda #14	300.00	2025-12-02	Venda (PDV)	\N
23	receita	Venda #14	300.00	2025-12-02	Vendas	14
24	receita	TESTE RECEITA	10.00	2025-12-04	\N	\N
25	despesa	TESTE DESPESA	5.00	2025-12-04	\N	\N
27	receita	banho completo	100.00	2025-12-05	banho	\N
29	despesa	compra de shampoo	20.00	2025-12-05	produtos	\N
30	R	Venda #15	200.00	2025-12-08	Venda (PDV)	\N
31	receita	Venda #15	200.00	2025-12-08	Vendas	15
32	R	Venda #16	200.00	2025-12-08	Venda (PDV)	\N
33	receita	Venda #16	200.00	2025-12-08	Vendas	16
34	R	Venda #17	200.00	2025-12-08	Venda (PDV)	\N
35	receita	Venda #17	200.00	2025-12-08	Vendas	17
36	R	Venda #18	200.00	2025-12-08	Venda (PDV)	\N
37	receita	Venda #18	200.00	2025-12-08	Vendas	18
38	R	Venda #19	200.00	2025-12-08	Venda (PDV)	\N
39	receita	Venda #19	200.00	2025-12-08	Vendas	19
40	R	Venda #20	200.00	2025-12-08	Venda (PDV)	\N
41	receita	Venda #20	200.00	2025-12-08	Vendas	20
43	receita	Venda #21	200.00	2025-12-08	Venda (PDV)	21
45	receita	Venda #22	200.00	2025-12-08	Venda (PDV)	22
47	receita	Venda #23	200.00	2025-12-08	Venda (PDV)	23
49	receita	Venda #24	1200.00	2025-12-08	Venda (PDV)	24
51	receita	Venda #25	2000.00	2025-12-09	Venda (PDV)	25
52	receita	Venda #28	10.00	2025-12-10	Venda (PDV)	28
53	R	Serviço concluído: Banho & Tosa —	70.00	2025-12-15	\N	\N
54	R	Serviço concluído: Banho & Tosa —	70.00	2025-12-15	\N	\N
55	R	Serviço concluído: Banho & Tosa —	70.00	2025-12-15	\N	\N
56	R	Serviço concluído: Banho & Tosa —	70.00	2025-12-15	\N	\N
57	R	Serviço concluído: Banho & Tosa —	70.00	2025-12-15	\N	\N
58	R	Serviço concluído: Banho & Tosa —	70.00	2025-12-15	\N	\N
59	R	Serviço concluído: Banho & Tosa —	70.00	2025-12-15	\N	\N
60	R	Serviço concluído: Banho & Tosa —	70.00	2025-12-15	\N	\N
61	R	Serviço concluído: Banho & Tosa —	70.00	2025-12-15	\N	\N
62	R	Serviço concluído: Banho & Tosa —	70.00	2025-12-15	\N	\N
63	R	Serviço concluído: Banho & Tosa —	70.00	2025-12-15	\N	\N
64	R	Serviço concluído: Banho & Tosa —	70.00	2025-12-15	\N	\N
65	R	Serviço concluído: Banho & Tosa —	70.00	2025-12-15	\N	\N
66	R	Serviço concluído: Banho & Tosa —	70.00	2025-12-15	\N	\N
67	R	Serviço concluído: Banho & Tosa —	70.00	2025-12-15	\N	\N
68	R	Serviço concluído: Banho & Tosa —	70.00	2025-12-15	\N	\N
69	R	Serviço concluído: Banho & Tosa —	70.00	2025-12-15	\N	\N
70	R	Serviço concluído: Banho & Tosa —	70.00	2025-12-15	\N	\N
71	R	Serviço concluído: Banho & Tosa —	70.00	2025-12-15	\N	\N
72	R	Serviço concluído: Banho & Tosa —	70.00	2025-12-15	\N	\N
73	R	Serviço concluído: Banho & Tosa —	70.00	2025-12-15	\N	\N
74	R	Serviço concluído: Banho & Tosa —	70.00	2025-12-16	\N	\N
75	R	Serviço concluído: Banho & Tosa —	70.00	2025-12-16	\N	\N
\.


--
-- Data for Name: notificacoes_canalnotificacaousuario; Type: TABLE DATA; Schema: public; Owner: spaco_jhusena_user
--

COPY public.notificacoes_canalnotificacaousuario (id, canal, destino, ativo, criado_em, usuario_id) FROM stdin;
3	telegram	6126423440	t	2025-11-24 22:07:51.951+00	2
\.


--
-- Data for Name: notificacoes_execucaoiaauto; Type: TABLE DATA; Schema: public; Owner: spaco_jhusena_user
--

COPY public.notificacoes_execucaoiaauto (id, criado_em, origem, tipo, texto, canal, sucesso_envio, erro_envio, meta, usuario_id) FROM stdin;
1	2025-11-27 17:55:07.258+00	auto	alerta	Corte 10–15% de despesas variáveis nesta semana e adie compras não essenciais.	telegram	t		{"fim": "2025-11-27", "tipo": "alerta", "saldo": -560.0, "inicio": "2025-10-28", "despesas": 1110.0, "receitas": 550.0, "margem_pct": -101.8, "plano_acao": "Corte 10–15% de despesas variáveis nesta semana e adie compras não essenciais.", "variacao_despesas_pct": 3600.0, "variacao_receitas_pct": 685.7}	\N
\.


--
-- Data for Name: notificacoes_notificacao; Type: TABLE DATA; Schema: public; Owner: spaco_jhusena_user
--

COPY public.notificacoes_notificacao (id, canal, destino, titulo, mensagem, status, erro_msg, criado_em, enviado_em, usuario_id) FROM stdin;
1	telegram	TESTE_LOCAL	Dica financeira da IA	Corte 10–15% de despesas variáveis nesta semana e adie compras não essenciais.	enviado		2025-11-24 19:24:18.443+00	2025-11-24 19:24:18.448+00	\N
2	telegram	TESTE_LOCAL	Dica financeira da IA	Corte 10–15% de despesas variáveis nesta semana e adie compras não essenciais.	enviado		2025-11-24 19:24:38.978+00	2025-11-24 19:24:38.982+00	\N
3	telegram	TESTE_LOCAL	Dica financeira da IA	Corte 10–15% de despesas variáveis nesta semana e adie compras não essenciais.	enviado		2025-11-24 19:35:10.781+00	2025-11-24 19:35:10.786+00	2
4	telegram	TESTE_LOCAL	Dica financeira da IA	Corte 10–15% de despesas variáveis nesta semana e adie compras não essenciais.	enviado		2025-11-24 19:35:39.321+00	2025-11-24 19:35:39.326+00	2
5	telegram	TESTE_LOCAL	Dica financeira da IA	Corte 10–15% de despesas variáveis nesta semana e adie compras não essenciais.	enviado		2025-11-24 19:38:08.412+00	2025-11-24 19:38:08.416+00	2
6	telegram	TESTE_LOCAL	Dica financeira da IA	Corte 10–15% de despesas variáveis nesta semana e adie compras não essenciais.	enviado		2025-11-24 19:40:32.204+00	2025-11-24 19:40:32.21+00	2
7	telegram	TESTE_LOCAL	Dica financeira da IA	Corte 10–15% de despesas variáveis nesta semana e adie compras não essenciais.	enviado		2025-11-24 20:01:13.648+00	2025-11-24 20:01:13.653+00	2
8	telegram	TESTE_LOCAL	Dica financeira da IA	Corte 10–15% de despesas variáveis nesta semana e adie compras não essenciais.	enviado		2025-11-24 20:43:08.159+00	2025-11-24 20:43:08.163+00	2
9	telegram	TESTE_LOCAL	Dica financeira da IA	Corte 10–15% de despesas variáveis nesta semana e adie compras não essenciais.	enviado		2025-11-24 20:45:33.404+00	2025-11-24 20:45:33.408+00	2
10	telegram	TESTE_LOCAL	Dica financeira da IA	Corte 10–15% de despesas variáveis nesta semana e adie compras não essenciais.	enviado		2025-11-24 20:46:24.068+00	2025-11-24 20:46:24.073+00	2
11	telegram	TESTE_LOCAL	Dica financeira da IA	Corte 10–15% de despesas variáveis nesta semana e adie compras não essenciais.	enviado		2025-11-24 20:47:50.675+00	2025-11-24 20:47:50.68+00	2
14	telegram	6126423440	Dica financeira da IA	Corte 10–15% de despesas variáveis nesta semana e adie compras não essenciais.	enviado		2025-11-24 22:09:17.253+00	2025-11-24 22:09:28.467+00	2
15	telegram	6126423440	Dica financeira da IA	📊 *Dica Inteligente da IA*\nPeríodo analisado:  → \nTipo: ℹ️ Neutra\n\n💡 Corte 10–15% de despesas variáveis nesta semana e adie compras não essenciais.\n\n_Spaço da Jhuséna — Inteligência Financeira_	enviado		2025-11-24 22:46:50.056+00	2025-11-24 22:47:01.228+00	2
16	telegram	6126423440	Dica financeira da IA	📊 *Dica Inteligente da IA*\nPeríodo analisado:  → \nTipo: ℹ️ Neutra\n\n💡 Corte 10–15% de despesas variáveis nesta semana e adie compras não essenciais.\n\n_Spaço da Jhuséna — Inteligência Financeira_	enviado		2025-11-24 22:47:19.791+00	2025-11-24 22:47:31.012+00	2
17	telegram	6126423440	Dica financeira da IA	📊 *Dica Inteligente da IA*\nPeríodo analisado:  → \nTipo: ℹ️ Neutra\n\n💡 Corte 10–15% de despesas variáveis nesta semana e adie compras não essenciais.\n\n_Spaço da Jhuséna — Inteligência Financeira_	enviado		2025-11-24 23:12:03.524+00	2025-11-24 23:12:14.675+00	2
18	telegram	6126423440	Dica financeira da IA	📊 *Dica Inteligente da IA*\nPeríodo analisado:  → \nTipo: ℹ️ Neutra\n\n💡 Corte 10–15% de despesas variáveis nesta semana e adie compras não essenciais.\n\n_Spaço da Jhuséna — Inteligência Financeira_	enviado		2025-11-24 23:39:16.438+00	2025-11-24 23:39:27.857+00	2
19	telegram	6126423440	Dica financeira da IA	📊 *Dica Inteligente da IA*\nPeríodo analisado:  → \nTipo: ℹ️ Neutra\n\n💡 Corte 10–15% de despesas variáveis nesta semana e adie compras não essenciais.\n\n_Spaço da Jhuséna — Inteligência Financeira_	enviado		2025-11-24 23:59:49.937+00	2025-11-25 00:00:01.159+00	2
20	telegram	6126423440	Dica financeira da IA	📊 *Dica Inteligente da IA*\nPeríodo analisado:  → \nTipo: ℹ️ Neutra\n\n💡 Corte 10–15% de despesas variáveis nesta semana e adie compras não essenciais.\n\n_Spaço da Jhuséna — Inteligência Financeira_	enviado		2025-11-25 00:02:59.788+00	2025-11-25 00:03:11.026+00	2
21	telegram	6126423440	Dica financeira da IA	📊 *Dica Inteligente da IA*\nPeríodo analisado:  → \nTipo: ℹ️ Neutra\n\n💡 Corte 10–15% de despesas variáveis nesta semana e adie compras não essenciais.\n\n_Spaço da Jhuséna — Inteligência Financeira_	enviado		2025-11-25 00:41:31.809+00	2025-11-25 00:41:43.005+00	2
22	telegram	6126423440	Dica financeira da IA	📊 *Dica Inteligente da IA*\nPeríodo analisado:  → \nTipo: ℹ️ Neutra\n\n💡 Corte 10–15% de despesas variáveis nesta semana e adie compras não essenciais.\n\n_Spaço da Jhuséna — Inteligência Financeira_	enviado		2025-11-25 00:43:45.68+00	2025-11-25 00:43:56.872+00	2
23	telegram	6126423440	Dica financeira da IA	📊 *Dica Inteligente da IA*\nPeríodo analisado:  → \nTipo: ℹ️ Neutra\n\n💡 Corte 10–15% de despesas variáveis nesta semana e adie compras não essenciais.\n\n_Spaço da Jhuséna — Inteligência Financeira_	enviado		2025-11-25 01:05:49.153+00	2025-11-25 01:06:00.348+00	2
24	telegram	6126423440	Dica financeira da IA	📊 *Dica Inteligente da IA*\nPeríodo analisado:  → \nTipo: ℹ️ Neutra\n\n💡 Corte 10–15% de despesas variáveis nesta semana e adie compras não essenciais.\n\n_Spaço da Jhuséna — Inteligência Financeira_	enviado		2025-11-25 22:42:08.781+00	2025-11-25 22:42:20.117+00	2
25	whatsapp	TESTE_LOCAL	Dica financeira da IA	Corte 10–15% de despesas variáveis nesta semana e adie compras não essenciais.	enviado		2025-11-25 22:53:56.982+00	2025-11-25 22:53:56.987+00	2
26	whatsapp	TESTE_LOCAL	Dica financeira da IA	Corte 10–15% de despesas variáveis nesta semana e adie compras não essenciais.	enviado		2025-11-26 23:34:59.633+00	2025-11-26 23:34:59.638+00	2
27	whatsapp	TESTE_LOCAL	Dica financeira da IA	Corte 10–15% de despesas variáveis nesta semana e adie compras não essenciais.	enviado		2025-11-27 00:55:12.569+00	2025-11-27 00:55:12.575+00	2
28	telegram	6126423440	Dica financeira da IA	📊 *Dica Inteligente da IA*\nPeríodo analisado:  → \nTipo: ℹ️ Neutra\n\n💡 Corte 10–15% de despesas variáveis nesta semana e adie compras não essenciais.\n\n_Spaço da Jhuséna — Inteligência Financeira_	enviado		2025-11-27 00:55:16.79+00	2025-11-27 00:55:28.258+00	2
29	whatsapp	TESTE_LOCAL	Dica financeira da IA	Corte 10–15% de despesas variáveis nesta semana e adie compras não essenciais.	enviado		2025-11-27 15:50:14.111+00	2025-11-27 15:50:14.117+00	2
30	whatsapp	TESTE_LOCAL	Dica financeira da IA	Corte 10–15% de despesas variáveis nesta semana e adie compras não essenciais.	enviado		2025-12-02 21:39:41.602+00	2025-12-02 21:39:41.607+00	2
31	telegram	6126423440	Dica financeira da IA	📊 *Dica Inteligente da IA*\nPeríodo analisado:  → \nTipo: ℹ️ Neutra\n\n💡 Corte 10–15% de despesas variáveis nesta semana e adie compras não essenciais.\n\n_Spaço da Jhuséna — Inteligência Financeira_	enviado		2025-12-02 21:39:58.436+00	2025-12-02 21:40:09.951+00	2
32	whatsapp	TESTE_LOCAL	Dica financeira da IA	Corte 10–15% de despesas variáveis nesta semana e adie compras não essenciais.	enviado		2025-12-02 21:40:16.751+00	2025-12-02 21:40:16.756+00	2
33	whatsapp	TESTE_LOCAL	Dica financeira da IA	Corte 10–15% de despesas variáveis nesta semana e adie compras não essenciais.	enviado		2025-12-02 21:49:21.918+00	2025-12-02 21:49:21.923+00	2
34	whatsapp	TESTE_LOCAL	Dica financeira da IA	Corte 10–15% de despesas variáveis nesta semana e adie compras não essenciais.	enviado		2025-12-02 21:56:36.856+00	2025-12-02 21:56:36.861+00	2
35	whatsapp	TESTE_LOCAL	Dica financeira da IA	Corte 10–15% de despesas variáveis nesta semana e adie compras não essenciais.	enviado		2025-12-02 22:01:34.974+00	2025-12-02 22:01:34.979+00	2
36	whatsapp	TESTE_LOCAL	Dica financeira da IA	Corte 10–15% de despesas variáveis nesta semana e adie compras não essenciais.	enviado		2025-12-02 22:01:43.012+00	2025-12-02 22:01:43.016+00	2
37	whatsapp	TESTE_LOCAL	Dica financeira da IA	Corte 10–15% de despesas variáveis nesta semana e adie compras não essenciais.	enviado		2025-12-02 22:01:48.322+00	2025-12-02 22:01:48.327+00	2
38	whatsapp	TESTE_LOCAL	Dica financeira da IA	Corte 10–15% de despesas variáveis nesta semana e adie compras não essenciais.	enviado		2025-12-02 22:01:51.036+00	2025-12-02 22:01:51.04+00	2
39	whatsapp	TESTE_LOCAL	Dica financeira da IA	Corte 10–15% de despesas variáveis nesta semana e adie compras não essenciais.	enviado		2025-12-02 22:01:54.877+00	2025-12-02 22:01:54.882+00	2
40	whatsapp	TESTE_LOCAL	Dica financeira da IA	Reforce a reserva e avalie aporte extra (1–2%) no Tesouro Selic.	enviado		2025-12-02 22:05:05.494+00	2025-12-02 22:05:05.501+00	2
41	whatsapp	TESTE_LOCAL	Dica financeira da IA	Reforce a reserva e avalie aporte extra (1–2%) no Tesouro Selic.	enviado		2025-12-02 22:10:01.905+00	2025-12-02 22:10:01.91+00	2
42	whatsapp	TESTE_LOCAL	Dica financeira da IA	Reforce a reserva e avalie aporte extra (1–2%) no Tesouro Selic.	enviado		2025-12-02 22:10:11.014+00	2025-12-02 22:10:11.031+00	2
43	whatsapp	TESTE_LOCAL	Dica financeira da IA	Reforce a reserva e avalie aporte extra (1–2%) no Tesouro Selic.	enviado		2025-12-02 22:10:44.147+00	2025-12-02 22:10:44.152+00	2
44	whatsapp	TESTE_LOCAL	Dica financeira da IA	Reforce a reserva e avalie aporte extra (1–2%) no Tesouro Selic.	enviado		2025-12-02 22:10:47.114+00	2025-12-02 22:10:47.119+00	2
45	whatsapp	TESTE_LOCAL	Dica financeira da IA	Reforce a reserva e avalie aporte extra (1–2%) no Tesouro Selic.	enviado		2025-12-02 22:11:02.712+00	2025-12-02 22:11:02.716+00	2
46	whatsapp	TESTE_LOCAL	Dica financeira da IA	Reforce a reserva e avalie aporte extra (1–2%) no Tesouro Selic.	enviado		2025-12-02 22:11:05.97+00	2025-12-02 22:11:05.975+00	2
47	whatsapp	TESTE_LOCAL	Dica financeira da IA	Reforce a reserva e avalie aporte extra (1–2%) no Tesouro Selic.	enviado		2025-12-02 22:11:35.001+00	2025-12-02 22:11:35.005+00	2
48	whatsapp	TESTE_LOCAL	Dica financeira da IA	Reforce a reserva e avalie aporte extra (1–2%) no Tesouro Selic.	enviado		2025-12-02 22:11:50.115+00	2025-12-02 22:11:50.119+00	2
49	whatsapp	TESTE_LOCAL	Dica financeira da IA	Reforce a reserva e avalie aporte extra (1–2%) no Tesouro Selic.	enviado		2025-12-02 22:12:18.613+00	2025-12-02 22:12:18.619+00	2
50	whatsapp	TESTE_LOCAL	Dica financeira da IA	Reforce a reserva e avalie aporte extra (1–2%) no Tesouro Selic.	enviado		2025-12-02 22:12:23.003+00	2025-12-02 22:12:23.009+00	2
51	whatsapp	TESTE_LOCAL	Dica financeira da IA	Reforce a reserva e avalie aporte extra (1–2%) no Tesouro Selic.	enviado		2025-12-02 22:12:33.746+00	2025-12-02 22:12:33.751+00	2
52	whatsapp	TESTE_LOCAL	Dica financeira da IA	Reforce a reserva e avalie aporte extra (1–2%) no Tesouro Selic.	enviado		2025-12-02 22:12:41.491+00	2025-12-02 22:12:41.496+00	2
53	whatsapp	TESTE_LOCAL	Dica financeira da IA	Reforce a reserva e avalie aporte extra (1–2%) no Tesouro Selic.	enviado		2025-12-02 22:12:49.079+00	2025-12-02 22:12:49.102+00	2
54	whatsapp	TESTE_LOCAL	Dica financeira da IA	Reforce a reserva e avalie aporte extra (1–2%) no Tesouro Selic.	enviado		2025-12-02 22:14:51.367+00	2025-12-02 22:14:51.371+00	2
55	whatsapp	TESTE_LOCAL	Dica financeira da IA	Reforce a reserva e avalie aporte extra (1–2%) no Tesouro Selic.	enviado		2025-12-02 22:17:34.983+00	2025-12-02 22:17:34.987+00	2
56	whatsapp	TESTE_LOCAL	Dica financeira da IA	Reforce a reserva e avalie aporte extra (1–2%) no Tesouro Selic.	enviado		2025-12-02 22:17:38.479+00	2025-12-02 22:17:38.484+00	2
57	whatsapp	TESTE_LOCAL	Dica financeira da IA	Reforce a reserva e avalie aporte extra (1–2%) no Tesouro Selic.	enviado		2025-12-02 22:17:45.043+00	2025-12-02 22:17:45.048+00	2
58	whatsapp	TESTE_LOCAL	Dica financeira da IA	Reforce a reserva e avalie aporte extra (1–2%) no Tesouro Selic.	enviado		2025-12-02 22:17:46.189+00	2025-12-02 22:17:46.194+00	2
59	whatsapp	TESTE_LOCAL	Dica financeira da IA	Reforce a reserva e avalie aporte extra (1–2%) no Tesouro Selic.	enviado		2025-12-02 22:17:47.727+00	2025-12-02 22:17:47.732+00	2
60	whatsapp	TESTE_LOCAL	Dica financeira da IA	Reforce a reserva e avalie aporte extra (1–2%) no Tesouro Selic.	enviado		2025-12-02 22:18:09.34+00	2025-12-02 22:18:09.344+00	2
61	whatsapp	TESTE_LOCAL	Dica financeira da IA	Reforce a reserva e avalie aporte extra (1–2%) no Tesouro Selic.	enviado		2025-12-02 22:18:14.437+00	2025-12-02 22:18:14.442+00	2
62	whatsapp	TESTE_LOCAL	Dica financeira da IA	Reforce a reserva e avalie aporte extra (1–2%) no Tesouro Selic.	enviado		2025-12-02 22:18:17.558+00	2025-12-02 22:18:17.563+00	2
63	telegram	TESTE_LOCAL	Dica financeira da IA	📊 *Dica Inteligente da IA*\nPeríodo analisado: 2025-11-01 → 2025-11-30\nTipo: ✅ Positiva\n\n💡 Teste de Telegram do Spaço da Jhuséna\n\n_Spaço da Jhuséna — Inteligência Financeira_	erro	Erro do Telegram API: status=400, body={'ok': False, 'error_code': 400, 'description': 'Bad Request: chat not found'}	2025-12-02 23:12:39.132+00	\N	1
64	telegram	6126423440	Dica financeira da IA	📊 *Dica Inteligente da IA*\nPeríodo analisado:  → \nTipo: ℹ️ Neutra\n\n💡 Reforce a reserva e avalie aporte extra (1–2%) no Tesouro Selic.\n\n_Spaço da Jhuséna — Inteligência Financeira_	enviado		2025-12-02 23:15:01.87+00	2025-12-02 23:15:13.076+00	2
65	telegram	TESTE_LOCAL	Dica financeira da IA	📊 *Resumo da Semana — Spaço da Jhuséna*\nPeríodo: 2025-12-01 → 2025-12-07\n\n💰 *Receitas:* R$ 2.600,00\n💸 *Despesas:* R$ 0,00\n💵 *Saldo:* R$ 2.600,00\n📈 *Margem:* 100.0%\n\n✅ Nenhum alerta detectado. Semana saudável!\n\n💡 Sugestão: Considere um pequeno aporte no Tesouro Selic.\n\n_Spaço da Jhuséna — Inteligência Financeira 🐾_	erro	Erro do Telegram API: status=400, body={'ok': False, 'error_code': 400, 'description': 'Bad Request: chat not found'}	2025-12-02 23:58:32.568+00	\N	1
66	telegram	6126423440	Dica financeira da IA	📊 *Resumo da Semana — Spaço da Jhuséna*\nPeríodo: 2025-12-01 → 2025-12-07\n\n💰 *Receitas:* R$ 2.600,00\n💸 *Despesas:* R$ 0,00\n💵 *Saldo:* R$ 2.600,00\n📈 *Margem:* 100.0%\n\n✅ Nenhum alerta detectado. Semana saudável!\n\n💡 Sugestão: Considere um pequeno aporte no Tesouro Selic.\n\n_Spaço da Jhuséna — Inteligência Financeira 🐾_	enviado		2025-12-02 23:58:43.738+00	2025-12-02 23:58:54.91+00	2
67	telegram	TESTE_LOCAL	Dica financeira da IA	📊 *Resumo da Semana — Spaço da Jhuséna*\nPeríodo: 2025-12-01 → 2025-12-07\n\n💰 *Receitas:* R$ 2.600,00\n💸 *Despesas:* R$ 0,00\n💵 *Saldo:* R$ 2.600,00\n📈 *Margem:* 100.0%\n\n✅ Nenhum alerta detectado. Semana saudável!\n\n💡 Sugestão: Considere um pequeno aporte no Tesouro Selic.\n\n_Spaço da Jhuséna — Inteligência Financeira 🐾_	erro	Erro do Telegram API: status=400, body={'ok': False, 'error_code': 400, 'description': 'Bad Request: chat not found'}	2025-12-03 00:28:28.179+00	\N	1
68	telegram	6126423440	Dica financeira da IA	📊 *Resumo da Semana — Spaço da Jhuséna*\nPeríodo: 2025-12-01 → 2025-12-07\n\n💰 *Receitas:* R$ 2.600,00\n💸 *Despesas:* R$ 0,00\n💵 *Saldo:* R$ 2.600,00\n📈 *Margem:* 100.0%\n\n✅ Nenhum alerta detectado. Semana saudável!\n\n💡 Sugestão: Considere um pequeno aporte no Tesouro Selic.\n\n_Spaço da Jhuséna — Inteligência Financeira 🐾_	enviado		2025-12-03 00:28:39.229+00	2025-12-03 00:28:50.42+00	2
147	whatsapp	TESTE_LOCAL	Dica financeira da IA	Reforce a reserva e avalie aporte extra (1–2%) no Tesouro Selic.	enviado		2025-12-05 16:23:35.943+00	2025-12-05 16:23:35.948+00	2
148	whatsapp	TESTE_LOCAL	Dica financeira da IA	Reforce a reserva e avalie aporte extra (1–2%) no Tesouro Selic.	enviado		2025-12-05 21:28:04.523+00	2025-12-05 21:28:04.527+00	2
69	telegram	TESTE_LOCAL	Dica financeira da IA	📊 *Resumo da Semana — Spaço da Jhuséna*\nPeríodo: 2025-12-01 → 2025-12-07\n\n💰 *Receitas:* R$ 2.600,00\n💸 *Despesas:* R$ 0,00\n💵 *Saldo:* R$ 2.600,00\n📈 *Margem:* 100.0%\n\n✅ Nenhum alerta detectado. Semana saudável!\n\n💡 Sugestão: Considere um pequeno aporte no Tesouro Selic.\n\n_Spaço da Jhuséna — Inteligência Financeira 🐾_	erro	Erro do Telegram API: status=400, body={'ok': False, 'error_code': 400, 'description': 'Bad Request: chat not found'}	2025-12-03 00:29:28.172+00	\N	1
70	telegram	6126423440	Dica financeira da IA	📊 *Resumo da Semana — Spaço da Jhuséna*\nPeríodo: 2025-12-01 → 2025-12-07\n\n💰 *Receitas:* R$ 2.600,00\n💸 *Despesas:* R$ 0,00\n💵 *Saldo:* R$ 2.600,00\n📈 *Margem:* 100.0%\n\n✅ Nenhum alerta detectado. Semana saudável!\n\n💡 Sugestão: Considere um pequeno aporte no Tesouro Selic.\n\n_Spaço da Jhuséna — Inteligência Financeira 🐾_	enviado		2025-12-03 00:29:39.19+00	2025-12-03 00:29:50.363+00	2
71	telegram	TESTE_LOCAL	Dica financeira da IA	📊 *Resumo da Semana — Spaço da Jhuséna*\nPeríodo: 2025-12-01 → 2025-12-07\n\n💰 *Receitas:* R$ 2.600,00\n💸 *Despesas:* R$ 0,00\n💵 *Saldo:* R$ 2.600,00\n📈 *Margem:* 100.0%\n\n✅ Nenhum alerta detectado. Semana saudável!\n\n💡 Sugestão: Considere um pequeno aporte no Tesouro Selic.\n\n_Spaço da Jhuséna — Inteligência Financeira 🐾_	erro	Erro do Telegram API: status=400, body={'ok': False, 'error_code': 400, 'description': 'Bad Request: chat not found'}	2025-12-03 00:30:28.158+00	\N	1
72	telegram	6126423440	Dica financeira da IA	📊 *Resumo da Semana — Spaço da Jhuséna*\nPeríodo: 2025-12-01 → 2025-12-07\n\n💰 *Receitas:* R$ 2.600,00\n💸 *Despesas:* R$ 0,00\n💵 *Saldo:* R$ 2.600,00\n📈 *Margem:* 100.0%\n\n✅ Nenhum alerta detectado. Semana saudável!\n\n💡 Sugestão: Considere um pequeno aporte no Tesouro Selic.\n\n_Spaço da Jhuséna — Inteligência Financeira 🐾_	enviado		2025-12-03 00:30:39.166+00	2025-12-03 00:30:50.33+00	2
73	telegram	TESTE_LOCAL	Dica financeira da IA	📊 *Resumo da Semana — Spaço da Jhuséna*\nPeríodo: 2025-12-01 → 2025-12-07\n\n💰 *Receitas:* R$ 2.600,00\n💸 *Despesas:* R$ 0,00\n💵 *Saldo:* R$ 2.600,00\n📈 *Margem:* 100.0%\n\n✅ Nenhum alerta detectado. Semana saudável!\n\n💡 Sugestão: Considere um pequeno aporte no Tesouro Selic.\n\n_Spaço da Jhuséna — Inteligência Financeira 🐾_	erro	Erro do Telegram API: status=400, body={'ok': False, 'error_code': 400, 'description': 'Bad Request: chat not found'}	2025-12-03 00:31:28.178+00	\N	1
74	telegram	6126423440	Dica financeira da IA	📊 *Resumo da Semana — Spaço da Jhuséna*\nPeríodo: 2025-12-01 → 2025-12-07\n\n💰 *Receitas:* R$ 2.600,00\n💸 *Despesas:* R$ 0,00\n💵 *Saldo:* R$ 2.600,00\n📈 *Margem:* 100.0%\n\n✅ Nenhum alerta detectado. Semana saudável!\n\n💡 Sugestão: Considere um pequeno aporte no Tesouro Selic.\n\n_Spaço da Jhuséna — Inteligência Financeira 🐾_	enviado		2025-12-03 00:31:39.216+00	2025-12-03 00:31:50.314+00	2
75	telegram	TESTE_LOCAL	Dica financeira da IA	📊 *Resumo da Semana — Spaço da Jhuséna*\nPeríodo: 2025-12-01 → 2025-12-07\n\n💰 *Receitas:* R$ 2.600,00\n💸 *Despesas:* R$ 0,00\n💵 *Saldo:* R$ 2.600,00\n📈 *Margem:* 100.0%\n\n✅ Nenhum alerta detectado. Semana saudável!\n\n💡 Sugestão: Considere um pequeno aporte no Tesouro Selic.\n\n_Spaço da Jhuséna — Inteligência Financeira 🐾_	erro	Erro do Telegram API: status=400, body={'ok': False, 'error_code': 400, 'description': 'Bad Request: chat not found'}	2025-12-03 00:32:28.179+00	\N	1
76	telegram	6126423440	Dica financeira da IA	📊 *Resumo da Semana — Spaço da Jhuséna*\nPeríodo: 2025-12-01 → 2025-12-07\n\n💰 *Receitas:* R$ 2.600,00\n💸 *Despesas:* R$ 0,00\n💵 *Saldo:* R$ 2.600,00\n📈 *Margem:* 100.0%\n\n✅ Nenhum alerta detectado. Semana saudável!\n\n💡 Sugestão: Considere um pequeno aporte no Tesouro Selic.\n\n_Spaço da Jhuséna — Inteligência Financeira 🐾_	enviado		2025-12-03 00:32:39.351+00	2025-12-03 00:32:50.503+00	2
77	telegram	TESTE_LOCAL	Dica financeira da IA	📊 *Resumo da Semana — Spaço da Jhuséna*\nPeríodo: 2025-12-01 → 2025-12-07\n\n💰 *Receitas:* R$ 2.600,00\n💸 *Despesas:* R$ 0,00\n💵 *Saldo:* R$ 2.600,00\n📈 *Margem:* 100.0%\n\n✅ Nenhum alerta detectado. Semana saudável!\n\n💡 Sugestão: Considere um pequeno aporte no Tesouro Selic.\n\n_Spaço da Jhuséna — Inteligência Financeira 🐾_	erro	Erro do Telegram API: status=400, body={'ok': False, 'error_code': 400, 'description': 'Bad Request: chat not found'}	2025-12-03 00:33:28.178+00	\N	1
78	telegram	6126423440	Dica financeira da IA	📊 *Resumo da Semana — Spaço da Jhuséna*\nPeríodo: 2025-12-01 → 2025-12-07\n\n💰 *Receitas:* R$ 2.600,00\n💸 *Despesas:* R$ 0,00\n💵 *Saldo:* R$ 2.600,00\n📈 *Margem:* 100.0%\n\n✅ Nenhum alerta detectado. Semana saudável!\n\n💡 Sugestão: Considere um pequeno aporte no Tesouro Selic.\n\n_Spaço da Jhuséna — Inteligência Financeira 🐾_	enviado		2025-12-03 00:33:39.203+00	2025-12-03 00:33:50.325+00	2
79	telegram	TESTE_LOCAL	Dica financeira da IA	📊 *Resumo da Semana — Spaço da Jhuséna*\nPeríodo: 2025-12-01 → 2025-12-07\n\n💰 *Receitas:* R$ 2.600,00\n💸 *Despesas:* R$ 0,00\n💵 *Saldo:* R$ 2.600,00\n📈 *Margem:* 100.0%\n\n✅ Nenhum alerta detectado. Semana saudável!\n\n💡 Sugestão: Considere um pequeno aporte no Tesouro Selic.\n\n_Spaço da Jhuséna — Inteligência Financeira 🐾_	erro	Erro do Telegram API: status=400, body={'ok': False, 'error_code': 400, 'description': 'Bad Request: chat not found'}	2025-12-03 00:34:28.179+00	\N	1
80	telegram	6126423440	Dica financeira da IA	📊 *Resumo da Semana — Spaço da Jhuséna*\nPeríodo: 2025-12-01 → 2025-12-07\n\n💰 *Receitas:* R$ 2.600,00\n💸 *Despesas:* R$ 0,00\n💵 *Saldo:* R$ 2.600,00\n📈 *Margem:* 100.0%\n\n✅ Nenhum alerta detectado. Semana saudável!\n\n💡 Sugestão: Considere um pequeno aporte no Tesouro Selic.\n\n_Spaço da Jhuséna — Inteligência Financeira 🐾_	enviado		2025-12-03 00:34:39.227+00	2025-12-03 00:34:50.351+00	2
81	telegram	TESTE_LOCAL	Dica financeira da IA	📊 *Resumo da Semana — Spaço da Jhuséna*\nPeríodo: 2025-12-01 → 2025-12-07\n\n💰 *Receitas:* R$ 2.600,00\n💸 *Despesas:* R$ 0,00\n💵 *Saldo:* R$ 2.600,00\n📈 *Margem:* 100.0%\n\n✅ Nenhum alerta detectado. Semana saudável!\n\n💡 Sugestão: Considere um pequeno aporte no Tesouro Selic.\n\n_Spaço da Jhuséna — Inteligência Financeira 🐾_	erro	Erro do Telegram API: status=400, body={'ok': False, 'error_code': 400, 'description': 'Bad Request: chat not found'}	2025-12-03 00:35:28.171+00	\N	1
82	telegram	6126423440	Dica financeira da IA	📊 *Resumo da Semana — Spaço da Jhuséna*\nPeríodo: 2025-12-01 → 2025-12-07\n\n💰 *Receitas:* R$ 2.600,00\n💸 *Despesas:* R$ 0,00\n💵 *Saldo:* R$ 2.600,00\n📈 *Margem:* 100.0%\n\n✅ Nenhum alerta detectado. Semana saudável!\n\n💡 Sugestão: Considere um pequeno aporte no Tesouro Selic.\n\n_Spaço da Jhuséna — Inteligência Financeira 🐾_	enviado		2025-12-03 00:35:39.22+00	2025-12-03 00:35:50.355+00	2
83	telegram	TESTE_LOCAL	Dica financeira da IA	📊 *Resumo da Semana — Spaço da Jhuséna*\nPeríodo: 2025-12-01 → 2025-12-07\n\n💰 *Receitas:* R$ 2.600,00\n💸 *Despesas:* R$ 0,00\n💵 *Saldo:* R$ 2.600,00\n📈 *Margem:* 100.0%\n\n✅ Nenhum alerta detectado. Semana saudável!\n\n💡 Sugestão: Considere um pequeno aporte no Tesouro Selic.\n\n_Spaço da Jhuséna — Inteligência Financeira 🐾_	erro	Erro do Telegram API: status=400, body={'ok': False, 'error_code': 400, 'description': 'Bad Request: chat not found'}	2025-12-03 00:36:28.17+00	\N	1
84	telegram	6126423440	Dica financeira da IA	📊 *Resumo da Semana — Spaço da Jhuséna*\nPeríodo: 2025-12-01 → 2025-12-07\n\n💰 *Receitas:* R$ 2.600,00\n💸 *Despesas:* R$ 0,00\n💵 *Saldo:* R$ 2.600,00\n📈 *Margem:* 100.0%\n\n✅ Nenhum alerta detectado. Semana saudável!\n\n💡 Sugestão: Considere um pequeno aporte no Tesouro Selic.\n\n_Spaço da Jhuséna — Inteligência Financeira 🐾_	enviado		2025-12-03 00:36:39.177+00	2025-12-03 00:36:50.264+00	2
85	telegram	TESTE_LOCAL	Dica financeira da IA	📊 *Resumo da Semana — Spaço da Jhuséna*\nPeríodo: 2025-12-01 → 2025-12-07\n\n💰 *Receitas:* R$ 2.600,00\n💸 *Despesas:* R$ 0,00\n💵 *Saldo:* R$ 2.600,00\n📈 *Margem:* 100.0%\n\n✅ Nenhum alerta detectado. Semana saudável!\n\n💡 Sugestão: Considere um pequeno aporte no Tesouro Selic.\n\n_Spaço da Jhuséna — Inteligência Financeira 🐾_	erro	Erro do Telegram API: status=400, body={'ok': False, 'error_code': 400, 'description': 'Bad Request: chat not found'}	2025-12-03 00:37:28.179+00	\N	1
86	telegram	6126423440	Dica financeira da IA	📊 *Resumo da Semana — Spaço da Jhuséna*\nPeríodo: 2025-12-01 → 2025-12-07\n\n💰 *Receitas:* R$ 2.600,00\n💸 *Despesas:* R$ 0,00\n💵 *Saldo:* R$ 2.600,00\n📈 *Margem:* 100.0%\n\n✅ Nenhum alerta detectado. Semana saudável!\n\n💡 Sugestão: Considere um pequeno aporte no Tesouro Selic.\n\n_Spaço da Jhuséna — Inteligência Financeira 🐾_	enviado		2025-12-03 00:37:39.534+00	2025-12-03 00:37:50.649+00	2
87	telegram	TESTE_LOCAL	Dica financeira da IA	📊 *Resumo da Semana — Spaço da Jhuséna*\nPeríodo: 2025-12-01 → 2025-12-07\n\n💰 *Receitas:* R$ 2.600,00\n💸 *Despesas:* R$ 0,00\n💵 *Saldo:* R$ 2.600,00\n📈 *Margem:* 100.0%\n\n✅ Nenhum alerta detectado. Semana saudável!\n\n💡 Sugestão: Considere um pequeno aporte no Tesouro Selic.\n\n_Spaço da Jhuséna — Inteligência Financeira 🐾_	erro	Erro do Telegram API: status=400, body={'ok': False, 'error_code': 400, 'description': 'Bad Request: chat not found'}	2025-12-03 00:38:28.178+00	\N	1
88	telegram	6126423440	Dica financeira da IA	📊 *Resumo da Semana — Spaço da Jhuséna*\nPeríodo: 2025-12-01 → 2025-12-07\n\n💰 *Receitas:* R$ 2.600,00\n💸 *Despesas:* R$ 0,00\n💵 *Saldo:* R$ 2.600,00\n📈 *Margem:* 100.0%\n\n✅ Nenhum alerta detectado. Semana saudável!\n\n💡 Sugestão: Considere um pequeno aporte no Tesouro Selic.\n\n_Spaço da Jhuséna — Inteligência Financeira 🐾_	enviado		2025-12-03 00:38:39.207+00	2025-12-03 00:38:40.439+00	2
89	telegram	TESTE_LOCAL	Dica financeira da IA	📊 *Resumo da Semana — Spaço da Jhuséna*\nPeríodo: 2025-12-01 → 2025-12-07\n\n💰 *Receitas:* R$ 2.600,00\n💸 *Despesas:* R$ 0,00\n💵 *Saldo:* R$ 2.600,00\n📈 *Margem:* 100.0%\n\n✅ Nenhum alerta detectado. Semana saudável!\n\n💡 Sugestão: Considere um pequeno aporte no Tesouro Selic.\n\n_Spaço da Jhuséna — Inteligência Financeira 🐾_	erro	Erro do Telegram API: status=400, body={'ok': False, 'error_code': 400, 'description': 'Bad Request: chat not found'}	2025-12-03 00:39:28.17+00	\N	1
90	telegram	6126423440	Dica financeira da IA	📊 *Resumo da Semana — Spaço da Jhuséna*\nPeríodo: 2025-12-01 → 2025-12-07\n\n💰 *Receitas:* R$ 2.600,00\n💸 *Despesas:* R$ 0,00\n💵 *Saldo:* R$ 2.600,00\n📈 *Margem:* 100.0%\n\n✅ Nenhum alerta detectado. Semana saudável!\n\n💡 Sugestão: Considere um pequeno aporte no Tesouro Selic.\n\n_Spaço da Jhuséna — Inteligência Financeira 🐾_	enviado		2025-12-03 00:39:29.231+00	2025-12-03 00:39:40.455+00	2
91	telegram	TESTE_LOCAL	Dica financeira da IA	📊 *Resumo da Semana — Spaço da Jhuséna*\nPeríodo: 2025-12-01 → 2025-12-07\n\n💰 *Receitas:* R$ 2.600,00\n💸 *Despesas:* R$ 0,00\n💵 *Saldo:* R$ 2.600,00\n📈 *Margem:* 100.0%\n\n✅ Nenhum alerta detectado. Semana saudável!\n\n💡 Sugestão: Considere um pequeno aporte no Tesouro Selic.\n\n_Spaço da Jhuséna — Inteligência Financeira 🐾_	erro	Erro do Telegram API: status=400, body={'ok': False, 'error_code': 400, 'description': 'Bad Request: chat not found'}	2025-12-03 00:40:28.178+00	\N	1
92	telegram	6126423440	Dica financeira da IA	📊 *Resumo da Semana — Spaço da Jhuséna*\nPeríodo: 2025-12-01 → 2025-12-07\n\n💰 *Receitas:* R$ 2.600,00\n💸 *Despesas:* R$ 0,00\n💵 *Saldo:* R$ 2.600,00\n📈 *Margem:* 100.0%\n\n✅ Nenhum alerta detectado. Semana saudável!\n\n💡 Sugestão: Considere um pequeno aporte no Tesouro Selic.\n\n_Spaço da Jhuséna — Inteligência Financeira 🐾_	enviado		2025-12-03 00:40:39.197+00	2025-12-03 00:40:50.308+00	2
93	telegram	TESTE_LOCAL	Dica financeira da IA	📊 *Resumo da Semana — Spaço da Jhuséna*\nPeríodo: 2025-12-01 → 2025-12-07\n\n💰 *Receitas:* R$ 2.600,00\n💸 *Despesas:* R$ 0,00\n💵 *Saldo:* R$ 2.600,00\n📈 *Margem:* 100.0%\n\n✅ Nenhum alerta detectado. Semana saudável!\n\n💡 Sugestão: Considere um pequeno aporte no Tesouro Selic.\n\n_Spaço da Jhuséna — Inteligência Financeira 🐾_	erro	Erro do Telegram API: status=400, body={'ok': False, 'error_code': 400, 'description': 'Bad Request: chat not found'}	2025-12-03 00:41:28.177+00	\N	1
94	telegram	6126423440	Dica financeira da IA	📊 *Resumo da Semana — Spaço da Jhuséna*\nPeríodo: 2025-12-01 → 2025-12-07\n\n💰 *Receitas:* R$ 2.600,00\n💸 *Despesas:* R$ 0,00\n💵 *Saldo:* R$ 2.600,00\n📈 *Margem:* 100.0%\n\n✅ Nenhum alerta detectado. Semana saudável!\n\n💡 Sugestão: Considere um pequeno aporte no Tesouro Selic.\n\n_Spaço da Jhuséna — Inteligência Financeira 🐾_	enviado		2025-12-03 00:41:39.172+00	2025-12-03 00:41:40.384+00	2
95	telegram	TESTE_LOCAL	Dica financeira da IA	📊 *Resumo da Semana — Spaço da Jhuséna*\nPeríodo: 2025-12-01 → 2025-12-07\n\n💰 *Receitas:* R$ 2.600,00\n💸 *Despesas:* R$ 0,00\n💵 *Saldo:* R$ 2.600,00\n📈 *Margem:* 100.0%\n\n✅ Nenhum alerta detectado. Semana saudável!\n\n💡 Sugestão: Considere um pequeno aporte no Tesouro Selic.\n\n_Spaço da Jhuséna — Inteligência Financeira 🐾_	erro	Erro do Telegram API: status=400, body={'ok': False, 'error_code': 400, 'description': 'Bad Request: chat not found'}	2025-12-03 00:42:28.177+00	\N	1
96	telegram	6126423440	Dica financeira da IA	📊 *Resumo da Semana — Spaço da Jhuséna*\nPeríodo: 2025-12-01 → 2025-12-07\n\n💰 *Receitas:* R$ 2.600,00\n💸 *Despesas:* R$ 0,00\n💵 *Saldo:* R$ 2.600,00\n📈 *Margem:* 100.0%\n\n✅ Nenhum alerta detectado. Semana saudável!\n\n💡 Sugestão: Considere um pequeno aporte no Tesouro Selic.\n\n_Spaço da Jhuséna — Inteligência Financeira 🐾_	enviado		2025-12-03 00:42:39.194+00	2025-12-03 00:42:50.344+00	2
97	telegram	TESTE_LOCAL	Dica financeira da IA	📊 *Resumo da Semana — Spaço da Jhuséna*\nPeríodo: 2025-12-01 → 2025-12-07\n\n💰 *Receitas:* R$ 2.600,00\n💸 *Despesas:* R$ 0,00\n💵 *Saldo:* R$ 2.600,00\n📈 *Margem:* 100.0%\n\n✅ Nenhum alerta detectado. Semana saudável!\n\n💡 Sugestão: Considere um pequeno aporte no Tesouro Selic.\n\n_Spaço da Jhuséna — Inteligência Financeira 🐾_	erro	Erro do Telegram API: status=400, body={'ok': False, 'error_code': 400, 'description': 'Bad Request: chat not found'}	2025-12-03 00:43:28.17+00	\N	1
98	telegram	6126423440	Dica financeira da IA	📊 *Resumo da Semana — Spaço da Jhuséna*\nPeríodo: 2025-12-01 → 2025-12-07\n\n💰 *Receitas:* R$ 2.600,00\n💸 *Despesas:* R$ 0,00\n💵 *Saldo:* R$ 2.600,00\n📈 *Margem:* 100.0%\n\n✅ Nenhum alerta detectado. Semana saudável!\n\n💡 Sugestão: Considere um pequeno aporte no Tesouro Selic.\n\n_Spaço da Jhuséna — Inteligência Financeira 🐾_	enviado		2025-12-03 00:43:39.178+00	2025-12-03 00:43:50.31+00	2
149	whatsapp	TESTE_LOCAL	Dica financeira da IA	Reforce a reserva e avalie aporte extra (1–2%) no Tesouro Selic.	enviado		2025-12-05 21:28:06.143+00	2025-12-05 21:28:06.148+00	2
99	telegram	TESTE_LOCAL	Dica financeira da IA	📊 *Resumo da Semana — Spaço da Jhuséna*\nPeríodo: 2025-12-01 → 2025-12-07\n\n💰 *Receitas:* R$ 2.600,00\n💸 *Despesas:* R$ 0,00\n💵 *Saldo:* R$ 2.600,00\n📈 *Margem:* 100.0%\n\n✅ Nenhum alerta detectado. Semana saudável!\n\n💡 Sugestão: Considere um pequeno aporte no Tesouro Selic.\n\n_Spaço da Jhuséna — Inteligência Financeira 🐾_	erro	Erro do Telegram API: status=400, body={'ok': False, 'error_code': 400, 'description': 'Bad Request: chat not found'}	2025-12-03 00:44:28.178+00	\N	1
100	telegram	6126423440	Dica financeira da IA	📊 *Resumo da Semana — Spaço da Jhuséna*\nPeríodo: 2025-12-01 → 2025-12-07\n\n💰 *Receitas:* R$ 2.600,00\n💸 *Despesas:* R$ 0,00\n💵 *Saldo:* R$ 2.600,00\n📈 *Margem:* 100.0%\n\n✅ Nenhum alerta detectado. Semana saudável!\n\n💡 Sugestão: Considere um pequeno aporte no Tesouro Selic.\n\n_Spaço da Jhuséna — Inteligência Financeira 🐾_	enviado		2025-12-03 00:44:39.151+00	2025-12-03 00:44:50.384+00	2
101	telegram	TESTE_LOCAL	Dica financeira da IA	📊 *Resumo da Semana — Spaço da Jhuséna*\nPeríodo: 2025-12-01 → 2025-12-07\n\n💰 *Receitas:* R$ 2.600,00\n💸 *Despesas:* R$ 0,00\n💵 *Saldo:* R$ 2.600,00\n📈 *Margem:* 100.0%\n\n✅ Nenhum alerta detectado. Semana saudável!\n\n💡 Sugestão: Considere um pequeno aporte no Tesouro Selic.\n\n_Spaço da Jhuséna — Inteligência Financeira 🐾_	erro	Erro do Telegram API: status=400, body={'ok': False, 'error_code': 400, 'description': 'Bad Request: chat not found'}	2025-12-03 00:45:28.176+00	\N	1
102	telegram	6126423440	Dica financeira da IA	📊 *Resumo da Semana — Spaço da Jhuséna*\nPeríodo: 2025-12-01 → 2025-12-07\n\n💰 *Receitas:* R$ 2.600,00\n💸 *Despesas:* R$ 0,00\n💵 *Saldo:* R$ 2.600,00\n📈 *Margem:* 100.0%\n\n✅ Nenhum alerta detectado. Semana saudável!\n\n💡 Sugestão: Considere um pequeno aporte no Tesouro Selic.\n\n_Spaço da Jhuséna — Inteligência Financeira 🐾_	enviado		2025-12-03 00:45:39.18+00	2025-12-03 00:45:50.267+00	2
103	telegram	TESTE_LOCAL	Dica financeira da IA	📊 *Resumo da Semana — Spaço da Jhuséna*\nPeríodo: 2025-12-01 → 2025-12-07\n\n💰 *Receitas:* R$ 2.600,00\n💸 *Despesas:* R$ 0,00\n💵 *Saldo:* R$ 2.600,00\n📈 *Margem:* 100.0%\n\n✅ Nenhum alerta detectado. Semana saudável!\n\n💡 Sugestão: Considere um pequeno aporte no Tesouro Selic.\n\n_Spaço da Jhuséna — Inteligência Financeira 🐾_	erro	Erro do Telegram API: status=400, body={'ok': False, 'error_code': 400, 'description': 'Bad Request: chat not found'}	2025-12-03 00:46:28.177+00	\N	1
104	telegram	6126423440	Dica financeira da IA	📊 *Resumo da Semana — Spaço da Jhuséna*\nPeríodo: 2025-12-01 → 2025-12-07\n\n💰 *Receitas:* R$ 2.600,00\n💸 *Despesas:* R$ 0,00\n💵 *Saldo:* R$ 2.600,00\n📈 *Margem:* 100.0%\n\n✅ Nenhum alerta detectado. Semana saudável!\n\n💡 Sugestão: Considere um pequeno aporte no Tesouro Selic.\n\n_Spaço da Jhuséna — Inteligência Financeira 🐾_	enviado		2025-12-03 00:46:39.192+00	2025-12-03 00:46:50.333+00	2
105	telegram	TESTE_LOCAL	Dica financeira da IA	📊 *Resumo da Semana — Spaço da Jhuséna*\nPeríodo: 2025-12-01 → 2025-12-07\n\n💰 *Receitas:* R$ 2.600,00\n💸 *Despesas:* R$ 0,00\n💵 *Saldo:* R$ 2.600,00\n📈 *Margem:* 100.0%\n\n✅ Nenhum alerta detectado. Semana saudável!\n\n💡 Sugestão: Considere um pequeno aporte no Tesouro Selic.\n\n_Spaço da Jhuséna — Inteligência Financeira 🐾_	erro	Erro do Telegram API: status=400, body={'ok': False, 'error_code': 400, 'description': 'Bad Request: chat not found'}	2025-12-03 00:47:28.177+00	\N	1
106	telegram	6126423440	Dica financeira da IA	📊 *Resumo da Semana — Spaço da Jhuséna*\nPeríodo: 2025-12-01 → 2025-12-07\n\n💰 *Receitas:* R$ 2.600,00\n💸 *Despesas:* R$ 0,00\n💵 *Saldo:* R$ 2.600,00\n📈 *Margem:* 100.0%\n\n✅ Nenhum alerta detectado. Semana saudável!\n\n💡 Sugestão: Considere um pequeno aporte no Tesouro Selic.\n\n_Spaço da Jhuséna — Inteligência Financeira 🐾_	enviado		2025-12-03 00:47:39.356+00	2025-12-03 00:47:50.471+00	2
107	telegram	TESTE_LOCAL	Dica financeira da IA	📊 *Resumo da Semana — Spaço da Jhuséna*\nPeríodo: 2025-12-01 → 2025-12-07\n\n💰 *Receitas:* R$ 2.600,00\n💸 *Despesas:* R$ 0,00\n💵 *Saldo:* R$ 2.600,00\n📈 *Margem:* 100.0%\n\n✅ Nenhum alerta detectado. Semana saudável!\n\n💡 Sugestão: Considere um pequeno aporte no Tesouro Selic.\n\n_Spaço da Jhuséna — Inteligência Financeira 🐾_	erro	Erro do Telegram API: status=400, body={'ok': False, 'error_code': 400, 'description': 'Bad Request: chat not found'}	2025-12-03 00:48:28.157+00	\N	1
108	telegram	6126423440	Dica financeira da IA	📊 *Resumo da Semana — Spaço da Jhuséna*\nPeríodo: 2025-12-01 → 2025-12-07\n\n💰 *Receitas:* R$ 2.600,00\n💸 *Despesas:* R$ 0,00\n💵 *Saldo:* R$ 2.600,00\n📈 *Margem:* 100.0%\n\n✅ Nenhum alerta detectado. Semana saudável!\n\n💡 Sugestão: Considere um pequeno aporte no Tesouro Selic.\n\n_Spaço da Jhuséna — Inteligência Financeira 🐾_	enviado		2025-12-03 00:48:39.142+00	2025-12-03 00:48:50.254+00	2
109	telegram	TESTE_LOCAL	Dica financeira da IA	📊 *Resumo da Semana — Spaço da Jhuséna*\nPeríodo: 2025-12-01 → 2025-12-07\n\n💰 *Receitas:* R$ 2.600,00\n💸 *Despesas:* R$ 0,00\n💵 *Saldo:* R$ 2.600,00\n📈 *Margem:* 100.0%\n\n✅ Nenhum alerta detectado. Semana saudável!\n\n💡 Sugestão: Considere um pequeno aporte no Tesouro Selic.\n\n_Spaço da Jhuséna — Inteligência Financeira 🐾_	erro	Erro do Telegram API: status=400, body={'ok': False, 'error_code': 400, 'description': 'Bad Request: chat not found'}	2025-12-03 00:49:28.177+00	\N	1
110	telegram	6126423440	Dica financeira da IA	📊 *Resumo da Semana — Spaço da Jhuséna*\nPeríodo: 2025-12-01 → 2025-12-07\n\n💰 *Receitas:* R$ 2.600,00\n💸 *Despesas:* R$ 0,00\n💵 *Saldo:* R$ 2.600,00\n📈 *Margem:* 100.0%\n\n✅ Nenhum alerta detectado. Semana saudável!\n\n💡 Sugestão: Considere um pequeno aporte no Tesouro Selic.\n\n_Spaço da Jhuséna — Inteligência Financeira 🐾_	enviado		2025-12-03 00:49:39.161+00	2025-12-03 00:49:50.233+00	2
111	telegram	TESTE_LOCAL	Dica financeira da IA	📊 *Resumo da Semana — Spaço da Jhuséna*\nPeríodo: 2025-12-01 → 2025-12-07\n\n💰 *Receitas:* R$ 2.600,00\n💸 *Despesas:* R$ 0,00\n💵 *Saldo:* R$ 2.600,00\n📈 *Margem:* 100.0%\n\n✅ Nenhum alerta detectado. Semana saudável!\n\n💡 Sugestão: Considere um pequeno aporte no Tesouro Selic.\n\n_Spaço da Jhuséna — Inteligência Financeira 🐾_	erro	Erro do Telegram API: status=400, body={'ok': False, 'error_code': 400, 'description': 'Bad Request: chat not found'}	2025-12-03 00:50:28.175+00	\N	1
112	telegram	6126423440	Dica financeira da IA	📊 *Resumo da Semana — Spaço da Jhuséna*\nPeríodo: 2025-12-01 → 2025-12-07\n\n💰 *Receitas:* R$ 2.600,00\n💸 *Despesas:* R$ 0,00\n💵 *Saldo:* R$ 2.600,00\n📈 *Margem:* 100.0%\n\n✅ Nenhum alerta detectado. Semana saudável!\n\n💡 Sugestão: Considere um pequeno aporte no Tesouro Selic.\n\n_Spaço da Jhuséna — Inteligência Financeira 🐾_	enviado		2025-12-03 00:50:39.205+00	2025-12-03 00:50:50.326+00	2
113	telegram	TESTE_LOCAL	Dica financeira da IA	📊 *Resumo da Semana — Spaço da Jhuséna*\nPeríodo: 2025-12-01 → 2025-12-07\n\n💰 *Receitas:* R$ 2.600,00\n💸 *Despesas:* R$ 0,00\n💵 *Saldo:* R$ 2.600,00\n📈 *Margem:* 100.0%\n\n✅ Nenhum alerta detectado. Semana saudável!\n\n💡 Sugestão: Considere um pequeno aporte no Tesouro Selic.\n\n_Spaço da Jhuséna — Inteligência Financeira 🐾_	erro	Erro do Telegram API: status=400, body={'ok': False, 'error_code': 400, 'description': 'Bad Request: chat not found'}	2025-12-03 00:51:28.177+00	\N	1
114	telegram	6126423440	Dica financeira da IA	📊 *Resumo da Semana — Spaço da Jhuséna*\nPeríodo: 2025-12-01 → 2025-12-07\n\n💰 *Receitas:* R$ 2.600,00\n💸 *Despesas:* R$ 0,00\n💵 *Saldo:* R$ 2.600,00\n📈 *Margem:* 100.0%\n\n✅ Nenhum alerta detectado. Semana saudável!\n\n💡 Sugestão: Considere um pequeno aporte no Tesouro Selic.\n\n_Spaço da Jhuséna — Inteligência Financeira 🐾_	enviado		2025-12-03 00:51:39.177+00	2025-12-03 00:51:50.323+00	2
115	telegram	TESTE_LOCAL	Dica financeira da IA	📊 *Resumo da Semana — Spaço da Jhuséna*\nPeríodo: 2025-12-01 → 2025-12-07\n\n💰 *Receitas:* R$ 2.600,00\n💸 *Despesas:* R$ 0,00\n💵 *Saldo:* R$ 2.600,00\n📈 *Margem:* 100.0%\n\n✅ Nenhum alerta detectado. Semana saudável!\n\n💡 Sugestão: Considere um pequeno aporte no Tesouro Selic.\n\n_Spaço da Jhuséna — Inteligência Financeira 🐾_	erro	Erro do Telegram API: status=400, body={'ok': False, 'error_code': 400, 'description': 'Bad Request: chat not found'}	2025-12-03 00:52:28.17+00	\N	1
116	telegram	6126423440	Dica financeira da IA	📊 *Resumo da Semana — Spaço da Jhuséna*\nPeríodo: 2025-12-01 → 2025-12-07\n\n💰 *Receitas:* R$ 2.600,00\n💸 *Despesas:* R$ 0,00\n💵 *Saldo:* R$ 2.600,00\n📈 *Margem:* 100.0%\n\n✅ Nenhum alerta detectado. Semana saudável!\n\n💡 Sugestão: Considere um pequeno aporte no Tesouro Selic.\n\n_Spaço da Jhuséna — Inteligência Financeira 🐾_	enviado		2025-12-03 00:52:39.276+00	2025-12-03 00:52:50.398+00	2
117	telegram	TESTE_LOCAL	Dica financeira da IA	📊 *Resumo da Semana — Spaço da Jhuséna*\nPeríodo: 2025-12-01 → 2025-12-07\n\n💰 *Receitas:* R$ 2.600,00\n💸 *Despesas:* R$ 0,00\n💵 *Saldo:* R$ 2.600,00\n📈 *Margem:* 100.0%\n\n✅ Nenhum alerta detectado. Semana saudável!\n\n💡 Sugestão: Considere um pequeno aporte no Tesouro Selic.\n\n_Spaço da Jhuséna — Inteligência Financeira 🐾_	erro	Erro do Telegram API: status=400, body={'ok': False, 'error_code': 400, 'description': 'Bad Request: chat not found'}	2025-12-03 00:53:28.177+00	\N	1
118	telegram	6126423440	Dica financeira da IA	📊 *Resumo da Semana — Spaço da Jhuséna*\nPeríodo: 2025-12-01 → 2025-12-07\n\n💰 *Receitas:* R$ 2.600,00\n💸 *Despesas:* R$ 0,00\n💵 *Saldo:* R$ 2.600,00\n📈 *Margem:* 100.0%\n\n✅ Nenhum alerta detectado. Semana saudável!\n\n💡 Sugestão: Considere um pequeno aporte no Tesouro Selic.\n\n_Spaço da Jhuséna — Inteligência Financeira 🐾_	enviado		2025-12-03 00:53:39.194+00	2025-12-03 00:53:50.667+00	2
119	telegram	TESTE_LOCAL	Dica financeira da IA	📊 *Resumo da Semana — Spaço da Jhuséna*\nPeríodo: 2025-12-01 → 2025-12-07\n\n💰 *Receitas:* R$ 2.600,00\n💸 *Despesas:* R$ 0,00\n💵 *Saldo:* R$ 2.600,00\n📈 *Margem:* 100.0%\n\n✅ Nenhum alerta detectado. Semana saudável!\n\n💡 Sugestão: Considere um pequeno aporte no Tesouro Selic.\n\n_Spaço da Jhuséna — Inteligência Financeira 🐾_	erro	Erro do Telegram API: status=400, body={'ok': False, 'error_code': 400, 'description': 'Bad Request: chat not found'}	2025-12-03 00:54:28.179+00	\N	1
120	telegram	6126423440	Dica financeira da IA	📊 *Resumo da Semana — Spaço da Jhuséna*\nPeríodo: 2025-12-01 → 2025-12-07\n\n💰 *Receitas:* R$ 2.600,00\n💸 *Despesas:* R$ 0,00\n💵 *Saldo:* R$ 2.600,00\n📈 *Margem:* 100.0%\n\n✅ Nenhum alerta detectado. Semana saudável!\n\n💡 Sugestão: Considere um pequeno aporte no Tesouro Selic.\n\n_Spaço da Jhuséna — Inteligência Financeira 🐾_	enviado		2025-12-03 00:54:39.164+00	2025-12-03 00:54:50.301+00	2
121	telegram	TESTE_LOCAL	Dica financeira da IA	📊 *Resumo da Semana — Spaço da Jhuséna*\nPeríodo: 2025-12-01 → 2025-12-07\n\n💰 *Receitas:* R$ 2.600,00\n💸 *Despesas:* R$ 0,00\n💵 *Saldo:* R$ 2.600,00\n📈 *Margem:* 100.0%\n\n✅ Nenhum alerta detectado. Semana saudável!\n\n💡 Sugestão: Considere um pequeno aporte no Tesouro Selic.\n\n_Spaço da Jhuséna — Inteligência Financeira 🐾_	erro	Erro do Telegram API: status=400, body={'ok': False, 'error_code': 400, 'description': 'Bad Request: chat not found'}	2025-12-03 00:55:28.171+00	\N	1
122	telegram	6126423440	Dica financeira da IA	📊 *Resumo da Semana — Spaço da Jhuséna*\nPeríodo: 2025-12-01 → 2025-12-07\n\n💰 *Receitas:* R$ 2.600,00\n💸 *Despesas:* R$ 0,00\n💵 *Saldo:* R$ 2.600,00\n📈 *Margem:* 100.0%\n\n✅ Nenhum alerta detectado. Semana saudável!\n\n💡 Sugestão: Considere um pequeno aporte no Tesouro Selic.\n\n_Spaço da Jhuséna — Inteligência Financeira 🐾_	enviado		2025-12-03 00:55:39.239+00	2025-12-03 00:55:50.373+00	2
123	telegram	TESTE_LOCAL	Dica financeira da IA	📊 *Resumo da Semana — Spaço da Jhuséna*\nPeríodo: 2025-12-01 → 2025-12-07\n\n💰 *Receitas:* R$ 2.600,00\n💸 *Despesas:* R$ 0,00\n💵 *Saldo:* R$ 2.600,00\n📈 *Margem:* 100.0%\n\n✅ Nenhum alerta detectado. Semana saudável!\n\n💡 Sugestão: Considere um pequeno aporte no Tesouro Selic.\n\n_Spaço da Jhuséna — Inteligência Financeira 🐾_	erro	Erro do Telegram API: status=400, body={'ok': False, 'error_code': 400, 'description': 'Bad Request: chat not found'}	2025-12-03 00:56:28.17+00	\N	1
124	telegram	6126423440	Dica financeira da IA	📊 *Resumo da Semana — Spaço da Jhuséna*\nPeríodo: 2025-12-01 → 2025-12-07\n\n💰 *Receitas:* R$ 2.600,00\n💸 *Despesas:* R$ 0,00\n💵 *Saldo:* R$ 2.600,00\n📈 *Margem:* 100.0%\n\n✅ Nenhum alerta detectado. Semana saudável!\n\n💡 Sugestão: Considere um pequeno aporte no Tesouro Selic.\n\n_Spaço da Jhuséna — Inteligência Financeira 🐾_	enviado		2025-12-03 00:56:39.198+00	2025-12-03 00:56:50.305+00	2
125	telegram	TESTE_LOCAL	Dica financeira da IA	📊 *Resumo da Semana — Spaço da Jhuséna*\nPeríodo: 2025-12-01 → 2025-12-07\n\n💰 *Receitas:* R$ 2.600,00\n💸 *Despesas:* R$ 0,00\n💵 *Saldo:* R$ 2.600,00\n📈 *Margem:* 100.0%\n\n✅ Nenhum alerta detectado. Semana saudável!\n\n💡 Sugestão: Considere um pequeno aporte no Tesouro Selic.\n\n_Spaço da Jhuséna — Inteligência Financeira 🐾_	erro	Erro do Telegram API: status=400, body={'ok': False, 'error_code': 400, 'description': 'Bad Request: chat not found'}	2025-12-03 00:57:28.162+00	\N	1
126	telegram	6126423440	Dica financeira da IA	📊 *Resumo da Semana — Spaço da Jhuséna*\nPeríodo: 2025-12-01 → 2025-12-07\n\n💰 *Receitas:* R$ 2.600,00\n💸 *Despesas:* R$ 0,00\n💵 *Saldo:* R$ 2.600,00\n📈 *Margem:* 100.0%\n\n✅ Nenhum alerta detectado. Semana saudável!\n\n💡 Sugestão: Considere um pequeno aporte no Tesouro Selic.\n\n_Spaço da Jhuséna — Inteligência Financeira 🐾_	enviado		2025-12-03 00:57:39.536+00	2025-12-03 00:57:50.757+00	2
127	telegram	TESTE_LOCAL	Dica financeira da IA	📊 *Resumo da Semana — Spaço da Jhuséna*\nPeríodo: 2025-12-01 → 2025-12-07\n\n💰 *Receitas:* R$ 2.600,00\n💸 *Despesas:* R$ 0,00\n💵 *Saldo:* R$ 2.600,00\n📈 *Margem:* 100.0%\n\n✅ Nenhum alerta detectado. Semana saudável!\n\n💡 Sugestão: Considere um pequeno aporte no Tesouro Selic.\n\n_Spaço da Jhuséna — Inteligência Financeira 🐾_	erro	Erro do Telegram API: status=400, body={'ok': False, 'error_code': 400, 'description': 'Bad Request: chat not found'}	2025-12-03 00:58:28.17+00	\N	1
128	telegram	6126423440	Dica financeira da IA	📊 *Resumo da Semana — Spaço da Jhuséna*\nPeríodo: 2025-12-01 → 2025-12-07\n\n💰 *Receitas:* R$ 2.600,00\n💸 *Despesas:* R$ 0,00\n💵 *Saldo:* R$ 2.600,00\n📈 *Margem:* 100.0%\n\n✅ Nenhum alerta detectado. Semana saudável!\n\n💡 Sugestão: Considere um pequeno aporte no Tesouro Selic.\n\n_Spaço da Jhuséna — Inteligência Financeira 🐾_	enviado		2025-12-03 00:58:39.52+00	2025-12-03 00:58:50.774+00	2
150	whatsapp	TESTE_LOCAL	Dica financeira da IA	Reforce a reserva e avalie aporte extra (1–2%) no Tesouro Selic.	enviado		2025-12-05 21:28:07.577+00	2025-12-05 21:28:07.582+00	2
129	telegram	TESTE_LOCAL	Dica financeira da IA	📊 *Resumo da Semana — Spaço da Jhuséna*\nPeríodo: 2025-12-01 → 2025-12-07\n\n💰 *Receitas:* R$ 2.600,00\n💸 *Despesas:* R$ 0,00\n💵 *Saldo:* R$ 2.600,00\n📈 *Margem:* 100.0%\n\n✅ Nenhum alerta detectado. Semana saudável!\n\n💡 Sugestão: Considere um pequeno aporte no Tesouro Selic.\n\n_Spaço da Jhuséna — Inteligência Financeira 🐾_	erro	Erro do Telegram API: status=400, body={'ok': False, 'error_code': 400, 'description': 'Bad Request: chat not found'}	2025-12-03 00:59:28.177+00	\N	1
130	telegram	6126423440	Dica financeira da IA	📊 *Resumo da Semana — Spaço da Jhuséna*\nPeríodo: 2025-12-01 → 2025-12-07\n\n💰 *Receitas:* R$ 2.600,00\n💸 *Despesas:* R$ 0,00\n💵 *Saldo:* R$ 2.600,00\n📈 *Margem:* 100.0%\n\n✅ Nenhum alerta detectado. Semana saudável!\n\n💡 Sugestão: Considere um pequeno aporte no Tesouro Selic.\n\n_Spaço da Jhuséna — Inteligência Financeira 🐾_	enviado		2025-12-03 00:59:39.164+00	2025-12-03 00:59:50.251+00	2
131	telegram	TESTE_LOCAL	Dica financeira da IA	📊 *Resumo da Semana — Spaço da Jhuséna*\nPeríodo: 2025-12-01 → 2025-12-07\n\n💰 *Receitas:* R$ 2.600,00\n💸 *Despesas:* R$ 0,00\n💵 *Saldo:* R$ 2.600,00\n📈 *Margem:* 100.0%\n\n✅ Nenhum alerta detectado. Semana saudável!\n\n💡 Sugestão: Considere um pequeno aporte no Tesouro Selic.\n\n_Spaço da Jhuséna — Inteligência Financeira 🐾_	erro	Erro do Telegram API: status=400, body={'ok': False, 'error_code': 400, 'description': 'Bad Request: chat not found'}	2025-12-03 01:00:28.178+00	\N	1
132	telegram	6126423440	Dica financeira da IA	📊 *Resumo da Semana — Spaço da Jhuséna*\nPeríodo: 2025-12-01 → 2025-12-07\n\n💰 *Receitas:* R$ 2.600,00\n💸 *Despesas:* R$ 0,00\n💵 *Saldo:* R$ 2.600,00\n📈 *Margem:* 100.0%\n\n✅ Nenhum alerta detectado. Semana saudável!\n\n💡 Sugestão: Considere um pequeno aporte no Tesouro Selic.\n\n_Spaço da Jhuséna — Inteligência Financeira 🐾_	enviado		2025-12-03 01:00:39.19+00	2025-12-03 01:00:50.29+00	2
133	telegram	TESTE_LOCAL	Dica financeira da IA	📊 *Resumo da Semana — Spaço da Jhuséna*\nPeríodo: 2025-12-01 → 2025-12-07\n\n💰 *Receitas:* R$ 2.600,00\n💸 *Despesas:* R$ 0,00\n💵 *Saldo:* R$ 2.600,00\n📈 *Margem:* 100.0%\n\n✅ Nenhum alerta detectado. Semana saudável!\n\n💡 Sugestão: Considere um pequeno aporte no Tesouro Selic.\n\n_Spaço da Jhuséna — Inteligência Financeira 🐾_	erro	Erro do Telegram API: status=400, body={'ok': False, 'error_code': 400, 'description': 'Bad Request: chat not found'}	2025-12-03 01:01:28.168+00	\N	1
134	telegram	6126423440	Dica financeira da IA	📊 *Resumo da Semana — Spaço da Jhuséna*\nPeríodo: 2025-12-01 → 2025-12-07\n\n💰 *Receitas:* R$ 2.600,00\n💸 *Despesas:* R$ 0,00\n💵 *Saldo:* R$ 2.600,00\n📈 *Margem:* 100.0%\n\n✅ Nenhum alerta detectado. Semana saudável!\n\n💡 Sugestão: Considere um pequeno aporte no Tesouro Selic.\n\n_Spaço da Jhuséna — Inteligência Financeira 🐾_	enviado		2025-12-03 01:01:39.201+00	2025-12-03 01:01:50.325+00	2
135	telegram	TESTE_LOCAL	Dica financeira da IA	📊 *Resumo da Semana — Spaço da Jhuséna*\nPeríodo: 2025-12-01 → 2025-12-07\n\n💰 *Receitas:* R$ 2.600,00\n💸 *Despesas:* R$ 0,00\n💵 *Saldo:* R$ 2.600,00\n📈 *Margem:* 100.0%\n\n✅ Nenhum alerta detectado. Semana saudável!\n\n💡 Sugestão: Considere um pequeno aporte no Tesouro Selic.\n\n_Spaço da Jhuséna — Inteligência Financeira 🐾_	erro	Erro do Telegram API: status=400, body={'ok': False, 'error_code': 400, 'description': 'Bad Request: chat not found'}	2025-12-03 01:02:28.172+00	\N	1
136	telegram	6126423440	Dica financeira da IA	📊 *Resumo da Semana — Spaço da Jhuséna*\nPeríodo: 2025-12-01 → 2025-12-07\n\n💰 *Receitas:* R$ 2.600,00\n💸 *Despesas:* R$ 0,00\n💵 *Saldo:* R$ 2.600,00\n📈 *Margem:* 100.0%\n\n✅ Nenhum alerta detectado. Semana saudável!\n\n💡 Sugestão: Considere um pequeno aporte no Tesouro Selic.\n\n_Spaço da Jhuséna — Inteligência Financeira 🐾_	enviado		2025-12-03 01:02:39.202+00	2025-12-03 01:02:50.462+00	2
137	telegram	TESTE_LOCAL	Dica financeira da IA	📊 *Resumo da Semana — Spaço da Jhuséna*\nPeríodo: 2025-12-01 → 2025-12-07\n\n💰 *Receitas:* R$ 2.600,00\n💸 *Despesas:* R$ 0,00\n💵 *Saldo:* R$ 2.600,00\n📈 *Margem:* 100.0%\n\n✅ Nenhum alerta detectado. Semana saudável!\n\n💡 Sugestão: Considere um pequeno aporte no Tesouro Selic.\n\n_Spaço da Jhuséna — Inteligência Financeira 🐾_	erro	Erro do Telegram API: status=400, body={'ok': False, 'error_code': 400, 'description': 'Bad Request: chat not found'}	2025-12-03 01:03:28.178+00	\N	1
138	telegram	6126423440	Dica financeira da IA	📊 *Resumo da Semana — Spaço da Jhuséna*\nPeríodo: 2025-12-01 → 2025-12-07\n\n💰 *Receitas:* R$ 2.600,00\n💸 *Despesas:* R$ 0,00\n💵 *Saldo:* R$ 2.600,00\n📈 *Margem:* 100.0%\n\n✅ Nenhum alerta detectado. Semana saudável!\n\n💡 Sugestão: Considere um pequeno aporte no Tesouro Selic.\n\n_Spaço da Jhuséna — Inteligência Financeira 🐾_	enviado		2025-12-03 01:03:39.168+00	2025-12-03 01:03:50.245+00	2
139	telegram	TESTE_LOCAL	Dica financeira da IA	📊 *Resumo da Semana — Spaço da Jhuséna*\nPeríodo: 2025-12-01 → 2025-12-07\n\n💰 *Receitas:* R$ 2.600,00\n💸 *Despesas:* R$ 0,00\n💵 *Saldo:* R$ 2.600,00\n📈 *Margem:* 100.0%\n\n✅ Nenhum alerta detectado. Semana saudável!\n\n💡 Sugestão: Considere um pequeno aporte no Tesouro Selic.\n\n_Spaço da Jhuséna — Inteligência Financeira 🐾_	erro	Erro do Telegram API: status=400, body={'ok': False, 'error_code': 400, 'description': 'Bad Request: chat not found'}	2025-12-03 01:04:28.169+00	\N	1
140	telegram	6126423440	Dica financeira da IA	📊 *Resumo da Semana — Spaço da Jhuséna*\nPeríodo: 2025-12-01 → 2025-12-07\n\n💰 *Receitas:* R$ 2.600,00\n💸 *Despesas:* R$ 0,00\n💵 *Saldo:* R$ 2.600,00\n📈 *Margem:* 100.0%\n\n✅ Nenhum alerta detectado. Semana saudável!\n\n💡 Sugestão: Considere um pequeno aporte no Tesouro Selic.\n\n_Spaço da Jhuséna — Inteligência Financeira 🐾_	enviado		2025-12-03 01:04:39.174+00	2025-12-03 01:04:50.272+00	2
141	telegram	TESTE_LOCAL	Dica financeira da IA	📊 *Resumo da Semana — Spaço da Jhuséna*\nPeríodo: 2025-12-01 → 2025-12-07\n\n💰 *Receitas:* R$ 2.600,00\n💸 *Despesas:* R$ 0,00\n💵 *Saldo:* R$ 2.600,00\n📈 *Margem:* 100.0%\n\n✅ Nenhum alerta detectado. Semana saudável!\n\n💡 Sugestão: Considere um pequeno aporte no Tesouro Selic.\n\n_Spaço da Jhuséna — Inteligência Financeira 🐾_	erro	Erro do Telegram API: status=400, body={'ok': False, 'error_code': 400, 'description': 'Bad Request: chat not found'}	2025-12-03 01:05:28.179+00	\N	1
142	telegram	6126423440	Dica financeira da IA	📊 *Resumo da Semana — Spaço da Jhuséna*\nPeríodo: 2025-12-01 → 2025-12-07\n\n💰 *Receitas:* R$ 2.600,00\n💸 *Despesas:* R$ 0,00\n💵 *Saldo:* R$ 2.600,00\n📈 *Margem:* 100.0%\n\n✅ Nenhum alerta detectado. Semana saudável!\n\n💡 Sugestão: Considere um pequeno aporte no Tesouro Selic.\n\n_Spaço da Jhuséna — Inteligência Financeira 🐾_	enviado		2025-12-03 01:05:39.194+00	2025-12-03 01:05:50.287+00	2
143	whatsapp	TESTE_LOCAL	Dica financeira da IA	Reforce a reserva e avalie aporte extra (1–2%) no Tesouro Selic.	enviado		2025-12-05 05:07:30.827+00	2025-12-05 05:07:30.832+00	2
144	whatsapp	TESTE_LOCAL	Dica financeira da IA	Reforce a reserva e avalie aporte extra (1–2%) no Tesouro Selic.	enviado		2025-12-05 14:52:26.515+00	2025-12-05 14:52:26.521+00	2
145	whatsapp	TESTE_LOCAL	Dica financeira da IA	Reforce a reserva e avalie aporte extra (1–2%) no Tesouro Selic.	enviado		2025-12-05 14:52:38.975+00	2025-12-05 14:52:38.979+00	2
146	whatsapp	TESTE_LOCAL	Dica financeira da IA	Reforce a reserva e avalie aporte extra (1–2%) no Tesouro Selic.	enviado		2025-12-05 16:23:33.864+00	2025-12-05 16:23:33.869+00	2
151	whatsapp	TESTE_LOCAL	Dica financeira da IA	Reforce a reserva e avalie aporte extra (1–2%) no Tesouro Selic.	enviado		2025-12-05 21:28:08.208+00	2025-12-05 21:28:08.214+00	2
152	whatsapp	TESTE_LOCAL	Dica financeira da IA	Reforce a reserva e avalie aporte extra (1–2%) no Tesouro Selic.	enviado		2025-12-05 21:28:22.952+00	2025-12-05 21:28:22.957+00	2
153	whatsapp	TESTE_LOCAL	Dica financeira da IA	Reforce a reserva e avalie aporte extra (1–2%) no Tesouro Selic.	enviado		2025-12-05 21:28:33.473+00	2025-12-05 21:28:33.478+00	2
154	whatsapp	TESTE_LOCAL	Dica financeira da IA	Reforce a reserva e avalie aporte extra (1–2%) no Tesouro Selic.	enviado		2025-12-05 21:29:06.375+00	2025-12-05 21:29:06.38+00	2
155	whatsapp	TESTE_LOCAL	Dica financeira da IA	Reforce a reserva e avalie aporte extra (1–2%) no Tesouro Selic.	enviado		2025-12-05 21:29:09.287+00	2025-12-05 21:29:09.292+00	2
156	whatsapp	TESTE_LOCAL	Dica financeira da IA	Reforce a reserva e avalie aporte extra (1–2%) no Tesouro Selic.	enviado		2025-12-05 23:51:21.538+00	2025-12-05 23:51:21.542+00	2
157	whatsapp	TESTE_LOCAL	Dica financeira da IA	Reforce a reserva e avalie aporte extra (1–2%) no Tesouro Selic.	enviado		2025-12-05 23:51:22.879+00	2025-12-05 23:51:22.884+00	2
158	whatsapp	TESTE_LOCAL	Dica financeira da IA	Reforce a reserva e avalie aporte extra (1–2%) no Tesouro Selic.	enviado		2025-12-05 23:51:25.214+00	2025-12-05 23:51:25.219+00	2
159	whatsapp	TESTE_LOCAL	Dica financeira da IA	Reforce a reserva e avalie aporte extra (1–2%) no Tesouro Selic.	enviado		2025-12-05 23:51:46.048+00	2025-12-05 23:51:46.053+00	2
160	whatsapp	TESTE_LOCAL	Dica financeira da IA	Reforce a reserva e avalie aporte extra (1–2%) no Tesouro Selic.	enviado		2025-12-05 23:52:14.033+00	2025-12-05 23:52:14.037+00	2
161	whatsapp	TESTE_LOCAL	Dica financeira da IA	Reforce a reserva e avalie aporte extra (1–2%) no Tesouro Selic.	enviado		2025-12-06 00:51:25.264+00	2025-12-06 00:51:25.27+00	2
162	whatsapp	TESTE_LOCAL	Dica financeira da IA	Reforce a reserva e avalie aporte extra (1–2%) no Tesouro Selic.	enviado		2025-12-06 00:51:27.989+00	2025-12-06 00:51:27.994+00	2
163	whatsapp	TESTE_LOCAL	Dica financeira da IA	Reforce a reserva e avalie aporte extra (1–2%) no Tesouro Selic.	enviado		2025-12-06 00:52:54.997+00	2025-12-06 00:52:55.001+00	2
164	whatsapp	TESTE_LOCAL	Dica financeira da IA	Reforce a reserva e avalie aporte extra (1–2%) no Tesouro Selic.	enviado		2025-12-06 00:55:28.172+00	2025-12-06 00:55:28.177+00	2
165	whatsapp	TESTE_LOCAL	Dica financeira da IA	Reforce a reserva e avalie aporte extra (1–2%) no Tesouro Selic.	enviado		2025-12-06 00:55:31.716+00	2025-12-06 00:55:31.721+00	2
166	whatsapp	TESTE_LOCAL	Dica financeira da IA	Reforce a reserva e avalie aporte extra (1–2%) no Tesouro Selic.	enviado		2025-12-06 00:56:47.052+00	2025-12-06 00:56:47.056+00	2
167	whatsapp	TESTE_LOCAL	Dica financeira da IA	Reforce a reserva e avalie aporte extra (1–2%) no Tesouro Selic.	enviado		2025-12-06 01:19:53.715+00	2025-12-06 01:19:53.72+00	2
168	whatsapp	TESTE_LOCAL	Dica financeira da IA	Reforce a reserva e avalie aporte extra (1–2%) no Tesouro Selic.	enviado		2025-12-06 01:19:55.056+00	2025-12-06 01:19:55.06+00	2
169	whatsapp	TESTE_LOCAL	Dica financeira da IA	Reforce a reserva e avalie aporte extra (1–2%) no Tesouro Selic.	enviado		2025-12-06 01:19:56.688+00	2025-12-06 01:19:56.693+00	2
170	whatsapp	TESTE_LOCAL	Dica financeira da IA	Reforce a reserva e avalie aporte extra (1–2%) no Tesouro Selic.	enviado		2025-12-06 01:19:58.553+00	2025-12-06 01:19:58.558+00	2
171	whatsapp	TESTE_LOCAL	Dica financeira da IA	Reforce a reserva e avalie aporte extra (1–2%) no Tesouro Selic.	enviado		2025-12-06 01:22:55.225+00	2025-12-06 01:22:55.23+00	2
172	whatsapp	TESTE_LOCAL	Dica financeira da IA	Reforce a reserva e avalie aporte extra (1–2%) no Tesouro Selic.	enviado		2025-12-06 01:25:23.159+00	2025-12-06 01:25:23.163+00	2
173	whatsapp	TESTE_LOCAL	Dica financeira da IA	Reforce a reserva e avalie aporte extra (1–2%) no Tesouro Selic.	enviado		2025-12-06 01:25:26.449+00	2025-12-06 01:25:26.454+00	2
174	whatsapp	TESTE_LOCAL	Dica financeira da IA	Reforce a reserva e avalie aporte extra (1–2%) no Tesouro Selic.	enviado		2025-12-06 02:07:06.588+00	2025-12-06 02:07:06.592+00	2
175	whatsapp	TESTE_LOCAL	Dica financeira da IA	Reforce a reserva e avalie aporte extra (1–2%) no Tesouro Selic.	enviado		2025-12-06 02:07:08.968+00	2025-12-06 02:07:08.973+00	2
176	whatsapp	TESTE_LOCAL	Dica financeira da IA	Reforce a reserva e avalie aporte extra (1–2%) no Tesouro Selic.	enviado		2025-12-06 02:07:35.541+00	2025-12-06 02:07:35.547+00	2
177	whatsapp	TESTE_LOCAL	Dica financeira da IA	Reforce a reserva e avalie aporte extra (1–2%) no Tesouro Selic.	enviado		2025-12-06 02:07:38.267+00	2025-12-06 02:07:38.272+00	2
178	whatsapp	TESTE_LOCAL	Dica financeira da IA	Reforce a reserva e avalie aporte extra (1–2%) no Tesouro Selic.	enviado		2025-12-06 02:12:32.276+00	2025-12-06 02:12:32.281+00	2
179	whatsapp	TESTE_LOCAL	Dica financeira da IA	Reforce a reserva e avalie aporte extra (1–2%) no Tesouro Selic.	enviado		2025-12-06 02:12:33.699+00	2025-12-06 02:12:33.704+00	2
180	whatsapp	TESTE_LOCAL	Dica financeira da IA	Reforce a reserva e avalie aporte extra (1–2%) no Tesouro Selic.	enviado		2025-12-06 02:12:34.608+00	2025-12-06 02:12:34.613+00	2
181	whatsapp	TESTE_LOCAL	Dica financeira da IA	Reforce a reserva e avalie aporte extra (1–2%) no Tesouro Selic.	enviado		2025-12-06 02:12:34.888+00	2025-12-06 02:12:34.892+00	2
182	whatsapp	TESTE_LOCAL	Dica financeira da IA	Reforce a reserva e avalie aporte extra (1–2%) no Tesouro Selic.	enviado		2025-12-06 02:17:35.807+00	2025-12-06 02:17:35.812+00	2
183	whatsapp	TESTE_LOCAL	Dica financeira da IA	Reforce a reserva e avalie aporte extra (1–2%) no Tesouro Selic.	enviado		2025-12-06 02:17:37.51+00	2025-12-06 02:17:37.516+00	2
184	whatsapp	TESTE_LOCAL	Dica financeira da IA	Reforce a reserva e avalie aporte extra (1–2%) no Tesouro Selic.	enviado		2025-12-06 02:17:43.078+00	2025-12-06 02:17:43.083+00	2
185	whatsapp	TESTE_LOCAL	Dica financeira da IA	Reforce a reserva e avalie aporte extra (1–2%) no Tesouro Selic.	enviado		2025-12-06 02:17:44.095+00	2025-12-06 02:17:44.1+00	2
186	whatsapp	TESTE_LOCAL	Dica financeira da IA	Reforce a reserva e avalie aporte extra (1–2%) no Tesouro Selic.	enviado		2025-12-06 02:17:45.712+00	2025-12-06 02:17:45.718+00	2
187	whatsapp	TESTE_LOCAL	Dica financeira da IA	Reforce a reserva e avalie aporte extra (1–2%) no Tesouro Selic.	enviado		2025-12-06 02:18:13.352+00	2025-12-06 02:18:13.357+00	2
188	whatsapp	TESTE_LOCAL	Dica financeira da IA	Reforce a reserva e avalie aporte extra (1–2%) no Tesouro Selic.	enviado		2025-12-06 02:28:39.651+00	2025-12-06 02:28:39.656+00	2
189	whatsapp	TESTE_LOCAL	Dica financeira da IA	Reforce a reserva e avalie aporte extra (1–2%) no Tesouro Selic.	enviado		2025-12-06 02:28:40.562+00	2025-12-06 02:28:40.568+00	2
190	whatsapp	TESTE_LOCAL	Dica financeira da IA	Reforce a reserva e avalie aporte extra (1–2%) no Tesouro Selic.	enviado		2025-12-06 15:15:29.205+00	2025-12-06 15:15:29.21+00	2
191	whatsapp	TESTE_LOCAL	Dica financeira da IA	Reforce a reserva e avalie aporte extra (1–2%) no Tesouro Selic.	enviado		2025-12-06 15:15:30.769+00	2025-12-06 15:15:30.774+00	2
192	whatsapp	TESTE_LOCAL	Dica financeira da IA	Reforce a reserva e avalie aporte extra (1–2%) no Tesouro Selic.	enviado		2025-12-06 15:15:33.018+00	2025-12-06 15:15:33.022+00	2
193	whatsapp	TESTE_LOCAL	Dica financeira da IA	Reforce a reserva e avalie aporte extra (1–2%) no Tesouro Selic.	enviado		2025-12-06 15:15:34.625+00	2025-12-06 15:15:34.629+00	2
194	whatsapp	TESTE_LOCAL	Dica financeira da IA	Reforce a reserva e avalie aporte extra (1–2%) no Tesouro Selic.	enviado		2025-12-06 15:15:41.402+00	2025-12-06 15:15:41.407+00	2
195	whatsapp	TESTE_LOCAL	Dica financeira da IA	Reforce a reserva e avalie aporte extra (1–2%) no Tesouro Selic.	enviado		2025-12-06 16:24:01.366+00	2025-12-06 16:24:01.372+00	2
196	whatsapp	TESTE_LOCAL	Dica financeira da IA	Reforce a reserva e avalie aporte extra (1–2%) no Tesouro Selic.	enviado		2025-12-06 16:24:02.963+00	2025-12-06 16:24:02.968+00	2
197	whatsapp	TESTE_LOCAL	Dica financeira da IA	Reforce a reserva e avalie aporte extra (1–2%) no Tesouro Selic.	enviado		2025-12-06 16:24:08.466+00	2025-12-06 16:24:08.471+00	2
198	whatsapp	TESTE_LOCAL	Dica financeira da IA	Reforce a reserva e avalie aporte extra (1–2%) no Tesouro Selic.	enviado		2025-12-06 16:47:46.972+00	2025-12-06 16:47:46.977+00	2
199	whatsapp	TESTE_LOCAL	Dica financeira da IA	Reforce a reserva e avalie aporte extra (1–2%) no Tesouro Selic.	enviado		2025-12-06 16:47:48.929+00	2025-12-06 16:47:48.934+00	2
200	whatsapp	TESTE_LOCAL	Dica financeira da IA	Reforce a reserva e avalie aporte extra (1–2%) no Tesouro Selic.	enviado		2025-12-06 16:47:53.577+00	2025-12-06 16:47:53.582+00	2
201	whatsapp	TESTE_LOCAL	Dica financeira da IA	Reforce a reserva e avalie aporte extra (1–2%) no Tesouro Selic.	enviado		2025-12-06 17:27:48.354+00	2025-12-06 17:27:48.359+00	2
202	whatsapp	TESTE_LOCAL	Dica financeira da IA	Reforce a reserva e avalie aporte extra (1–2%) no Tesouro Selic.	enviado		2025-12-06 17:27:51.752+00	2025-12-06 17:27:51.758+00	2
203	whatsapp	TESTE_LOCAL	Dica financeira da IA	Reforce a reserva e avalie aporte extra (1–2%) no Tesouro Selic.	enviado		2025-12-06 17:28:10.672+00	2025-12-06 17:28:10.677+00	2
204	whatsapp	TESTE_LOCAL	Dica financeira da IA	Reforce a reserva e avalie aporte extra (1–2%) no Tesouro Selic.	enviado		2025-12-08 17:50:27.698+00	2025-12-08 17:50:27.704+00	2
205	whatsapp	TESTE_LOCAL	Dica financeira da IA	Reforce a reserva e avalie aporte extra (1–2%) no Tesouro Selic.	enviado		2025-12-08 17:50:38.135+00	2025-12-08 17:50:38.14+00	2
206	whatsapp	TESTE_LOCAL	Dica financeira da IA	Reforce a reserva e avalie aporte extra (1–2%) no Tesouro Selic.	enviado		2025-12-08 17:50:39.223+00	2025-12-08 17:50:39.227+00	2
207	whatsapp	TESTE_LOCAL	Dica financeira da IA	Reforce a reserva e avalie aporte extra (1–2%) no Tesouro Selic.	enviado		2025-12-08 21:38:54.623+00	2025-12-08 21:38:54.63+00	2
208	whatsapp	TESTE_LOCAL	Dica financeira da IA	Reforce a reserva e avalie aporte extra (1–2%) no Tesouro Selic.	enviado		2025-12-08 21:38:55.959+00	2025-12-08 21:38:55.965+00	2
209	whatsapp	TESTE_LOCAL	Dica financeira da IA	Reforce a reserva e avalie aporte extra (1–2%) no Tesouro Selic.	enviado		2025-12-08 21:38:56.649+00	2025-12-08 21:38:56.654+00	2
210	whatsapp	TESTE_LOCAL	Dica financeira da IA	Reforce a reserva e avalie aporte extra (1–2%) no Tesouro Selic.	enviado		2025-12-08 21:43:59.237+00	2025-12-08 21:43:59.241+00	2
211	whatsapp	TESTE_LOCAL	Dica financeira da IA	Reforce a reserva e avalie aporte extra (1–2%) no Tesouro Selic.	enviado		2025-12-08 21:57:10.842+00	2025-12-08 21:57:10.848+00	2
212	whatsapp	TESTE_LOCAL	Dica financeira da IA	Reforce a reserva e avalie aporte extra (1–2%) no Tesouro Selic.	enviado		2025-12-08 22:00:03.895+00	2025-12-08 22:00:03.9+00	2
213	whatsapp	TESTE_LOCAL	Dica financeira da IA	Reforce a reserva e avalie aporte extra (1–2%) no Tesouro Selic.	enviado		2025-12-08 23:14:11.144+00	2025-12-08 23:14:11.149+00	2
214	whatsapp	TESTE_LOCAL	Dica financeira da IA	Reforce a reserva e avalie aporte extra (1–2%) no Tesouro Selic.	enviado		2025-12-08 23:15:10.632+00	2025-12-08 23:15:10.637+00	2
215	whatsapp	TESTE_LOCAL	Dica financeira da IA	Reforce a reserva e avalie aporte extra (1–2%) no Tesouro Selic.	enviado		2025-12-09 00:49:37.794+00	2025-12-09 00:49:37.799+00	2
216	whatsapp	TESTE_LOCAL	Dica financeira da IA	Reforce a reserva e avalie aporte extra (1–2%) no Tesouro Selic.	enviado		2025-12-10 22:48:53.215+00	2025-12-10 22:48:53.221+00	2
217	whatsapp	TESTE_LOCAL	Dica financeira da IA	Reforce a reserva e avalie aporte extra (1–2%) no Tesouro Selic.	enviado		2025-12-10 23:22:31.379+00	2025-12-10 23:22:31.383+00	2
218	whatsapp	TESTE_LOCAL	Dica financeira da IA	Reforce a reserva e avalie aporte extra (1–2%) no Tesouro Selic.	enviado		2025-12-10 23:25:05.823+00	2025-12-10 23:25:05.828+00	2
219	whatsapp	TESTE_LOCAL	Dica financeira da IA	Reforce a reserva e avalie aporte extra (1–2%) no Tesouro Selic.	enviado		2025-12-10 23:26:35.522+00	2025-12-10 23:26:35.549+00	2
220	whatsapp	TESTE_LOCAL	Dica financeira da IA	Reforce a reserva e avalie aporte extra (1–2%) no Tesouro Selic.	enviado		2025-12-10 23:27:17.52+00	2025-12-10 23:27:17.525+00	2
221	whatsapp	TESTE_LOCAL	Dica financeira da IA	Reforce a reserva e avalie aporte extra (1–2%) no Tesouro Selic.	enviado		2025-12-10 23:27:54.653+00	2025-12-10 23:27:54.658+00	2
222	whatsapp	TESTE_LOCAL	Dica financeira da IA	Reforce a reserva e avalie aporte extra (1–2%) no Tesouro Selic.	enviado		2025-12-10 23:28:00.517+00	2025-12-10 23:28:00.522+00	2
223	whatsapp	TESTE_LOCAL	Dica financeira da IA	Reforce a reserva e avalie aporte extra (1–2%) no Tesouro Selic.	enviado		2025-12-10 23:28:03.558+00	2025-12-10 23:28:03.563+00	2
224	whatsapp	TESTE_LOCAL	Dica financeira da IA	Reforce a reserva e avalie aporte extra (1–2%) no Tesouro Selic.	enviado		2025-12-11 00:00:18.963+00	2025-12-11 00:00:18.968+00	2
225	whatsapp	TESTE_LOCAL	Dica financeira da IA	Reforce a reserva e avalie aporte extra (1–2%) no Tesouro Selic.	enviado		2025-12-11 00:00:33.299+00	2025-12-11 00:00:33.303+00	2
226	whatsapp	TESTE_LOCAL	Dica financeira da IA	Reforce a reserva e avalie aporte extra (1–2%) no Tesouro Selic.	enviado		2025-12-11 01:16:38.511+00	2025-12-11 01:16:38.515+00	2
227	whatsapp	TESTE_LOCAL	Dica financeira da IA	Reforce a reserva e avalie aporte extra (1–2%) no Tesouro Selic.	enviado		2025-12-11 01:34:30.119+00	2025-12-11 01:34:30.123+00	2
228	whatsapp	TESTE_LOCAL	Dica financeira da IA	Reforce a reserva e avalie aporte extra (1–2%) no Tesouro Selic.	enviado		2025-12-11 01:34:58.682+00	2025-12-11 01:34:58.687+00	2
229	whatsapp	TESTE_LOCAL	Dica financeira da IA	Reforce a reserva e avalie aporte extra (1–2%) no Tesouro Selic.	enviado		2025-12-11 01:35:03.445+00	2025-12-11 01:35:03.45+00	2
230	whatsapp	TESTE_LOCAL	Dica financeira da IA	Reforce a reserva e avalie aporte extra (1–2%) no Tesouro Selic.	enviado		2025-12-11 01:35:21.077+00	2025-12-11 01:35:21.082+00	2
231	whatsapp	TESTE_LOCAL	Dica financeira da IA	Reforce a reserva e avalie aporte extra (1–2%) no Tesouro Selic.	enviado		2025-12-11 01:36:00.309+00	2025-12-11 01:36:00.314+00	2
232	whatsapp	TESTE_LOCAL	Dica financeira da IA	Reforce a reserva e avalie aporte extra (1–2%) no Tesouro Selic.	enviado		2025-12-11 01:36:13.39+00	2025-12-11 01:36:13.395+00	2
233	whatsapp	TESTE_LOCAL	Dica financeira da IA	Reforce a reserva e avalie aporte extra (1–2%) no Tesouro Selic.	enviado		2025-12-11 01:38:42.317+00	2025-12-11 01:38:42.323+00	2
234	whatsapp	TESTE_LOCAL	Dica financeira da IA	Reforce a reserva e avalie aporte extra (1–2%) no Tesouro Selic.	enviado		2025-12-11 01:43:39.698+00	2025-12-11 01:43:39.703+00	2
235	whatsapp	TESTE_LOCAL	Dica financeira da IA	Reforce a reserva e avalie aporte extra (1–2%) no Tesouro Selic.	enviado		2025-12-11 01:58:44.255+00	2025-12-11 01:58:44.262+00	2
236	whatsapp	TESTE_LOCAL	Dica financeira da IA	Reforce a reserva e avalie aporte extra (1–2%) no Tesouro Selic.	enviado		2025-12-11 02:00:37.996+00	2025-12-11 02:00:38.002+00	2
237	whatsapp	TESTE_LOCAL	Dica financeira da IA	Reforce a reserva e avalie aporte extra (1–2%) no Tesouro Selic.	enviado		2025-12-11 02:04:18.244+00	2025-12-11 02:04:18.254+00	2
238	whatsapp	TESTE_LOCAL	Dica financeira da IA	Reforce a reserva e avalie aporte extra (1–2%) no Tesouro Selic.	enviado		2025-12-11 02:07:04.09+00	2025-12-11 02:07:04.095+00	2
239	whatsapp	TESTE_LOCAL	Dica financeira da IA	Reforce a reserva e avalie aporte extra (1–2%) no Tesouro Selic.	enviado		2025-12-11 02:09:48.6+00	2025-12-11 02:09:48.605+00	2
240	whatsapp	TESTE_LOCAL	Dica financeira da IA	Reforce a reserva e avalie aporte extra (1–2%) no Tesouro Selic.	enviado		2025-12-11 02:09:55.733+00	2025-12-11 02:09:55.738+00	2
241	whatsapp	TESTE_LOCAL	Dica financeira da IA	Reforce a reserva e avalie aporte extra (1–2%) no Tesouro Selic.	enviado		2025-12-11 02:28:13.105+00	2025-12-11 02:28:13.11+00	2
242	whatsapp	TESTE_LOCAL	Dica financeira da IA	Reforce a reserva e avalie aporte extra (1–2%) no Tesouro Selic.	enviado		2025-12-11 02:28:19.757+00	2025-12-11 02:28:19.763+00	2
243	whatsapp	TESTE_LOCAL	Dica financeira da IA	Reforce a reserva e avalie aporte extra (1–2%) no Tesouro Selic.	enviado		2025-12-11 03:11:38.254+00	2025-12-11 03:11:38.259+00	2
244	whatsapp	TESTE_LOCAL	Dica financeira da IA	Reforce a reserva e avalie aporte extra (1–2%) no Tesouro Selic.	enviado		2025-12-11 03:19:56.528+00	2025-12-11 03:19:56.533+00	2
245	whatsapp	TESTE_LOCAL	Dica financeira da IA	Reforce a reserva e avalie aporte extra (1–2%) no Tesouro Selic.	enviado		2025-12-11 03:31:40.41+00	2025-12-11 03:31:40.415+00	2
246	whatsapp	TESTE_LOCAL	Dica financeira da IA	Reforce a reserva e avalie aporte extra (1–2%) no Tesouro Selic.	enviado		2025-12-11 03:41:28.446+00	2025-12-11 03:41:28.451+00	2
247	whatsapp	TESTE_LOCAL	Dica financeira da IA	Reforce a reserva e avalie aporte extra (1–2%) no Tesouro Selic.	enviado		2025-12-11 03:45:54.317+00	2025-12-11 03:45:54.323+00	2
248	whatsapp	TESTE_LOCAL	Dica financeira da IA	Reforce a reserva e avalie aporte extra (1–2%) no Tesouro Selic.	enviado		2025-12-11 14:04:15.958+00	2025-12-11 14:04:15.964+00	2
249	whatsapp	TESTE_LOCAL	Dica financeira da IA	Reforce a reserva e avalie aporte extra (1–2%) no Tesouro Selic.	enviado		2025-12-11 14:21:25.883+00	2025-12-11 14:21:25.888+00	2
250	whatsapp	TESTE_LOCAL	Dica financeira da IA	Reforce a reserva e avalie aporte extra (1–2%) no Tesouro Selic.	enviado		2025-12-11 14:25:19.898+00	2025-12-11 14:25:19.903+00	2
251	whatsapp	TESTE_LOCAL	Dica financeira da IA	Reforce a reserva e avalie aporte extra (1–2%) no Tesouro Selic.	enviado		2025-12-11 14:25:58.418+00	2025-12-11 14:25:58.423+00	2
252	whatsapp	TESTE_LOCAL	Dica financeira da IA	Reforce a reserva e avalie aporte extra (1–2%) no Tesouro Selic.	enviado		2025-12-11 14:58:22.035+00	2025-12-11 14:58:22.04+00	2
253	whatsapp	TESTE_LOCAL	Dica financeira da IA	Reforce a reserva e avalie aporte extra (1–2%) no Tesouro Selic.	enviado		2025-12-11 14:58:51.685+00	2025-12-11 14:58:51.691+00	2
254	whatsapp	TESTE_LOCAL	Dica financeira da IA	Reforce a reserva e avalie aporte extra (1–2%) no Tesouro Selic.	enviado		2025-12-11 15:01:10.277+00	2025-12-11 15:01:10.283+00	2
255	whatsapp	TESTE_LOCAL	Dica financeira da IA	Reforce a reserva e avalie aporte extra (1–2%) no Tesouro Selic.	enviado		2025-12-11 15:47:29.061+00	2025-12-11 15:47:29.067+00	2
256	whatsapp	TESTE_LOCAL	Dica financeira da IA	Reforce a reserva e avalie aporte extra (1–2%) no Tesouro Selic.	enviado		2025-12-11 15:48:08.466+00	2025-12-11 15:48:08.472+00	2
257	whatsapp	TESTE_LOCAL	Dica financeira da IA	Reforce a reserva e avalie aporte extra (1–2%) no Tesouro Selic.	enviado		2025-12-11 15:48:33.418+00	2025-12-11 15:48:33.423+00	2
258	whatsapp	TESTE_LOCAL	Dica financeira da IA	Reforce a reserva e avalie aporte extra (1–2%) no Tesouro Selic.	enviado		2025-12-11 16:16:57.42+00	2025-12-11 16:16:57.425+00	2
259	whatsapp	TESTE_LOCAL	Dica financeira da IA	Reforce a reserva e avalie aporte extra (1–2%) no Tesouro Selic.	enviado		2025-12-11 16:20:56.731+00	2025-12-11 16:20:56.736+00	2
260	whatsapp	TESTE_LOCAL	Dica financeira da IA	Reforce a reserva e avalie aporte extra (1–2%) no Tesouro Selic.	enviado		2025-12-11 16:21:00.149+00	2025-12-11 16:21:00.155+00	2
261	whatsapp	TESTE_LOCAL	Dica financeira da IA	Reforce a reserva e avalie aporte extra (1–2%) no Tesouro Selic.	enviado		2025-12-11 16:22:37.315+00	2025-12-11 16:22:37.319+00	2
262	whatsapp	TESTE_LOCAL	Dica financeira da IA	Reforce a reserva e avalie aporte extra (1–2%) no Tesouro Selic.	enviado		2025-12-11 16:22:40.414+00	2025-12-11 16:22:40.421+00	2
263	whatsapp	TESTE_LOCAL	Dica financeira da IA	Reforce a reserva e avalie aporte extra (1–2%) no Tesouro Selic.	enviado		2025-12-11 16:25:12.385+00	2025-12-11 16:25:12.39+00	2
264	whatsapp	TESTE_LOCAL	Dica financeira da IA	Reforce a reserva e avalie aporte extra (1–2%) no Tesouro Selic.	enviado		2025-12-11 16:43:26.161+00	2025-12-11 16:43:26.166+00	2
265	whatsapp	TESTE_LOCAL	Dica financeira da IA	Reforce a reserva e avalie aporte extra (1–2%) no Tesouro Selic.	enviado		2025-12-11 16:43:39.886+00	2025-12-11 16:43:39.891+00	2
266	whatsapp	TESTE_LOCAL	Dica financeira da IA	Reforce a reserva e avalie aporte extra (1–2%) no Tesouro Selic.	enviado		2025-12-11 16:45:48.463+00	2025-12-11 16:45:48.599+00	2
267	whatsapp	TESTE_LOCAL	Dica financeira da IA	Reforce a reserva e avalie aporte extra (1–2%) no Tesouro Selic.	enviado		2025-12-11 16:45:58.216+00	2025-12-11 16:45:58.36+00	2
268	whatsapp	TESTE_LOCAL	Dica financeira da IA	Reforce a reserva e avalie aporte extra (1–2%) no Tesouro Selic.	enviado		2025-12-11 16:51:33.408+00	2025-12-11 16:51:33.413+00	2
269	whatsapp	TESTE_LOCAL	Dica financeira da IA	Reforce a reserva e avalie aporte extra (1–2%) no Tesouro Selic.	enviado		2025-12-11 17:01:54.878+00	2025-12-11 17:01:54.883+00	2
270	whatsapp	TESTE_LOCAL	Dica financeira da IA	Reforce a reserva e avalie aporte extra (1–2%) no Tesouro Selic.	enviado		2025-12-11 17:01:59.856+00	2025-12-11 17:01:59.861+00	2
271	whatsapp	TESTE_LOCAL	Dica financeira da IA	Reforce a reserva e avalie aporte extra (1–2%) no Tesouro Selic.	enviado		2025-12-11 17:12:17.675+00	2025-12-11 17:12:17.68+00	2
272	whatsapp	TESTE_LOCAL	Dica financeira da IA	Reforce a reserva e avalie aporte extra (1–2%) no Tesouro Selic.	enviado		2025-12-11 17:22:19.695+00	2025-12-11 17:22:19.7+00	2
273	whatsapp	TESTE_LOCAL	Dica financeira da IA	Reforce a reserva e avalie aporte extra (1–2%) no Tesouro Selic.	enviado		2025-12-11 17:30:44.07+00	2025-12-11 17:30:44.075+00	2
274	whatsapp	TESTE_LOCAL	Dica financeira da IA	Reforce a reserva e avalie aporte extra (1–2%) no Tesouro Selic.	enviado		2025-12-11 19:17:31.349+00	2025-12-11 19:17:31.354+00	2
275	whatsapp	TESTE_LOCAL	Dica financeira da IA	Reforce a reserva e avalie aporte extra (1–2%) no Tesouro Selic.	enviado		2025-12-13 19:15:47.899+00	2025-12-13 19:15:47.905+00	2
276	whatsapp	TESTE_LOCAL	Dica financeira da IA	Reforce a reserva e avalie aporte extra (1–2%) no Tesouro Selic.	enviado		2025-12-13 19:52:11.496+00	2025-12-13 19:52:11.501+00	2
277	whatsapp	TESTE_LOCAL	Dica financeira da IA	Reforce a reserva e avalie aporte extra (1–2%) no Tesouro Selic.	enviado		2025-12-13 19:52:19.082+00	2025-12-13 19:52:19.086+00	2
278	whatsapp	TESTE_LOCAL	Dica financeira da IA	Reforce a reserva e avalie aporte extra (1–2%) no Tesouro Selic.	enviado		2025-12-13 22:06:46.769+00	2025-12-13 22:06:46.777+00	2
279	whatsapp	TESTE_LOCAL	Dica financeira da IA	Reforce a reserva e avalie aporte extra (1–2%) no Tesouro Selic.	enviado		2025-12-13 22:57:01.587+00	2025-12-13 22:57:01.592+00	2
280	whatsapp	TESTE_LOCAL	Dica financeira da IA	Reforce a reserva e avalie aporte extra (1–2%) no Tesouro Selic.	enviado		2025-12-13 23:29:05.831+00	2025-12-13 23:29:05.836+00	2
281	whatsapp	TESTE_LOCAL	Dica financeira da IA	Reforce a reserva e avalie aporte extra (1–2%) no Tesouro Selic.	enviado		2025-12-13 23:29:54.826+00	2025-12-13 23:29:54.831+00	2
282	whatsapp	TESTE_LOCAL	Dica financeira da IA	Reforce a reserva e avalie aporte extra (1–2%) no Tesouro Selic.	enviado		2025-12-14 01:31:07.058+00	2025-12-14 01:31:07.063+00	2
283	whatsapp	TESTE_LOCAL	Dica financeira da IA	Reforce a reserva e avalie aporte extra (1–2%) no Tesouro Selic.	enviado		2025-12-14 01:31:56.142+00	2025-12-14 01:31:56.147+00	2
284	whatsapp	TESTE_LOCAL	Dica financeira da IA	Reforce a reserva e avalie aporte extra (1–2%) no Tesouro Selic.	enviado		2025-12-14 23:33:28.516+00	2025-12-14 23:33:28.522+00	2
285	whatsapp	TESTE_LOCAL	Dica financeira da IA	Reforce a reserva e avalie aporte extra (1–2%) no Tesouro Selic.	enviado		2025-12-14 23:33:47.882+00	2025-12-14 23:33:47.886+00	2
286	whatsapp	TESTE_LOCAL	Dica financeira da IA	Reforce a reserva e avalie aporte extra (1–2%) no Tesouro Selic.	enviado		2025-12-15 01:31:06.791+00	2025-12-15 01:31:06.796+00	2
287	whatsapp	TESTE_LOCAL	Dica financeira da IA	Reforce a reserva e avalie aporte extra (1–2%) no Tesouro Selic.	enviado		2025-12-15 14:21:20.977+00	2025-12-15 14:21:20.984+00	2
288	whatsapp	TESTE_LOCAL	Dica financeira da IA	Reforce a reserva e avalie aporte extra (1–2%) no Tesouro Selic.	enviado		2025-12-15 14:21:29.17+00	2025-12-15 14:21:29.176+00	2
289	whatsapp	TESTE_LOCAL	Dica financeira da IA	Reforce a reserva e avalie aporte extra (1–2%) no Tesouro Selic.	enviado		2025-12-16 20:39:35.087+00	2025-12-16 20:39:35.093+00	2
290	telegram	6126423440	Dica financeira da IA	📊 *Dica Inteligente da IA*\nPeríodo analisado:  → \nTipo: ⚠️ Alerta\n\n💡 ALERTA de estoque CRÍTICO: o produto 'Cama pet' está com saldo de 0 unidade(s). Risco de perda de venda. Priorize a reposição imediatamente.\n\n_Spaço da Jhuséna — Inteligência Financeira_	enviado		2025-12-16 20:39:39.337+00	2025-12-16 20:39:51.319+00	2
291	whatsapp	TESTE_LOCAL	Dica financeira da IA	Reforce a reserva e avalie aporte extra (1–2%) no Tesouro Selic.	enviado		2025-12-17 15:22:44.95+00	2025-12-17 15:22:44.955+00	2
292	whatsapp	TESTE_LOCAL	Dica financeira da IA	Reforce a reserva e avalie aporte extra (1–2%) no Tesouro Selic.	enviado		2025-12-19 01:20:59.988+00	2025-12-19 01:20:59.994+00	2
293	whatsapp	TESTE_LOCAL	Dica financeira da IA	Reforce a reserva e avalie aporte extra (1–2%) no Tesouro Selic.	enviado		2025-12-19 02:39:24.268+00	2025-12-19 02:39:24.273+00	2
294	whatsapp	TESTE_LOCAL	Dica financeira da IA	Reforce a reserva e avalie aporte extra (1–2%) no Tesouro Selic.	enviado		2025-12-19 03:35:41.678+00	2025-12-19 03:35:41.683+00	2
295	whatsapp	TESTE_LOCAL	Dica financeira da IA	Reforce a reserva e avalie aporte extra (1–2%) no Tesouro Selic.	enviado		2025-12-19 03:35:42.768+00	2025-12-19 03:35:42.772+00	2
\.


--
-- Data for Name: produtos_produto; Type: TABLE DATA; Schema: public; Owner: spaco_jhusena_user
--

COPY public.produtos_produto (id, nome, codigo_barras, preco_venda, custo, estoque, categoria, unidade) FROM stdin;
1	Shampoo	fddd	50.00	20.00	10	limpesa	ml
\.


--
-- Data for Name: servicos_servico; Type: TABLE DATA; Schema: public; Owner: spaco_jhusena_user
--

COPY public.servicos_servico (id, nome, preco, duracao) FROM stdin;
2	Banho	50.00	00:00:30
3	Tosa	60.00	00:00:50
4	Banho & Tosa	70.00	00:00:32
\.


--
-- Data for Name: usuarios_usuario; Type: TABLE DATA; Schema: public; Owner: spaco_jhusena_user
--

COPY public.usuarios_usuario (id, nome) FROM stdin;
\.


--
-- Data for Name: vendas_itemvenda; Type: TABLE DATA; Schema: public; Owner: spaco_jhusena_user
--

COPY public.vendas_itemvenda (id, quantidade, preco_unitario, produto_id, venda_id) FROM stdin;
5	1.000	210.00	2	5
6	1.000	150.00	3	6
7	2.000	150.00	3	7
8	3.000	150.00	2	8
9	0.000	0.00	3	9
10	0.000	0.00	3	10
11	1.000	350.00	3	11
12	1.000	350.00	3	12
13	2.000	150.00	2	13
14	2.000	150.00	2	14
15	1.000	200.00	4	15
16	1.000	200.00	4	16
17	1.000	200.00	4	17
18	1.000	200.00	4	18
19	1.000	200.00	4	19
20	1.000	200.00	4	20
21	1.000	200.00	4	21
22	1.000	200.00	4	22
23	1.000	200.00	4	23
24	6.000	200.00	4	24
25	10.000	200.00	4	25
26	2.000	0.00	2	27
27	1.000	10.00	2	28
\.


--
-- Data for Name: vendas_venda; Type: TABLE DATA; Schema: public; Owner: spaco_jhusena_user
--

COPY public.vendas_venda (id, data, total, observacao) FROM stdin;
5	2025-11-17 19:12:34+00	210.00	Venda ração 1
6	2025-11-18 21:31:40+00	150.00	2 venda de teste
7	2025-11-18 21:41:55+00	300.00	3 venda teste
8	2025-11-22 00:55:42+00	450.00	venda 3 teste
9	2025-12-02 21:57:21+00	0.00	
10	2025-12-02 21:57:21+00	0.00	
11	2025-12-02 21:57:55+00	350.00	
12	2025-12-02 21:57:55+00	350.00	
13	2025-12-02 22:03:33+00	300.00	
14	2025-12-02 22:03:33+00	300.00	
15	2025-12-08 22:44:49+00	200.00	
16	2025-12-08 23:35:45+00	200.00	
17	2025-12-08 23:47:31+00	200.00	
18	2025-12-08 23:47:31+00	200.00	
19	2025-12-08 23:50:14+00	200.00	
20	2025-12-08 23:50:14+00	200.00	
21	2025-12-09 00:34:10+00	200.00	
22	2025-12-09 00:37:47+00	200.00	testando
23	2025-12-09 00:43:36+00	200.00	
24	2025-12-09 01:14:02+00	1200.00	
25	2025-12-09 15:07:17+00	2000.00	
26	2025-12-10 20:15:17.107+00	0.00	
27	2025-12-10 20:15:51.304+00	0.00	
28	2025-12-10 20:47:05.711+00	10.00	Teste FIFO automático no save
29	2025-12-14 01:09:29+00	0.00	
\.


--
-- Name: agendamentos_agendamento_id_seq; Type: SEQUENCE SET; Schema: public; Owner: spaco_jhusena_user
--

SELECT pg_catalog.setval('public.agendamentos_agendamento_id_seq', 23, true);


--
-- Name: auth_group_id_seq; Type: SEQUENCE SET; Schema: public; Owner: spaco_jhusena_user
--

SELECT pg_catalog.setval('public.auth_group_id_seq', 1, false);


--
-- Name: auth_group_permissions_id_seq; Type: SEQUENCE SET; Schema: public; Owner: spaco_jhusena_user
--

SELECT pg_catalog.setval('public.auth_group_permissions_id_seq', 1, false);


--
-- Name: auth_permission_id_seq; Type: SEQUENCE SET; Schema: public; Owner: spaco_jhusena_user
--

SELECT pg_catalog.setval('public.auth_permission_id_seq', 92, true);


--
-- Name: auth_user_groups_id_seq; Type: SEQUENCE SET; Schema: public; Owner: spaco_jhusena_user
--

SELECT pg_catalog.setval('public.auth_user_groups_id_seq', 1, false);


--
-- Name: auth_user_id_seq; Type: SEQUENCE SET; Schema: public; Owner: spaco_jhusena_user
--

SELECT pg_catalog.setval('public.auth_user_id_seq', 3, true);


--
-- Name: auth_user_user_permissions_id_seq; Type: SEQUENCE SET; Schema: public; Owner: spaco_jhusena_user
--

SELECT pg_catalog.setval('public.auth_user_user_permissions_id_seq', 1, false);


--
-- Name: django_admin_log_id_seq; Type: SEQUENCE SET; Schema: public; Owner: spaco_jhusena_user
--

SELECT pg_catalog.setval('public.django_admin_log_id_seq', 1, false);


--
-- Name: django_content_type_id_seq; Type: SEQUENCE SET; Schema: public; Owner: spaco_jhusena_user
--

SELECT pg_catalog.setval('public.django_content_type_id_seq', 23, true);


--
-- Name: django_migrations_id_seq; Type: SEQUENCE SET; Schema: public; Owner: spaco_jhusena_user
--

SELECT pg_catalog.setval('public.django_migrations_id_seq', 46, true);


--
-- Name: estoque_itemestoque_id_seq; Type: SEQUENCE SET; Schema: public; Owner: spaco_jhusena_user
--

SELECT pg_catalog.setval('public.estoque_itemestoque_id_seq', 1, true);


--
-- Name: estoque_loteproduto_id_seq; Type: SEQUENCE SET; Schema: public; Owner: spaco_jhusena_user
--

SELECT pg_catalog.setval('public.estoque_loteproduto_id_seq', 2, true);


--
-- Name: estoque_movimentoestoque_id_seq; Type: SEQUENCE SET; Schema: public; Owner: spaco_jhusena_user
--

SELECT pg_catalog.setval('public.estoque_movimentoestoque_id_seq', 41, true);


--
-- Name: estoque_produto_id_seq; Type: SEQUENCE SET; Schema: public; Owner: spaco_jhusena_user
--

SELECT pg_catalog.setval('public.estoque_produto_id_seq', 5, true);


--
-- Name: financeiro_historicoia_id_seq; Type: SEQUENCE SET; Schema: public; Owner: spaco_jhusena_user
--

SELECT pg_catalog.setval('public.financeiro_historicoia_id_seq', 32, true);


--
-- Name: financeiro_insight_id_seq; Type: SEQUENCE SET; Schema: public; Owner: spaco_jhusena_user
--

SELECT pg_catalog.setval('public.financeiro_insight_id_seq', 413, true);


--
-- Name: financeiro_recomendacaoia_id_seq; Type: SEQUENCE SET; Schema: public; Owner: spaco_jhusena_user
--

SELECT pg_catalog.setval('public.financeiro_recomendacaoia_id_seq', 1160, true);


--
-- Name: financeiro_transacao_id_seq; Type: SEQUENCE SET; Schema: public; Owner: spaco_jhusena_user
--

SELECT pg_catalog.setval('public.financeiro_transacao_id_seq', 75, true);


--
-- Name: notificacoes_canalnotificacaousuario_id_seq; Type: SEQUENCE SET; Schema: public; Owner: spaco_jhusena_user
--

SELECT pg_catalog.setval('public.notificacoes_canalnotificacaousuario_id_seq', 3, true);


--
-- Name: notificacoes_execucaoiaauto_id_seq; Type: SEQUENCE SET; Schema: public; Owner: spaco_jhusena_user
--

SELECT pg_catalog.setval('public.notificacoes_execucaoiaauto_id_seq', 1, true);


--
-- Name: notificacoes_notificacao_id_seq; Type: SEQUENCE SET; Schema: public; Owner: spaco_jhusena_user
--

SELECT pg_catalog.setval('public.notificacoes_notificacao_id_seq', 295, true);


--
-- Name: produtos_produto_id_seq; Type: SEQUENCE SET; Schema: public; Owner: spaco_jhusena_user
--

SELECT pg_catalog.setval('public.produtos_produto_id_seq', 1, true);


--
-- Name: servicos_servico_id_seq; Type: SEQUENCE SET; Schema: public; Owner: spaco_jhusena_user
--

SELECT pg_catalog.setval('public.servicos_servico_id_seq', 4, true);


--
-- Name: usuarios_usuario_id_seq; Type: SEQUENCE SET; Schema: public; Owner: spaco_jhusena_user
--

SELECT pg_catalog.setval('public.usuarios_usuario_id_seq', 1, false);


--
-- Name: vendas_itemvenda_id_seq; Type: SEQUENCE SET; Schema: public; Owner: spaco_jhusena_user
--

SELECT pg_catalog.setval('public.vendas_itemvenda_id_seq', 27, true);


--
-- Name: vendas_venda_id_seq; Type: SEQUENCE SET; Schema: public; Owner: spaco_jhusena_user
--

SELECT pg_catalog.setval('public.vendas_venda_id_seq', 29, true);


--
-- Name: agendamentos_agendamento agendamentos_agendamento_pkey; Type: CONSTRAINT; Schema: public; Owner: spaco_jhusena_user
--

ALTER TABLE ONLY public.agendamentos_agendamento
    ADD CONSTRAINT agendamentos_agendamento_pkey PRIMARY KEY (id);


--
-- Name: auth_group auth_group_name_key; Type: CONSTRAINT; Schema: public; Owner: spaco_jhusena_user
--

ALTER TABLE ONLY public.auth_group
    ADD CONSTRAINT auth_group_name_key UNIQUE (name);


--
-- Name: auth_group_permissions auth_group_permissions_group_id_permission_id_0cd325b0_uniq; Type: CONSTRAINT; Schema: public; Owner: spaco_jhusena_user
--

ALTER TABLE ONLY public.auth_group_permissions
    ADD CONSTRAINT auth_group_permissions_group_id_permission_id_0cd325b0_uniq UNIQUE (group_id, permission_id);


--
-- Name: auth_group_permissions auth_group_permissions_pkey; Type: CONSTRAINT; Schema: public; Owner: spaco_jhusena_user
--

ALTER TABLE ONLY public.auth_group_permissions
    ADD CONSTRAINT auth_group_permissions_pkey PRIMARY KEY (id);


--
-- Name: auth_group auth_group_pkey; Type: CONSTRAINT; Schema: public; Owner: spaco_jhusena_user
--

ALTER TABLE ONLY public.auth_group
    ADD CONSTRAINT auth_group_pkey PRIMARY KEY (id);


--
-- Name: auth_permission auth_permission_content_type_id_codename_01ab375a_uniq; Type: CONSTRAINT; Schema: public; Owner: spaco_jhusena_user
--

ALTER TABLE ONLY public.auth_permission
    ADD CONSTRAINT auth_permission_content_type_id_codename_01ab375a_uniq UNIQUE (content_type_id, codename);


--
-- Name: auth_permission auth_permission_pkey; Type: CONSTRAINT; Schema: public; Owner: spaco_jhusena_user
--

ALTER TABLE ONLY public.auth_permission
    ADD CONSTRAINT auth_permission_pkey PRIMARY KEY (id);


--
-- Name: auth_user_groups auth_user_groups_pkey; Type: CONSTRAINT; Schema: public; Owner: spaco_jhusena_user
--

ALTER TABLE ONLY public.auth_user_groups
    ADD CONSTRAINT auth_user_groups_pkey PRIMARY KEY (id);


--
-- Name: auth_user_groups auth_user_groups_user_id_group_id_94350c0c_uniq; Type: CONSTRAINT; Schema: public; Owner: spaco_jhusena_user
--

ALTER TABLE ONLY public.auth_user_groups
    ADD CONSTRAINT auth_user_groups_user_id_group_id_94350c0c_uniq UNIQUE (user_id, group_id);


--
-- Name: auth_user auth_user_pkey; Type: CONSTRAINT; Schema: public; Owner: spaco_jhusena_user
--

ALTER TABLE ONLY public.auth_user
    ADD CONSTRAINT auth_user_pkey PRIMARY KEY (id);


--
-- Name: auth_user_user_permissions auth_user_user_permissions_pkey; Type: CONSTRAINT; Schema: public; Owner: spaco_jhusena_user
--

ALTER TABLE ONLY public.auth_user_user_permissions
    ADD CONSTRAINT auth_user_user_permissions_pkey PRIMARY KEY (id);


--
-- Name: auth_user_user_permissions auth_user_user_permissions_user_id_permission_id_14a6b632_uniq; Type: CONSTRAINT; Schema: public; Owner: spaco_jhusena_user
--

ALTER TABLE ONLY public.auth_user_user_permissions
    ADD CONSTRAINT auth_user_user_permissions_user_id_permission_id_14a6b632_uniq UNIQUE (user_id, permission_id);


--
-- Name: auth_user auth_user_username_key; Type: CONSTRAINT; Schema: public; Owner: spaco_jhusena_user
--

ALTER TABLE ONLY public.auth_user
    ADD CONSTRAINT auth_user_username_key UNIQUE (username);


--
-- Name: django_admin_log django_admin_log_pkey; Type: CONSTRAINT; Schema: public; Owner: spaco_jhusena_user
--

ALTER TABLE ONLY public.django_admin_log
    ADD CONSTRAINT django_admin_log_pkey PRIMARY KEY (id);


--
-- Name: django_content_type django_content_type_app_label_model_76bd3d3b_uniq; Type: CONSTRAINT; Schema: public; Owner: spaco_jhusena_user
--

ALTER TABLE ONLY public.django_content_type
    ADD CONSTRAINT django_content_type_app_label_model_76bd3d3b_uniq UNIQUE (app_label, model);


--
-- Name: django_content_type django_content_type_pkey; Type: CONSTRAINT; Schema: public; Owner: spaco_jhusena_user
--

ALTER TABLE ONLY public.django_content_type
    ADD CONSTRAINT django_content_type_pkey PRIMARY KEY (id);


--
-- Name: django_migrations django_migrations_pkey; Type: CONSTRAINT; Schema: public; Owner: spaco_jhusena_user
--

ALTER TABLE ONLY public.django_migrations
    ADD CONSTRAINT django_migrations_pkey PRIMARY KEY (id);


--
-- Name: django_session django_session_pkey; Type: CONSTRAINT; Schema: public; Owner: spaco_jhusena_user
--

ALTER TABLE ONLY public.django_session
    ADD CONSTRAINT django_session_pkey PRIMARY KEY (session_key);


--
-- Name: estoque_itemestoque estoque_itemestoque_pkey; Type: CONSTRAINT; Schema: public; Owner: spaco_jhusena_user
--

ALTER TABLE ONLY public.estoque_itemestoque
    ADD CONSTRAINT estoque_itemestoque_pkey PRIMARY KEY (id);


--
-- Name: estoque_loteproduto estoque_loteproduto_pkey; Type: CONSTRAINT; Schema: public; Owner: spaco_jhusena_user
--

ALTER TABLE ONLY public.estoque_loteproduto
    ADD CONSTRAINT estoque_loteproduto_pkey PRIMARY KEY (id);


--
-- Name: estoque_movimentoestoque estoque_movimentoestoque_pkey; Type: CONSTRAINT; Schema: public; Owner: spaco_jhusena_user
--

ALTER TABLE ONLY public.estoque_movimentoestoque
    ADD CONSTRAINT estoque_movimentoestoque_pkey PRIMARY KEY (id);


--
-- Name: estoque_produto estoque_produto_pkey; Type: CONSTRAINT; Schema: public; Owner: spaco_jhusena_user
--

ALTER TABLE ONLY public.estoque_produto
    ADD CONSTRAINT estoque_produto_pkey PRIMARY KEY (id);


--
-- Name: financeiro_historicoia financeiro_historicoia_pkey; Type: CONSTRAINT; Schema: public; Owner: spaco_jhusena_user
--

ALTER TABLE ONLY public.financeiro_historicoia
    ADD CONSTRAINT financeiro_historicoia_pkey PRIMARY KEY (id);


--
-- Name: financeiro_insight financeiro_insight_pkey; Type: CONSTRAINT; Schema: public; Owner: spaco_jhusena_user
--

ALTER TABLE ONLY public.financeiro_insight
    ADD CONSTRAINT financeiro_insight_pkey PRIMARY KEY (id);


--
-- Name: financeiro_recomendacaoia financeiro_recomendacaoia_pkey; Type: CONSTRAINT; Schema: public; Owner: spaco_jhusena_user
--

ALTER TABLE ONLY public.financeiro_recomendacaoia
    ADD CONSTRAINT financeiro_recomendacaoia_pkey PRIMARY KEY (id);


--
-- Name: financeiro_transacao financeiro_transacao_pkey; Type: CONSTRAINT; Schema: public; Owner: spaco_jhusena_user
--

ALTER TABLE ONLY public.financeiro_transacao
    ADD CONSTRAINT financeiro_transacao_pkey PRIMARY KEY (id);


--
-- Name: notificacoes_canalnotificacaousuario notificacoes_canalnotifi_usuario_id_canal_ativo_ac065a42_uniq; Type: CONSTRAINT; Schema: public; Owner: spaco_jhusena_user
--

ALTER TABLE ONLY public.notificacoes_canalnotificacaousuario
    ADD CONSTRAINT notificacoes_canalnotifi_usuario_id_canal_ativo_ac065a42_uniq UNIQUE (usuario_id, canal, ativo);


--
-- Name: notificacoes_canalnotificacaousuario notificacoes_canalnotificacaousuario_pkey; Type: CONSTRAINT; Schema: public; Owner: spaco_jhusena_user
--

ALTER TABLE ONLY public.notificacoes_canalnotificacaousuario
    ADD CONSTRAINT notificacoes_canalnotificacaousuario_pkey PRIMARY KEY (id);


--
-- Name: notificacoes_execucaoiaauto notificacoes_execucaoiaauto_pkey; Type: CONSTRAINT; Schema: public; Owner: spaco_jhusena_user
--

ALTER TABLE ONLY public.notificacoes_execucaoiaauto
    ADD CONSTRAINT notificacoes_execucaoiaauto_pkey PRIMARY KEY (id);


--
-- Name: notificacoes_notificacao notificacoes_notificacao_pkey; Type: CONSTRAINT; Schema: public; Owner: spaco_jhusena_user
--

ALTER TABLE ONLY public.notificacoes_notificacao
    ADD CONSTRAINT notificacoes_notificacao_pkey PRIMARY KEY (id);


--
-- Name: produtos_produto produtos_produto_codigo_barras_key; Type: CONSTRAINT; Schema: public; Owner: spaco_jhusena_user
--

ALTER TABLE ONLY public.produtos_produto
    ADD CONSTRAINT produtos_produto_codigo_barras_key UNIQUE (codigo_barras);


--
-- Name: produtos_produto produtos_produto_pkey; Type: CONSTRAINT; Schema: public; Owner: spaco_jhusena_user
--

ALTER TABLE ONLY public.produtos_produto
    ADD CONSTRAINT produtos_produto_pkey PRIMARY KEY (id);


--
-- Name: servicos_servico servicos_servico_pkey; Type: CONSTRAINT; Schema: public; Owner: spaco_jhusena_user
--

ALTER TABLE ONLY public.servicos_servico
    ADD CONSTRAINT servicos_servico_pkey PRIMARY KEY (id);


--
-- Name: usuarios_usuario usuarios_usuario_pkey; Type: CONSTRAINT; Schema: public; Owner: spaco_jhusena_user
--

ALTER TABLE ONLY public.usuarios_usuario
    ADD CONSTRAINT usuarios_usuario_pkey PRIMARY KEY (id);


--
-- Name: vendas_itemvenda vendas_itemvenda_pkey; Type: CONSTRAINT; Schema: public; Owner: spaco_jhusena_user
--

ALTER TABLE ONLY public.vendas_itemvenda
    ADD CONSTRAINT vendas_itemvenda_pkey PRIMARY KEY (id);


--
-- Name: vendas_venda vendas_venda_pkey; Type: CONSTRAINT; Schema: public; Owner: spaco_jhusena_user
--

ALTER TABLE ONLY public.vendas_venda
    ADD CONSTRAINT vendas_venda_pkey PRIMARY KEY (id);


--
-- Name: agendamentos_agendamento_servico_id_f2145bc0; Type: INDEX; Schema: public; Owner: spaco_jhusena_user
--

CREATE INDEX agendamentos_agendamento_servico_id_f2145bc0 ON public.agendamentos_agendamento USING btree (servico_id);


--
-- Name: auth_group_name_a6ea08ec_like; Type: INDEX; Schema: public; Owner: spaco_jhusena_user
--

CREATE INDEX auth_group_name_a6ea08ec_like ON public.auth_group USING btree (name varchar_pattern_ops);


--
-- Name: auth_group_permissions_group_id_b120cbf9; Type: INDEX; Schema: public; Owner: spaco_jhusena_user
--

CREATE INDEX auth_group_permissions_group_id_b120cbf9 ON public.auth_group_permissions USING btree (group_id);


--
-- Name: auth_group_permissions_permission_id_84c5c92e; Type: INDEX; Schema: public; Owner: spaco_jhusena_user
--

CREATE INDEX auth_group_permissions_permission_id_84c5c92e ON public.auth_group_permissions USING btree (permission_id);


--
-- Name: auth_permission_content_type_id_2f476e4b; Type: INDEX; Schema: public; Owner: spaco_jhusena_user
--

CREATE INDEX auth_permission_content_type_id_2f476e4b ON public.auth_permission USING btree (content_type_id);


--
-- Name: auth_user_groups_group_id_97559544; Type: INDEX; Schema: public; Owner: spaco_jhusena_user
--

CREATE INDEX auth_user_groups_group_id_97559544 ON public.auth_user_groups USING btree (group_id);


--
-- Name: auth_user_groups_user_id_6a12ed8b; Type: INDEX; Schema: public; Owner: spaco_jhusena_user
--

CREATE INDEX auth_user_groups_user_id_6a12ed8b ON public.auth_user_groups USING btree (user_id);


--
-- Name: auth_user_user_permissions_permission_id_1fbb5f2c; Type: INDEX; Schema: public; Owner: spaco_jhusena_user
--

CREATE INDEX auth_user_user_permissions_permission_id_1fbb5f2c ON public.auth_user_user_permissions USING btree (permission_id);


--
-- Name: auth_user_user_permissions_user_id_a95ead1b; Type: INDEX; Schema: public; Owner: spaco_jhusena_user
--

CREATE INDEX auth_user_user_permissions_user_id_a95ead1b ON public.auth_user_user_permissions USING btree (user_id);


--
-- Name: auth_user_username_6821ab7c_like; Type: INDEX; Schema: public; Owner: spaco_jhusena_user
--

CREATE INDEX auth_user_username_6821ab7c_like ON public.auth_user USING btree (username varchar_pattern_ops);


--
-- Name: django_admin_log_content_type_id_c4bce8eb; Type: INDEX; Schema: public; Owner: spaco_jhusena_user
--

CREATE INDEX django_admin_log_content_type_id_c4bce8eb ON public.django_admin_log USING btree (content_type_id);


--
-- Name: django_admin_log_user_id_c564eba6; Type: INDEX; Schema: public; Owner: spaco_jhusena_user
--

CREATE INDEX django_admin_log_user_id_c564eba6 ON public.django_admin_log USING btree (user_id);


--
-- Name: django_session_expire_date_a5c62663; Type: INDEX; Schema: public; Owner: spaco_jhusena_user
--

CREATE INDEX django_session_expire_date_a5c62663 ON public.django_session USING btree (expire_date);


--
-- Name: django_session_session_key_c0390e0f_like; Type: INDEX; Schema: public; Owner: spaco_jhusena_user
--

CREATE INDEX django_session_session_key_c0390e0f_like ON public.django_session USING btree (session_key varchar_pattern_ops);


--
-- Name: estoque_loteproduto_produto_id_85d0ece0; Type: INDEX; Schema: public; Owner: spaco_jhusena_user
--

CREATE INDEX estoque_loteproduto_produto_id_85d0ece0 ON public.estoque_loteproduto USING btree (produto_id);


--
-- Name: estoque_movimentoestoque_lote_id_f8a0b051; Type: INDEX; Schema: public; Owner: spaco_jhusena_user
--

CREATE INDEX estoque_movimentoestoque_lote_id_f8a0b051 ON public.estoque_movimentoestoque USING btree (lote_id);


--
-- Name: estoque_movimentoestoque_produto_id_accf41ff; Type: INDEX; Schema: public; Owner: spaco_jhusena_user
--

CREATE INDEX estoque_movimentoestoque_produto_id_accf41ff ON public.estoque_movimentoestoque USING btree (produto_id);


--
-- Name: financeiro_historicoia_usuario_id_425e7e38; Type: INDEX; Schema: public; Owner: spaco_jhusena_user
--

CREATE INDEX financeiro_historicoia_usuario_id_425e7e38 ON public.financeiro_historicoia USING btree (usuario_id);


--
-- Name: financeiro_insight_created_at_de22b026; Type: INDEX; Schema: public; Owner: spaco_jhusena_user
--

CREATE INDEX financeiro_insight_created_at_de22b026 ON public.financeiro_insight USING btree (created_at);


--
-- Name: financeiro_recomendacaoia_usuario_id_6e6b181c; Type: INDEX; Schema: public; Owner: spaco_jhusena_user
--

CREATE INDEX financeiro_recomendacaoia_usuario_id_6e6b181c ON public.financeiro_recomendacaoia USING btree (usuario_id);


--
-- Name: financeiro_transacao_venda_id_73d7e95f; Type: INDEX; Schema: public; Owner: spaco_jhusena_user
--

CREATE INDEX financeiro_transacao_venda_id_73d7e95f ON public.financeiro_transacao USING btree (venda_id);


--
-- Name: notificacoes_canalnotificacaousuario_usuario_id_e28dc25d; Type: INDEX; Schema: public; Owner: spaco_jhusena_user
--

CREATE INDEX notificacoes_canalnotificacaousuario_usuario_id_e28dc25d ON public.notificacoes_canalnotificacaousuario USING btree (usuario_id);


--
-- Name: notificacoes_execucaoiaauto_usuario_id_98b0c8bd; Type: INDEX; Schema: public; Owner: spaco_jhusena_user
--

CREATE INDEX notificacoes_execucaoiaauto_usuario_id_98b0c8bd ON public.notificacoes_execucaoiaauto USING btree (usuario_id);


--
-- Name: notificacoes_notificacao_usuario_id_808d460a; Type: INDEX; Schema: public; Owner: spaco_jhusena_user
--

CREATE INDEX notificacoes_notificacao_usuario_id_808d460a ON public.notificacoes_notificacao USING btree (usuario_id);


--
-- Name: produtos_produto_codigo_barras_36ffaa1d_like; Type: INDEX; Schema: public; Owner: spaco_jhusena_user
--

CREATE INDEX produtos_produto_codigo_barras_36ffaa1d_like ON public.produtos_produto USING btree (codigo_barras varchar_pattern_ops);


--
-- Name: vendas_itemvenda_produto_id_772b7565; Type: INDEX; Schema: public; Owner: spaco_jhusena_user
--

CREATE INDEX vendas_itemvenda_produto_id_772b7565 ON public.vendas_itemvenda USING btree (produto_id);


--
-- Name: vendas_itemvenda_venda_id_0fb46497; Type: INDEX; Schema: public; Owner: spaco_jhusena_user
--

CREATE INDEX vendas_itemvenda_venda_id_0fb46497 ON public.vendas_itemvenda USING btree (venda_id);


--
-- Name: agendamentos_agendamento agendamentos_agendam_servico_id_f2145bc0_fk_servicos_; Type: FK CONSTRAINT; Schema: public; Owner: spaco_jhusena_user
--

ALTER TABLE ONLY public.agendamentos_agendamento
    ADD CONSTRAINT agendamentos_agendam_servico_id_f2145bc0_fk_servicos_ FOREIGN KEY (servico_id) REFERENCES public.servicos_servico(id) DEFERRABLE INITIALLY DEFERRED;


--
-- Name: auth_group_permissions auth_group_permissio_permission_id_84c5c92e_fk_auth_perm; Type: FK CONSTRAINT; Schema: public; Owner: spaco_jhusena_user
--

ALTER TABLE ONLY public.auth_group_permissions
    ADD CONSTRAINT auth_group_permissio_permission_id_84c5c92e_fk_auth_perm FOREIGN KEY (permission_id) REFERENCES public.auth_permission(id) DEFERRABLE INITIALLY DEFERRED;


--
-- Name: auth_group_permissions auth_group_permissions_group_id_b120cbf9_fk_auth_group_id; Type: FK CONSTRAINT; Schema: public; Owner: spaco_jhusena_user
--

ALTER TABLE ONLY public.auth_group_permissions
    ADD CONSTRAINT auth_group_permissions_group_id_b120cbf9_fk_auth_group_id FOREIGN KEY (group_id) REFERENCES public.auth_group(id) DEFERRABLE INITIALLY DEFERRED;


--
-- Name: auth_permission auth_permission_content_type_id_2f476e4b_fk_django_co; Type: FK CONSTRAINT; Schema: public; Owner: spaco_jhusena_user
--

ALTER TABLE ONLY public.auth_permission
    ADD CONSTRAINT auth_permission_content_type_id_2f476e4b_fk_django_co FOREIGN KEY (content_type_id) REFERENCES public.django_content_type(id) DEFERRABLE INITIALLY DEFERRED;


--
-- Name: auth_user_groups auth_user_groups_group_id_97559544_fk_auth_group_id; Type: FK CONSTRAINT; Schema: public; Owner: spaco_jhusena_user
--

ALTER TABLE ONLY public.auth_user_groups
    ADD CONSTRAINT auth_user_groups_group_id_97559544_fk_auth_group_id FOREIGN KEY (group_id) REFERENCES public.auth_group(id) DEFERRABLE INITIALLY DEFERRED;


--
-- Name: auth_user_groups auth_user_groups_user_id_6a12ed8b_fk_auth_user_id; Type: FK CONSTRAINT; Schema: public; Owner: spaco_jhusena_user
--

ALTER TABLE ONLY public.auth_user_groups
    ADD CONSTRAINT auth_user_groups_user_id_6a12ed8b_fk_auth_user_id FOREIGN KEY (user_id) REFERENCES public.auth_user(id) DEFERRABLE INITIALLY DEFERRED;


--
-- Name: auth_user_user_permissions auth_user_user_permi_permission_id_1fbb5f2c_fk_auth_perm; Type: FK CONSTRAINT; Schema: public; Owner: spaco_jhusena_user
--

ALTER TABLE ONLY public.auth_user_user_permissions
    ADD CONSTRAINT auth_user_user_permi_permission_id_1fbb5f2c_fk_auth_perm FOREIGN KEY (permission_id) REFERENCES public.auth_permission(id) DEFERRABLE INITIALLY DEFERRED;


--
-- Name: auth_user_user_permissions auth_user_user_permissions_user_id_a95ead1b_fk_auth_user_id; Type: FK CONSTRAINT; Schema: public; Owner: spaco_jhusena_user
--

ALTER TABLE ONLY public.auth_user_user_permissions
    ADD CONSTRAINT auth_user_user_permissions_user_id_a95ead1b_fk_auth_user_id FOREIGN KEY (user_id) REFERENCES public.auth_user(id) DEFERRABLE INITIALLY DEFERRED;


--
-- Name: django_admin_log django_admin_log_content_type_id_c4bce8eb_fk_django_co; Type: FK CONSTRAINT; Schema: public; Owner: spaco_jhusena_user
--

ALTER TABLE ONLY public.django_admin_log
    ADD CONSTRAINT django_admin_log_content_type_id_c4bce8eb_fk_django_co FOREIGN KEY (content_type_id) REFERENCES public.django_content_type(id) DEFERRABLE INITIALLY DEFERRED;


--
-- Name: django_admin_log django_admin_log_user_id_c564eba6_fk_auth_user_id; Type: FK CONSTRAINT; Schema: public; Owner: spaco_jhusena_user
--

ALTER TABLE ONLY public.django_admin_log
    ADD CONSTRAINT django_admin_log_user_id_c564eba6_fk_auth_user_id FOREIGN KEY (user_id) REFERENCES public.auth_user(id) DEFERRABLE INITIALLY DEFERRED;


--
-- Name: estoque_loteproduto estoque_loteproduto_produto_id_85d0ece0_fk_estoque_produto_id; Type: FK CONSTRAINT; Schema: public; Owner: spaco_jhusena_user
--

ALTER TABLE ONLY public.estoque_loteproduto
    ADD CONSTRAINT estoque_loteproduto_produto_id_85d0ece0_fk_estoque_produto_id FOREIGN KEY (produto_id) REFERENCES public.estoque_produto(id) DEFERRABLE INITIALLY DEFERRED;


--
-- Name: estoque_movimentoestoque estoque_movimentoest_lote_id_f8a0b051_fk_estoque_l; Type: FK CONSTRAINT; Schema: public; Owner: spaco_jhusena_user
--

ALTER TABLE ONLY public.estoque_movimentoestoque
    ADD CONSTRAINT estoque_movimentoest_lote_id_f8a0b051_fk_estoque_l FOREIGN KEY (lote_id) REFERENCES public.estoque_loteproduto(id) DEFERRABLE INITIALLY DEFERRED;


--
-- Name: estoque_movimentoestoque estoque_movimentoest_produto_id_accf41ff_fk_estoque_p; Type: FK CONSTRAINT; Schema: public; Owner: spaco_jhusena_user
--

ALTER TABLE ONLY public.estoque_movimentoestoque
    ADD CONSTRAINT estoque_movimentoest_produto_id_accf41ff_fk_estoque_p FOREIGN KEY (produto_id) REFERENCES public.estoque_produto(id) DEFERRABLE INITIALLY DEFERRED;


--
-- Name: financeiro_historicoia financeiro_historicoia_usuario_id_425e7e38_fk_auth_user_id; Type: FK CONSTRAINT; Schema: public; Owner: spaco_jhusena_user
--

ALTER TABLE ONLY public.financeiro_historicoia
    ADD CONSTRAINT financeiro_historicoia_usuario_id_425e7e38_fk_auth_user_id FOREIGN KEY (usuario_id) REFERENCES public.auth_user(id) DEFERRABLE INITIALLY DEFERRED;


--
-- Name: financeiro_recomendacaoia financeiro_recomendacaoia_usuario_id_6e6b181c_fk_auth_user_id; Type: FK CONSTRAINT; Schema: public; Owner: spaco_jhusena_user
--

ALTER TABLE ONLY public.financeiro_recomendacaoia
    ADD CONSTRAINT financeiro_recomendacaoia_usuario_id_6e6b181c_fk_auth_user_id FOREIGN KEY (usuario_id) REFERENCES public.auth_user(id) DEFERRABLE INITIALLY DEFERRED;


--
-- Name: financeiro_transacao financeiro_transacao_venda_id_73d7e95f_fk_vendas_venda_id; Type: FK CONSTRAINT; Schema: public; Owner: spaco_jhusena_user
--

ALTER TABLE ONLY public.financeiro_transacao
    ADD CONSTRAINT financeiro_transacao_venda_id_73d7e95f_fk_vendas_venda_id FOREIGN KEY (venda_id) REFERENCES public.vendas_venda(id) DEFERRABLE INITIALLY DEFERRED;


--
-- Name: notificacoes_canalnotificacaousuario notificacoes_canalno_usuario_id_e28dc25d_fk_auth_user; Type: FK CONSTRAINT; Schema: public; Owner: spaco_jhusena_user
--

ALTER TABLE ONLY public.notificacoes_canalnotificacaousuario
    ADD CONSTRAINT notificacoes_canalno_usuario_id_e28dc25d_fk_auth_user FOREIGN KEY (usuario_id) REFERENCES public.auth_user(id) DEFERRABLE INITIALLY DEFERRED;


--
-- Name: notificacoes_execucaoiaauto notificacoes_execucaoiaauto_usuario_id_98b0c8bd_fk_auth_user_id; Type: FK CONSTRAINT; Schema: public; Owner: spaco_jhusena_user
--

ALTER TABLE ONLY public.notificacoes_execucaoiaauto
    ADD CONSTRAINT notificacoes_execucaoiaauto_usuario_id_98b0c8bd_fk_auth_user_id FOREIGN KEY (usuario_id) REFERENCES public.auth_user(id) DEFERRABLE INITIALLY DEFERRED;


--
-- Name: notificacoes_notificacao notificacoes_notificacao_usuario_id_808d460a_fk_auth_user_id; Type: FK CONSTRAINT; Schema: public; Owner: spaco_jhusena_user
--

ALTER TABLE ONLY public.notificacoes_notificacao
    ADD CONSTRAINT notificacoes_notificacao_usuario_id_808d460a_fk_auth_user_id FOREIGN KEY (usuario_id) REFERENCES public.auth_user(id) DEFERRABLE INITIALLY DEFERRED;


--
-- Name: vendas_itemvenda vendas_itemvenda_produto_id_772b7565_fk_estoque_produto_id; Type: FK CONSTRAINT; Schema: public; Owner: spaco_jhusena_user
--

ALTER TABLE ONLY public.vendas_itemvenda
    ADD CONSTRAINT vendas_itemvenda_produto_id_772b7565_fk_estoque_produto_id FOREIGN KEY (produto_id) REFERENCES public.estoque_produto(id) DEFERRABLE INITIALLY DEFERRED;


--
-- Name: vendas_itemvenda vendas_itemvenda_venda_id_0fb46497_fk_vendas_venda_id; Type: FK CONSTRAINT; Schema: public; Owner: spaco_jhusena_user
--

ALTER TABLE ONLY public.vendas_itemvenda
    ADD CONSTRAINT vendas_itemvenda_venda_id_0fb46497_fk_vendas_venda_id FOREIGN KEY (venda_id) REFERENCES public.vendas_venda(id) DEFERRABLE INITIALLY DEFERRED;


--
-- Name: DEFAULT PRIVILEGES FOR SEQUENCES; Type: DEFAULT ACL; Schema: -; Owner: postgres
--

ALTER DEFAULT PRIVILEGES FOR ROLE postgres GRANT ALL ON SEQUENCES TO spaco_jhusena_user;


--
-- Name: DEFAULT PRIVILEGES FOR TYPES; Type: DEFAULT ACL; Schema: -; Owner: postgres
--

ALTER DEFAULT PRIVILEGES FOR ROLE postgres GRANT ALL ON TYPES TO spaco_jhusena_user;


--
-- Name: DEFAULT PRIVILEGES FOR FUNCTIONS; Type: DEFAULT ACL; Schema: -; Owner: postgres
--

ALTER DEFAULT PRIVILEGES FOR ROLE postgres GRANT ALL ON FUNCTIONS TO spaco_jhusena_user;


--
-- Name: DEFAULT PRIVILEGES FOR TABLES; Type: DEFAULT ACL; Schema: -; Owner: postgres
--

ALTER DEFAULT PRIVILEGES FOR ROLE postgres GRANT ALL ON TABLES TO spaco_jhusena_user;


--
-- PostgreSQL database dump complete
--

\unrestrict E2ZZccWQiY9IHIeTcfAUV3t49UWLuutnzRFoAKhOF4Dsb7kyrq1SgQrOpnF3qha

